time_us,event,node_id,packet_id,details_json
0,voice_frame_generated,1,1,"{""sequence"": 0}"
0,tx_start,1,1,"{""airtime_us"": 1316}"
500,voice_frame_generated,2,2,"{""sequence"": 0}"
500,collision_detected,2,2,"{""with_packet_id"": 1}"
500,tx_start,2,2,"{""airtime_us"": 1316}"
1000,voice_frame_generated,3,3,"{""sequence"": 0}"
1000,collision_detected,3,3,"{""with_packet_id"": 1}"
1000,collision_detected,3,3,"{""with_packet_id"": 2}"
1000,tx_start,3,3,"{""airtime_us"": 1316}"
1316,packet_collided,1,1,{}
1500,voice_frame_generated,4,4,"{""sequence"": 0}"
1500,collision_detected,4,4,"{""with_packet_id"": 2}"
1500,collision_detected,4,4,"{""with_packet_id"": 3}"
1500,tx_start,4,4,"{""airtime_us"": 1316}"
1816,packet_collided,2,2,{}
2000,voice_frame_generated,5,5,"{""sequence"": 0}"
2000,collision_detected,5,5,"{""with_packet_id"": 3}"
2000,collision_detected,5,5,"{""with_packet_id"": 4}"
2000,tx_start,5,5,"{""airtime_us"": 1316}"
2316,packet_collided,3,3,{}
2500,voice_frame_generated,6,6,"{""sequence"": 0}"
2500,collision_detected,6,6,"{""with_packet_id"": 4}"
2500,collision_detected,6,6,"{""with_packet_id"": 5}"
2500,tx_start,6,6,"{""airtime_us"": 1316}"
2816,packet_collided,4,4,{}
3316,packet_collided,5,5,{}
3816,packet_collided,6,6,{}
20000,voice_frame_generated,1,7,"{""sequence"": 1}"
20000,tx_start,1,7,"{""airtime_us"": 1316}"
20500,voice_frame_generated,2,8,"{""sequence"": 1}"
20500,collision_detected,2,8,"{""with_packet_id"": 7}"
20500,tx_start,2,8,"{""airtime_us"": 1316}"
21000,voice_frame_generated,3,9,"{""sequence"": 1}"
21000,collision_detected,3,9,"{""with_packet_id"": 7}"
21000,collision_detected,3,9,"{""with_packet_id"": 8}"
21000,tx_start,3,9,"{""airtime_us"": 1316}"
21316,packet_collided,1,7,{}
21500,voice_frame_generated,4,10,"{""sequence"": 1}"
21500,collision_detected,4,10,"{""with_packet_id"": 8}"
21500,collision_detected,4,10,"{""with_packet_id"": 9}"
21500,tx_start,4,10,"{""airtime_us"": 1316}"
21816,packet_collided,2,8,{}
22000,voice_frame_generated,5,11,"{""sequence"": 1}"
22000,collision_detected,5,11,"{""with_packet_id"": 9}"
22000,collision_detected,5,11,"{""with_packet_id"": 10}"
22000,tx_start,5,11,"{""airtime_us"": 1316}"
22316,packet_collided,3,9,{}
22500,voice_frame_generated,6,12,"{""sequence"": 1}"
22500,collision_detected,6,12,"{""with_packet_id"": 10}"
22500,collision_detected,6,12,"{""with_packet_id"": 11}"
22500,tx_start,6,12,"{""airtime_us"": 1316}"
22816,packet_collided,4,10,{}
23316,packet_collided,5,11,{}
23816,packet_collided,6,12,{}
40000,voice_frame_generated,1,13,"{""sequence"": 2}"
40000,tx_start,1,13,"{""airtime_us"": 1316}"
40500,voice_frame_generated,2,14,"{""sequence"": 2}"
40500,collision_detected,2,14,"{""with_packet_id"": 13}"
40500,tx_start,2,14,"{""airtime_us"": 1316}"
41000,voice_frame_generated,3,15,"{""sequence"": 2}"
41000,collision_detected,3,15,"{""with_packet_id"": 13}"
41000,collision_detected,3,15,"{""with_packet_id"": 14}"
41000,tx_start,3,15,"{""airtime_us"": 1316}"
41316,packet_collided,1,13,{}
41500,voice_frame_generated,4,16,"{""sequence"": 2}"
41500,collision_detected,4,16,"{""with_packet_id"": 14}"
41500,collision_detected,4,16,"{""with_packet_id"": 15}"
41500,tx_start,4,16,"{""airtime_us"": 1316}"
41816,packet_collided,2,14,{}
42000,voice_frame_generated,5,17,"{""sequence"": 2}"
42000,collision_detected,5,17,"{""with_packet_id"": 15}"
42000,collision_detected,5,17,"{""with_packet_id"": 16}"
42000,tx_start,5,17,"{""airtime_us"": 1316}"
42316,packet_collided,3,15,{}
42500,voice_frame_generated,6,18,"{""sequence"": 2}"
42500,collision_detected,6,18,"{""with_packet_id"": 16}"
42500,collision_detected,6,18,"{""with_packet_id"": 17}"
42500,tx_start,6,18,"{""airtime_us"": 1316}"
42816,packet_collided,4,16,{}
43316,packet_collided,5,17,{}
43816,packet_collided,6,18,{}
60000,voice_frame_generated,1,19,"{""sequence"": 3}"
60000,tx_start,1,19,"{""airtime_us"": 1316}"
60500,voice_frame_generated,2,20,"{""sequence"": 3}"
60500,collision_detected,2,20,"{""with_packet_id"": 19}"
60500,tx_start,2,20,"{""airtime_us"": 1316}"
61000,voice_frame_generated,3,21,"{""sequence"": 3}"
61000,collision_detected,3,21,"{""with_packet_id"": 19}"
61000,collision_detected,3,21,"{""with_packet_id"": 20}"
61000,tx_start,3,21,"{""airtime_us"": 1316}"
61316,packet_collided,1,19,{}
61500,voice_frame_generated,4,22,"{""sequence"": 3}"
61500,collision_detected,4,22,"{""with_packet_id"": 20}"
61500,collision_detected,4,22,"{""with_packet_id"": 21}"
61500,tx_start,4,22,"{""airtime_us"": 1316}"
61816,packet_collided,2,20,{}
62000,voice_frame_generated,5,23,"{""sequence"": 3}"
62000,collision_detected,5,23,"{""with_packet_id"": 21}"
62000,collision_detected,5,23,"{""with_packet_id"": 22}"
62000,tx_start,5,23,"{""airtime_us"": 1316}"
62316,packet_collided,3,21,{}
62500,voice_frame_generated,6,24,"{""sequence"": 3}"
62500,collision_detected,6,24,"{""with_packet_id"": 22}"
62500,collision_detected,6,24,"{""with_packet_id"": 23}"
62500,tx_start,6,24,"{""airtime_us"": 1316}"
62816,packet_collided,4,22,{}
63316,packet_collided,5,23,{}
63816,packet_collided,6,24,{}
80000,voice_frame_generated,1,25,"{""sequence"": 4}"
80000,tx_start,1,25,"{""airtime_us"": 1316}"
80500,voice_frame_generated,2,26,"{""sequence"": 4}"
80500,collision_detected,2,26,"{""with_packet_id"": 25}"
80500,tx_start,2,26,"{""airtime_us"": 1316}"
81000,voice_frame_generated,3,27,"{""sequence"": 4}"
81000,collision_detected,3,27,"{""with_packet_id"": 25}"
81000,collision_detected,3,27,"{""with_packet_id"": 26}"
81000,tx_start,3,27,"{""airtime_us"": 1316}"
81316,packet_collided,1,25,{}
81500,voice_frame_generated,4,28,"{""sequence"": 4}"
81500,collision_detected,4,28,"{""with_packet_id"": 26}"
81500,collision_detected,4,28,"{""with_packet_id"": 27}"
81500,tx_start,4,28,"{""airtime_us"": 1316}"
81816,packet_collided,2,26,{}
82000,voice_frame_generated,5,29,"{""sequence"": 4}"
82000,collision_detected,5,29,"{""with_packet_id"": 27}"
82000,collision_detected,5,29,"{""with_packet_id"": 28}"
82000,tx_start,5,29,"{""airtime_us"": 1316}"
82316,packet_collided,3,27,{}
82500,voice_frame_generated,6,30,"{""sequence"": 4}"
82500,collision_detected,6,30,"{""with_packet_id"": 28}"
82500,collision_detected,6,30,"{""with_packet_id"": 29}"
82500,tx_start,6,30,"{""airtime_us"": 1316}"
82816,packet_collided,4,28,{}
83316,packet_collided,5,29,{}
83816,packet_collided,6,30,{}
100000,voice_frame_generated,1,31,"{""sequence"": 5}"
100000,tx_start,1,31,"{""airtime_us"": 1316}"
100500,voice_frame_generated,2,32,"{""sequence"": 5}"
100500,collision_detected,2,32,"{""with_packet_id"": 31}"
100500,tx_start,2,32,"{""airtime_us"": 1316}"
101000,voice_frame_generated,3,33,"{""sequence"": 5}"
101000,collision_detected,3,33,"{""with_packet_id"": 31}"
101000,collision_detected,3,33,"{""with_packet_id"": 32}"
101000,tx_start,3,33,"{""airtime_us"": 1316}"
101316,packet_collided,1,31,{}
101500,voice_frame_generated,4,34,"{""sequence"": 5}"
101500,collision_detected,4,34,"{""with_packet_id"": 32}"
101500,collision_detected,4,34,"{""with_packet_id"": 33}"
101500,tx_start,4,34,"{""airtime_us"": 1316}"
101816,packet_collided,2,32,{}
102000,voice_frame_generated,5,35,"{""sequence"": 5}"
102000,collision_detected,5,35,"{""with_packet_id"": 33}"
102000,collision_detected,5,35,"{""with_packet_id"": 34}"
102000,tx_start,5,35,"{""airtime_us"": 1316}"
102316,packet_collided,3,33,{}
102500,voice_frame_generated,6,36,"{""sequence"": 5}"
102500,collision_detected,6,36,"{""with_packet_id"": 34}"
102500,collision_detected,6,36,"{""with_packet_id"": 35}"
102500,tx_start,6,36,"{""airtime_us"": 1316}"
102816,packet_collided,4,34,{}
103316,packet_collided,5,35,{}
103816,packet_collided,6,36,{}
120000,voice_frame_generated,1,37,"{""sequence"": 6}"
120000,tx_start,1,37,"{""airtime_us"": 1316}"
120500,voice_frame_generated,2,38,"{""sequence"": 6}"
120500,collision_detected,2,38,"{""with_packet_id"": 37}"
120500,tx_start,2,38,"{""airtime_us"": 1316}"
121000,voice_frame_generated,3,39,"{""sequence"": 6}"
121000,collision_detected,3,39,"{""with_packet_id"": 37}"
121000,collision_detected,3,39,"{""with_packet_id"": 38}"
121000,tx_start,3,39,"{""airtime_us"": 1316}"
121316,packet_collided,1,37,{}
121500,voice_frame_generated,4,40,"{""sequence"": 6}"
121500,collision_detected,4,40,"{""with_packet_id"": 38}"
121500,collision_detected,4,40,"{""with_packet_id"": 39}"
121500,tx_start,4,40,"{""airtime_us"": 1316}"
121816,packet_collided,2,38,{}
122000,voice_frame_generated,5,41,"{""sequence"": 6}"
122000,collision_detected,5,41,"{""with_packet_id"": 39}"
122000,collision_detected,5,41,"{""with_packet_id"": 40}"
122000,tx_start,5,41,"{""airtime_us"": 1316}"
122316,packet_collided,3,39,{}
122500,voice_frame_generated,6,42,"{""sequence"": 6}"
122500,collision_detected,6,42,"{""with_packet_id"": 40}"
122500,collision_detected,6,42,"{""with_packet_id"": 41}"
122500,tx_start,6,42,"{""airtime_us"": 1316}"
122816,packet_collided,4,40,{}
123316,packet_collided,5,41,{}
123816,packet_collided,6,42,{}
140000,voice_frame_generated,1,43,"{""sequence"": 7}"
140000,tx_start,1,43,"{""airtime_us"": 1316}"
140500,voice_frame_generated,2,44,"{""sequence"": 7}"
140500,collision_detected,2,44,"{""with_packet_id"": 43}"
140500,tx_start,2,44,"{""airtime_us"": 1316}"
141000,voice_frame_generated,3,45,"{""sequence"": 7}"
141000,collision_detected,3,45,"{""with_packet_id"": 43}"
141000,collision_detected,3,45,"{""with_packet_id"": 44}"
141000,tx_start,3,45,"{""airtime_us"": 1316}"
141316,packet_collided,1,43,{}
141500,voice_frame_generated,4,46,"{""sequence"": 7}"
141500,collision_detected,4,46,"{""with_packet_id"": 44}"
141500,collision_detected,4,46,"{""with_packet_id"": 45}"
141500,tx_start,4,46,"{""airtime_us"": 1316}"
141816,packet_collided,2,44,{}
142000,voice_frame_generated,5,47,"{""sequence"": 7}"
142000,collision_detected,5,47,"{""with_packet_id"": 45}"
142000,collision_detected,5,47,"{""with_packet_id"": 46}"
142000,tx_start,5,47,"{""airtime_us"": 1316}"
142316,packet_collided,3,45,{}
142500,voice_frame_generated,6,48,"{""sequence"": 7}"
142500,collision_detected,6,48,"{""with_packet_id"": 46}"
142500,collision_detected,6,48,"{""with_packet_id"": 47}"
142500,tx_start,6,48,"{""airtime_us"": 1316}"
142816,packet_collided,4,46,{}
143316,packet_collided,5,47,{}
143816,packet_collided,6,48,{}
160000,voice_frame_generated,1,49,"{""sequence"": 8}"
160000,tx_start,1,49,"{""airtime_us"": 1316}"
160500,voice_frame_generated,2,50,"{""sequence"": 8}"
160500,collision_detected,2,50,"{""with_packet_id"": 49}"
160500,tx_start,2,50,"{""airtime_us"": 1316}"
161000,voice_frame_generated,3,51,"{""sequence"": 8}"
161000,collision_detected,3,51,"{""with_packet_id"": 49}"
161000,collision_detected,3,51,"{""with_packet_id"": 50}"
161000,tx_start,3,51,"{""airtime_us"": 1316}"
161316,packet_collided,1,49,{}
161500,voice_frame_generated,4,52,"{""sequence"": 8}"
161500,collision_detected,4,52,"{""with_packet_id"": 50}"
161500,collision_detected,4,52,"{""with_packet_id"": 51}"
161500,tx_start,4,52,"{""airtime_us"": 1316}"
161816,packet_collided,2,50,{}
162000,voice_frame_generated,5,53,"{""sequence"": 8}"
162000,collision_detected,5,53,"{""with_packet_id"": 51}"
162000,collision_detected,5,53,"{""with_packet_id"": 52}"
162000,tx_start,5,53,"{""airtime_us"": 1316}"
162316,packet_collided,3,51,{}
162500,voice_frame_generated,6,54,"{""sequence"": 8}"
162500,collision_detected,6,54,"{""with_packet_id"": 52}"
162500,collision_detected,6,54,"{""with_packet_id"": 53}"
162500,tx_start,6,54,"{""airtime_us"": 1316}"
162816,packet_collided,4,52,{}
163316,packet_collided,5,53,{}
163816,packet_collided,6,54,{}
180000,voice_frame_generated,1,55,"{""sequence"": 9}"
180000,tx_start,1,55,"{""airtime_us"": 1316}"
180500,voice_frame_generated,2,56,"{""sequence"": 9}"
180500,collision_detected,2,56,"{""with_packet_id"": 55}"
180500,tx_start,2,56,"{""airtime_us"": 1316}"
181000,voice_frame_generated,3,57,"{""sequence"": 9}"
181000,collision_detected,3,57,"{""with_packet_id"": 55}"
181000,collision_detected,3,57,"{""with_packet_id"": 56}"
181000,tx_start,3,57,"{""airtime_us"": 1316}"
181316,packet_collided,1,55,{}
181500,voice_frame_generated,4,58,"{""sequence"": 9}"
181500,collision_detected,4,58,"{""with_packet_id"": 56}"
181500,collision_detected,4,58,"{""with_packet_id"": 57}"
181500,tx_start,4,58,"{""airtime_us"": 1316}"
181816,packet_collided,2,56,{}
182000,voice_frame_generated,5,59,"{""sequence"": 9}"
182000,collision_detected,5,59,"{""with_packet_id"": 57}"
182000,collision_detected,5,59,"{""with_packet_id"": 58}"
182000,tx_start,5,59,"{""airtime_us"": 1316}"
182316,packet_collided,3,57,{}
182500,voice_frame_generated,6,60,"{""sequence"": 9}"
182500,collision_detected,6,60,"{""with_packet_id"": 58}"
182500,collision_detected,6,60,"{""with_packet_id"": 59}"
182500,tx_start,6,60,"{""airtime_us"": 1316}"
182816,packet_collided,4,58,{}
183316,packet_collided,5,59,{}
183816,packet_collided,6,60,{}
200000,voice_frame_generated,1,61,"{""sequence"": 10}"
200000,tx_start,1,61,"{""airtime_us"": 1316}"
200500,voice_frame_generated,2,62,"{""sequence"": 10}"
200500,collision_detected,2,62,"{""with_packet_id"": 61}"
200500,tx_start,2,62,"{""airtime_us"": 1316}"
201000,voice_frame_generated,3,63,"{""sequence"": 10}"
201000,collision_detected,3,63,"{""with_packet_id"": 61}"
201000,collision_detected,3,63,"{""with_packet_id"": 62}"
201000,tx_start,3,63,"{""airtime_us"": 1316}"
201316,packet_collided,1,61,{}
201500,voice_frame_generated,4,64,"{""sequence"": 10}"
201500,collision_detected,4,64,"{""with_packet_id"": 62}"
201500,collision_detected,4,64,"{""with_packet_id"": 63}"
201500,tx_start,4,64,"{""airtime_us"": 1316}"
201816,packet_collided,2,62,{}
202000,voice_frame_generated,5,65,"{""sequence"": 10}"
202000,collision_detected,5,65,"{""with_packet_id"": 63}"
202000,collision_detected,5,65,"{""with_packet_id"": 64}"
202000,tx_start,5,65,"{""airtime_us"": 1316}"
202316,packet_collided,3,63,{}
202500,voice_frame_generated,6,66,"{""sequence"": 10}"
202500,collision_detected,6,66,"{""with_packet_id"": 64}"
202500,collision_detected,6,66,"{""with_packet_id"": 65}"
202500,tx_start,6,66,"{""airtime_us"": 1316}"
202816,packet_collided,4,64,{}
203316,packet_collided,5,65,{}
203816,packet_collided,6,66,{}
220000,voice_frame_generated,1,67,"{""sequence"": 11}"
220000,tx_start,1,67,"{""airtime_us"": 1316}"
220500,voice_frame_generated,2,68,"{""sequence"": 11}"
220500,collision_detected,2,68,"{""with_packet_id"": 67}"
220500,tx_start,2,68,"{""airtime_us"": 1316}"
221000,voice_frame_generated,3,69,"{""sequence"": 11}"
221000,collision_detected,3,69,"{""with_packet_id"": 67}"
221000,collision_detected,3,69,"{""with_packet_id"": 68}"
221000,tx_start,3,69,"{""airtime_us"": 1316}"
221316,packet_collided,1,67,{}
221500,voice_frame_generated,4,70,"{""sequence"": 11}"
221500,collision_detected,4,70,"{""with_packet_id"": 68}"
221500,collision_detected,4,70,"{""with_packet_id"": 69}"
221500,tx_start,4,70,"{""airtime_us"": 1316}"
221816,packet_collided,2,68,{}
222000,voice_frame_generated,5,71,"{""sequence"": 11}"
222000,collision_detected,5,71,"{""with_packet_id"": 69}"
222000,collision_detected,5,71,"{""with_packet_id"": 70}"
222000,tx_start,5,71,"{""airtime_us"": 1316}"
222316,packet_collided,3,69,{}
222500,voice_frame_generated,6,72,"{""sequence"": 11}"
222500,collision_detected,6,72,"{""with_packet_id"": 70}"
222500,collision_detected,6,72,"{""with_packet_id"": 71}"
222500,tx_start,6,72,"{""airtime_us"": 1316}"
222816,packet_collided,4,70,{}
223316,packet_collided,5,71,{}
223816,packet_collided,6,72,{}
240000,voice_frame_generated,1,73,"{""sequence"": 12}"
240000,tx_start,1,73,"{""airtime_us"": 1316}"
240500,voice_frame_generated,2,74,"{""sequence"": 12}"
240500,collision_detected,2,74,"{""with_packet_id"": 73}"
240500,tx_start,2,74,"{""airtime_us"": 1316}"
241000,voice_frame_generated,3,75,"{""sequence"": 12}"
241000,collision_detected,3,75,"{""with_packet_id"": 73}"
241000,collision_detected,3,75,"{""with_packet_id"": 74}"
241000,tx_start,3,75,"{""airtime_us"": 1316}"
241316,packet_collided,1,73,{}
241500,voice_frame_generated,4,76,"{""sequence"": 12}"
241500,collision_detected,4,76,"{""with_packet_id"": 74}"
241500,collision_detected,4,76,"{""with_packet_id"": 75}"
241500,tx_start,4,76,"{""airtime_us"": 1316}"
241816,packet_collided,2,74,{}
242000,voice_frame_generated,5,77,"{""sequence"": 12}"
242000,collision_detected,5,77,"{""with_packet_id"": 75}"
242000,collision_detected,5,77,"{""with_packet_id"": 76}"
242000,tx_start,5,77,"{""airtime_us"": 1316}"
242316,packet_collided,3,75,{}
242500,voice_frame_generated,6,78,"{""sequence"": 12}"
242500,collision_detected,6,78,"{""with_packet_id"": 76}"
242500,collision_detected,6,78,"{""with_packet_id"": 77}"
242500,tx_start,6,78,"{""airtime_us"": 1316}"
242816,packet_collided,4,76,{}
243316,packet_collided,5,77,{}
243816,packet_collided,6,78,{}
260000,voice_frame_generated,1,79,"{""sequence"": 13}"
260000,tx_start,1,79,"{""airtime_us"": 1316}"
260500,voice_frame_generated,2,80,"{""sequence"": 13}"
260500,collision_detected,2,80,"{""with_packet_id"": 79}"
260500,tx_start,2,80,"{""airtime_us"": 1316}"
261000,voice_frame_generated,3,81,"{""sequence"": 13}"
261000,collision_detected,3,81,"{""with_packet_id"": 79}"
261000,collision_detected,3,81,"{""with_packet_id"": 80}"
261000,tx_start,3,81,"{""airtime_us"": 1316}"
261316,packet_collided,1,79,{}
261500,voice_frame_generated,4,82,"{""sequence"": 13}"
261500,collision_detected,4,82,"{""with_packet_id"": 80}"
261500,collision_detected,4,82,"{""with_packet_id"": 81}"
261500,tx_start,4,82,"{""airtime_us"": 1316}"
261816,packet_collided,2,80,{}
262000,voice_frame_generated,5,83,"{""sequence"": 13}"
262000,collision_detected,5,83,"{""with_packet_id"": 81}"
262000,collision_detected,5,83,"{""with_packet_id"": 82}"
262000,tx_start,5,83,"{""airtime_us"": 1316}"
262316,packet_collided,3,81,{}
262500,voice_frame_generated,6,84,"{""sequence"": 13}"
262500,collision_detected,6,84,"{""with_packet_id"": 82}"
262500,collision_detected,6,84,"{""with_packet_id"": 83}"
262500,tx_start,6,84,"{""airtime_us"": 1316}"
262816,packet_collided,4,82,{}
263316,packet_collided,5,83,{}
263816,packet_collided,6,84,{}
280000,voice_frame_generated,1,85,"{""sequence"": 14}"
280000,tx_start,1,85,"{""airtime_us"": 1316}"
280500,voice_frame_generated,2,86,"{""sequence"": 14}"
280500,collision_detected,2,86,"{""with_packet_id"": 85}"
280500,tx_start,2,86,"{""airtime_us"": 1316}"
281000,voice_frame_generated,3,87,"{""sequence"": 14}"
281000,collision_detected,3,87,"{""with_packet_id"": 85}"
281000,collision_detected,3,87,"{""with_packet_id"": 86}"
281000,tx_start,3,87,"{""airtime_us"": 1316}"
281316,packet_collided,1,85,{}
281500,voice_frame_generated,4,88,"{""sequence"": 14}"
281500,collision_detected,4,88,"{""with_packet_id"": 86}"
281500,collision_detected,4,88,"{""with_packet_id"": 87}"
281500,tx_start,4,88,"{""airtime_us"": 1316}"
281816,packet_collided,2,86,{}
282000,voice_frame_generated,5,89,"{""sequence"": 14}"
282000,collision_detected,5,89,"{""with_packet_id"": 87}"
282000,collision_detected,5,89,"{""with_packet_id"": 88}"
282000,tx_start,5,89,"{""airtime_us"": 1316}"
282316,packet_collided,3,87,{}
282500,voice_frame_generated,6,90,"{""sequence"": 14}"
282500,collision_detected,6,90,"{""with_packet_id"": 88}"
282500,collision_detected,6,90,"{""with_packet_id"": 89}"
282500,tx_start,6,90,"{""airtime_us"": 1316}"
282816,packet_collided,4,88,{}
283316,packet_collided,5,89,{}
283816,packet_collided,6,90,{}
300000,voice_frame_generated,1,91,"{""sequence"": 15}"
300000,tx_start,1,91,"{""airtime_us"": 1316}"
300500,voice_frame_generated,2,92,"{""sequence"": 15}"
300500,collision_detected,2,92,"{""with_packet_id"": 91}"
300500,tx_start,2,92,"{""airtime_us"": 1316}"
301000,voice_frame_generated,3,93,"{""sequence"": 15}"
301000,collision_detected,3,93,"{""with_packet_id"": 91}"
301000,collision_detected,3,93,"{""with_packet_id"": 92}"
301000,tx_start,3,93,"{""airtime_us"": 1316}"
301316,packet_collided,1,91,{}
301500,voice_frame_generated,4,94,"{""sequence"": 15}"
301500,collision_detected,4,94,"{""with_packet_id"": 92}"
301500,collision_detected,4,94,"{""with_packet_id"": 93}"
301500,tx_start,4,94,"{""airtime_us"": 1316}"
301816,packet_collided,2,92,{}
302000,voice_frame_generated,5,95,"{""sequence"": 15}"
302000,collision_detected,5,95,"{""with_packet_id"": 93}"
302000,collision_detected,5,95,"{""with_packet_id"": 94}"
302000,tx_start,5,95,"{""airtime_us"": 1316}"
302316,packet_collided,3,93,{}
302500,voice_frame_generated,6,96,"{""sequence"": 15}"
302500,collision_detected,6,96,"{""with_packet_id"": 94}"
302500,collision_detected,6,96,"{""with_packet_id"": 95}"
302500,tx_start,6,96,"{""airtime_us"": 1316}"
302816,packet_collided,4,94,{}
303316,packet_collided,5,95,{}
303816,packet_collided,6,96,{}
320000,voice_frame_generated,1,97,"{""sequence"": 16}"
320000,tx_start,1,97,"{""airtime_us"": 1316}"
320500,voice_frame_generated,2,98,"{""sequence"": 16}"
320500,collision_detected,2,98,"{""with_packet_id"": 97}"
320500,tx_start,2,98,"{""airtime_us"": 1316}"
321000,voice_frame_generated,3,99,"{""sequence"": 16}"
321000,collision_detected,3,99,"{""with_packet_id"": 97}"
321000,collision_detected,3,99,"{""with_packet_id"": 98}"
321000,tx_start,3,99,"{""airtime_us"": 1316}"
321316,packet_collided,1,97,{}
321500,voice_frame_generated,4,100,"{""sequence"": 16}"
321500,collision_detected,4,100,"{""with_packet_id"": 98}"
321500,collision_detected,4,100,"{""with_packet_id"": 99}"
321500,tx_start,4,100,"{""airtime_us"": 1316}"
321816,packet_collided,2,98,{}
322000,voice_frame_generated,5,101,"{""sequence"": 16}"
322000,collision_detected,5,101,"{""with_packet_id"": 99}"
322000,collision_detected,5,101,"{""with_packet_id"": 100}"
322000,tx_start,5,101,"{""airtime_us"": 1316}"
322316,packet_collided,3,99,{}
322500,voice_frame_generated,6,102,"{""sequence"": 16}"
322500,collision_detected,6,102,"{""with_packet_id"": 100}"
322500,collision_detected,6,102,"{""with_packet_id"": 101}"
322500,tx_start,6,102,"{""airtime_us"": 1316}"
322816,packet_collided,4,100,{}
323316,packet_collided,5,101,{}
323816,packet_collided,6,102,{}
340000,voice_frame_generated,1,103,"{""sequence"": 17}"
340000,tx_start,1,103,"{""airtime_us"": 1316}"
340500,voice_frame_generated,2,104,"{""sequence"": 17}"
340500,collision_detected,2,104,"{""with_packet_id"": 103}"
340500,tx_start,2,104,"{""airtime_us"": 1316}"
341000,voice_frame_generated,3,105,"{""sequence"": 17}"
341000,collision_detected,3,105,"{""with_packet_id"": 103}"
341000,collision_detected,3,105,"{""with_packet_id"": 104}"
341000,tx_start,3,105,"{""airtime_us"": 1316}"
341316,packet_collided,1,103,{}
341500,voice_frame_generated,4,106,"{""sequence"": 17}"
341500,collision_detected,4,106,"{""with_packet_id"": 104}"
341500,collision_detected,4,106,"{""with_packet_id"": 105}"
341500,tx_start,4,106,"{""airtime_us"": 1316}"
341816,packet_collided,2,104,{}
342000,voice_frame_generated,5,107,"{""sequence"": 17}"
342000,collision_detected,5,107,"{""with_packet_id"": 105}"
342000,collision_detected,5,107,"{""with_packet_id"": 106}"
342000,tx_start,5,107,"{""airtime_us"": 1316}"
342316,packet_collided,3,105,{}
342500,voice_frame_generated,6,108,"{""sequence"": 17}"
342500,collision_detected,6,108,"{""with_packet_id"": 106}"
342500,collision_detected,6,108,"{""with_packet_id"": 107}"
342500,tx_start,6,108,"{""airtime_us"": 1316}"
342816,packet_collided,4,106,{}
343316,packet_collided,5,107,{}
343816,packet_collided,6,108,{}
360000,voice_frame_generated,1,109,"{""sequence"": 18}"
360000,tx_start,1,109,"{""airtime_us"": 1316}"
360500,voice_frame_generated,2,110,"{""sequence"": 18}"
360500,collision_detected,2,110,"{""with_packet_id"": 109}"
360500,tx_start,2,110,"{""airtime_us"": 1316}"
361000,voice_frame_generated,3,111,"{""sequence"": 18}"
361000,collision_detected,3,111,"{""with_packet_id"": 109}"
361000,collision_detected,3,111,"{""with_packet_id"": 110}"
361000,tx_start,3,111,"{""airtime_us"": 1316}"
361316,packet_collided,1,109,{}
361500,voice_frame_generated,4,112,"{""sequence"": 18}"
361500,collision_detected,4,112,"{""with_packet_id"": 110}"
361500,collision_detected,4,112,"{""with_packet_id"": 111}"
361500,tx_start,4,112,"{""airtime_us"": 1316}"
361816,packet_collided,2,110,{}
362000,voice_frame_generated,5,113,"{""sequence"": 18}"
362000,collision_detected,5,113,"{""with_packet_id"": 111}"
362000,collision_detected,5,113,"{""with_packet_id"": 112}"
362000,tx_start,5,113,"{""airtime_us"": 1316}"
362316,packet_collided,3,111,{}
362500,voice_frame_generated,6,114,"{""sequence"": 18}"
362500,collision_detected,6,114,"{""with_packet_id"": 112}"
362500,collision_detected,6,114,"{""with_packet_id"": 113}"
362500,tx_start,6,114,"{""airtime_us"": 1316}"
362816,packet_collided,4,112,{}
363316,packet_collided,5,113,{}
363816,packet_collided,6,114,{}
380000,voice_frame_generated,1,115,"{""sequence"": 19}"
380000,tx_start,1,115,"{""airtime_us"": 1316}"
380500,voice_frame_generated,2,116,"{""sequence"": 19}"
380500,collision_detected,2,116,"{""with_packet_id"": 115}"
380500,tx_start,2,116,"{""airtime_us"": 1316}"
381000,voice_frame_generated,3,117,"{""sequence"": 19}"
381000,collision_detected,3,117,"{""with_packet_id"": 115}"
381000,collision_detected,3,117,"{""with_packet_id"": 116}"
381000,tx_start,3,117,"{""airtime_us"": 1316}"
381316,packet_collided,1,115,{}
381500,voice_frame_generated,4,118,"{""sequence"": 19}"
381500,collision_detected,4,118,"{""with_packet_id"": 116}"
381500,collision_detected,4,118,"{""with_packet_id"": 117}"
381500,tx_start,4,118,"{""airtime_us"": 1316}"
381816,packet_collided,2,116,{}
382000,voice_frame_generated,5,119,"{""sequence"": 19}"
382000,collision_detected,5,119,"{""with_packet_id"": 117}"
382000,collision_detected,5,119,"{""with_packet_id"": 118}"
382000,tx_start,5,119,"{""airtime_us"": 1316}"
382316,packet_collided,3,117,{}
382500,voice_frame_generated,6,120,"{""sequence"": 19}"
382500,collision_detected,6,120,"{""with_packet_id"": 118}"
382500,collision_detected,6,120,"{""with_packet_id"": 119}"
382500,tx_start,6,120,"{""airtime_us"": 1316}"
382816,packet_collided,4,118,{}
383316,packet_collided,5,119,{}
383816,packet_collided,6,120,{}
400000,voice_frame_generated,1,121,"{""sequence"": 20}"
400000,tx_start,1,121,"{""airtime_us"": 1316}"
400500,voice_frame_generated,2,122,"{""sequence"": 20}"
400500,collision_detected,2,122,"{""with_packet_id"": 121}"
400500,tx_start,2,122,"{""airtime_us"": 1316}"
401000,voice_frame_generated,3,123,"{""sequence"": 20}"
401000,collision_detected,3,123,"{""with_packet_id"": 121}"
401000,collision_detected,3,123,"{""with_packet_id"": 122}"
401000,tx_start,3,123,"{""airtime_us"": 1316}"
401316,packet_collided,1,121,{}
401500,voice_frame_generated,4,124,"{""sequence"": 20}"
401500,collision_detected,4,124,"{""with_packet_id"": 122}"
401500,collision_detected,4,124,"{""with_packet_id"": 123}"
401500,tx_start,4,124,"{""airtime_us"": 1316}"
401816,packet_collided,2,122,{}
402000,voice_frame_generated,5,125,"{""sequence"": 20}"
402000,collision_detected,5,125,"{""with_packet_id"": 123}"
402000,collision_detected,5,125,"{""with_packet_id"": 124}"
402000,tx_start,5,125,"{""airtime_us"": 1316}"
402316,packet_collided,3,123,{}
402500,voice_frame_generated,6,126,"{""sequence"": 20}"
402500,collision_detected,6,126,"{""with_packet_id"": 124}"
402500,collision_detected,6,126,"{""with_packet_id"": 125}"
402500,tx_start,6,126,"{""airtime_us"": 1316}"
402816,packet_collided,4,124,{}
403316,packet_collided,5,125,{}
403816,packet_collided,6,126,{}
420000,voice_frame_generated,1,127,"{""sequence"": 21}"
420000,tx_start,1,127,"{""airtime_us"": 1316}"
420500,voice_frame_generated,2,128,"{""sequence"": 21}"
420500,collision_detected,2,128,"{""with_packet_id"": 127}"
420500,tx_start,2,128,"{""airtime_us"": 1316}"
421000,voice_frame_generated,3,129,"{""sequence"": 21}"
421000,collision_detected,3,129,"{""with_packet_id"": 127}"
421000,collision_detected,3,129,"{""with_packet_id"": 128}"
421000,tx_start,3,129,"{""airtime_us"": 1316}"
421316,packet_collided,1,127,{}
421500,voice_frame_generated,4,130,"{""sequence"": 21}"
421500,collision_detected,4,130,"{""with_packet_id"": 128}"
421500,collision_detected,4,130,"{""with_packet_id"": 129}"
421500,tx_start,4,130,"{""airtime_us"": 1316}"
421816,packet_collided,2,128,{}
422000,voice_frame_generated,5,131,"{""sequence"": 21}"
422000,collision_detected,5,131,"{""with_packet_id"": 129}"
422000,collision_detected,5,131,"{""with_packet_id"": 130}"
422000,tx_start,5,131,"{""airtime_us"": 1316}"
422316,packet_collided,3,129,{}
422500,voice_frame_generated,6,132,"{""sequence"": 21}"
422500,collision_detected,6,132,"{""with_packet_id"": 130}"
422500,collision_detected,6,132,"{""with_packet_id"": 131}"
422500,tx_start,6,132,"{""airtime_us"": 1316}"
422816,packet_collided,4,130,{}
423316,packet_collided,5,131,{}
423816,packet_collided,6,132,{}
440000,voice_frame_generated,1,133,"{""sequence"": 22}"
440000,tx_start,1,133,"{""airtime_us"": 1316}"
440500,voice_frame_generated,2,134,"{""sequence"": 22}"
440500,collision_detected,2,134,"{""with_packet_id"": 133}"
440500,tx_start,2,134,"{""airtime_us"": 1316}"
441000,voice_frame_generated,3,135,"{""sequence"": 22}"
441000,collision_detected,3,135,"{""with_packet_id"": 133}"
441000,collision_detected,3,135,"{""with_packet_id"": 134}"
441000,tx_start,3,135,"{""airtime_us"": 1316}"
441316,packet_collided,1,133,{}
441500,voice_frame_generated,4,136,"{""sequence"": 22}"
441500,collision_detected,4,136,"{""with_packet_id"": 134}"
441500,collision_detected,4,136,"{""with_packet_id"": 135}"
441500,tx_start,4,136,"{""airtime_us"": 1316}"
441816,packet_collided,2,134,{}
442000,voice_frame_generated,5,137,"{""sequence"": 22}"
442000,collision_detected,5,137,"{""with_packet_id"": 135}"
442000,collision_detected,5,137,"{""with_packet_id"": 136}"
442000,tx_start,5,137,"{""airtime_us"": 1316}"
442316,packet_collided,3,135,{}
442500,voice_frame_generated,6,138,"{""sequence"": 22}"
442500,collision_detected,6,138,"{""with_packet_id"": 136}"
442500,collision_detected,6,138,"{""with_packet_id"": 137}"
442500,tx_start,6,138,"{""airtime_us"": 1316}"
442816,packet_collided,4,136,{}
443316,packet_collided,5,137,{}
443816,packet_collided,6,138,{}
460000,voice_frame_generated,1,139,"{""sequence"": 23}"
460000,tx_start,1,139,"{""airtime_us"": 1316}"
460500,voice_frame_generated,2,140,"{""sequence"": 23}"
460500,collision_detected,2,140,"{""with_packet_id"": 139}"
460500,tx_start,2,140,"{""airtime_us"": 1316}"
461000,voice_frame_generated,3,141,"{""sequence"": 23}"
461000,collision_detected,3,141,"{""with_packet_id"": 139}"
461000,collision_detected,3,141,"{""with_packet_id"": 140}"
461000,tx_start,3,141,"{""airtime_us"": 1316}"
461316,packet_collided,1,139,{}
461500,voice_frame_generated,4,142,"{""sequence"": 23}"
461500,collision_detected,4,142,"{""with_packet_id"": 140}"
461500,collision_detected,4,142,"{""with_packet_id"": 141}"
461500,tx_start,4,142,"{""airtime_us"": 1316}"
461816,packet_collided,2,140,{}
462000,voice_frame_generated,5,143,"{""sequence"": 23}"
462000,collision_detected,5,143,"{""with_packet_id"": 141}"
462000,collision_detected,5,143,"{""with_packet_id"": 142}"
462000,tx_start,5,143,"{""airtime_us"": 1316}"
462316,packet_collided,3,141,{}
462500,voice_frame_generated,6,144,"{""sequence"": 23}"
462500,collision_detected,6,144,"{""with_packet_id"": 142}"
462500,collision_detected,6,144,"{""with_packet_id"": 143}"
462500,tx_start,6,144,"{""airtime_us"": 1316}"
462816,packet_collided,4,142,{}
463316,packet_collided,5,143,{}
463816,packet_collided,6,144,{}
480000,voice_frame_generated,1,145,"{""sequence"": 24}"
480000,tx_start,1,145,"{""airtime_us"": 1316}"
480500,voice_frame_generated,2,146,"{""sequence"": 24}"
480500,collision_detected,2,146,"{""with_packet_id"": 145}"
480500,tx_start,2,146,"{""airtime_us"": 1316}"
481000,voice_frame_generated,3,147,"{""sequence"": 24}"
481000,collision_detected,3,147,"{""with_packet_id"": 145}"
481000,collision_detected,3,147,"{""with_packet_id"": 146}"
481000,tx_start,3,147,"{""airtime_us"": 1316}"
481316,packet_collided,1,145,{}
481500,voice_frame_generated,4,148,"{""sequence"": 24}"
481500,collision_detected,4,148,"{""with_packet_id"": 146}"
481500,collision_detected,4,148,"{""with_packet_id"": 147}"
481500,tx_start,4,148,"{""airtime_us"": 1316}"
481816,packet_collided,2,146,{}
482000,voice_frame_generated,5,149,"{""sequence"": 24}"
482000,collision_detected,5,149,"{""with_packet_id"": 147}"
482000,collision_detected,5,149,"{""with_packet_id"": 148}"
482000,tx_start,5,149,"{""airtime_us"": 1316}"
482316,packet_collided,3,147,{}
482500,voice_frame_generated,6,150,"{""sequence"": 24}"
482500,collision_detected,6,150,"{""with_packet_id"": 148}"
482500,collision_detected,6,150,"{""with_packet_id"": 149}"
482500,tx_start,6,150,"{""airtime_us"": 1316}"
482816,packet_collided,4,148,{}
483316,packet_collided,5,149,{}
483816,packet_collided,6,150,{}
500000,voice_frame_generated,1,151,"{""sequence"": 25}"
500000,tx_start,1,151,"{""airtime_us"": 1316}"
500500,voice_frame_generated,2,152,"{""sequence"": 25}"
500500,collision_detected,2,152,"{""with_packet_id"": 151}"
500500,tx_start,2,152,"{""airtime_us"": 1316}"
501000,voice_frame_generated,3,153,"{""sequence"": 25}"
501000,collision_detected,3,153,"{""with_packet_id"": 151}"
501000,collision_detected,3,153,"{""with_packet_id"": 152}"
501000,tx_start,3,153,"{""airtime_us"": 1316}"
501316,packet_collided,1,151,{}
501500,voice_frame_generated,4,154,"{""sequence"": 25}"
501500,collision_detected,4,154,"{""with_packet_id"": 152}"
501500,collision_detected,4,154,"{""with_packet_id"": 153}"
501500,tx_start,4,154,"{""airtime_us"": 1316}"
501816,packet_collided,2,152,{}
502000,voice_frame_generated,5,155,"{""sequence"": 25}"
502000,collision_detected,5,155,"{""with_packet_id"": 153}"
502000,collision_detected,5,155,"{""with_packet_id"": 154}"
502000,tx_start,5,155,"{""airtime_us"": 1316}"
502316,packet_collided,3,153,{}
502500,voice_frame_generated,6,156,"{""sequence"": 25}"
502500,collision_detected,6,156,"{""with_packet_id"": 154}"
502500,collision_detected,6,156,"{""with_packet_id"": 155}"
502500,tx_start,6,156,"{""airtime_us"": 1316}"
502816,packet_collided,4,154,{}
503316,packet_collided,5,155,{}
503816,packet_collided,6,156,{}
520000,voice_frame_generated,1,157,"{""sequence"": 26}"
520000,tx_start,1,157,"{""airtime_us"": 1316}"
520500,voice_frame_generated,2,158,"{""sequence"": 26}"
520500,collision_detected,2,158,"{""with_packet_id"": 157}"
520500,tx_start,2,158,"{""airtime_us"": 1316}"
521000,voice_frame_generated,3,159,"{""sequence"": 26}"
521000,collision_detected,3,159,"{""with_packet_id"": 157}"
521000,collision_detected,3,159,"{""with_packet_id"": 158}"
521000,tx_start,3,159,"{""airtime_us"": 1316}"
521316,packet_collided,1,157,{}
521500,voice_frame_generated,4,160,"{""sequence"": 26}"
521500,collision_detected,4,160,"{""with_packet_id"": 158}"
521500,collision_detected,4,160,"{""with_packet_id"": 159}"
521500,tx_start,4,160,"{""airtime_us"": 1316}"
521816,packet_collided,2,158,{}
522000,voice_frame_generated,5,161,"{""sequence"": 26}"
522000,collision_detected,5,161,"{""with_packet_id"": 159}"
522000,collision_detected,5,161,"{""with_packet_id"": 160}"
522000,tx_start,5,161,"{""airtime_us"": 1316}"
522316,packet_collided,3,159,{}
522500,voice_frame_generated,6,162,"{""sequence"": 26}"
522500,collision_detected,6,162,"{""with_packet_id"": 160}"
522500,collision_detected,6,162,"{""with_packet_id"": 161}"
522500,tx_start,6,162,"{""airtime_us"": 1316}"
522816,packet_collided,4,160,{}
523316,packet_collided,5,161,{}
523816,packet_collided,6,162,{}
540000,voice_frame_generated,1,163,"{""sequence"": 27}"
540000,tx_start,1,163,"{""airtime_us"": 1316}"
540500,voice_frame_generated,2,164,"{""sequence"": 27}"
540500,collision_detected,2,164,"{""with_packet_id"": 163}"
540500,tx_start,2,164,"{""airtime_us"": 1316}"
541000,voice_frame_generated,3,165,"{""sequence"": 27}"
541000,collision_detected,3,165,"{""with_packet_id"": 163}"
541000,collision_detected,3,165,"{""with_packet_id"": 164}"
541000,tx_start,3,165,"{""airtime_us"": 1316}"
541316,packet_collided,1,163,{}
541500,voice_frame_generated,4,166,"{""sequence"": 27}"
541500,collision_detected,4,166,"{""with_packet_id"": 164}"
541500,collision_detected,4,166,"{""with_packet_id"": 165}"
541500,tx_start,4,166,"{""airtime_us"": 1316}"
541816,packet_collided,2,164,{}
542000,voice_frame_generated,5,167,"{""sequence"": 27}"
542000,collision_detected,5,167,"{""with_packet_id"": 165}"
542000,collision_detected,5,167,"{""with_packet_id"": 166}"
542000,tx_start,5,167,"{""airtime_us"": 1316}"
542316,packet_collided,3,165,{}
542500,voice_frame_generated,6,168,"{""sequence"": 27}"
542500,collision_detected,6,168,"{""with_packet_id"": 166}"
542500,collision_detected,6,168,"{""with_packet_id"": 167}"
542500,tx_start,6,168,"{""airtime_us"": 1316}"
542816,packet_collided,4,166,{}
543316,packet_collided,5,167,{}
543816,packet_collided,6,168,{}
560000,voice_frame_generated,1,169,"{""sequence"": 28}"
560000,tx_start,1,169,"{""airtime_us"": 1316}"
560500,voice_frame_generated,2,170,"{""sequence"": 28}"
560500,collision_detected,2,170,"{""with_packet_id"": 169}"
560500,tx_start,2,170,"{""airtime_us"": 1316}"
561000,voice_frame_generated,3,171,"{""sequence"": 28}"
561000,collision_detected,3,171,"{""with_packet_id"": 169}"
561000,collision_detected,3,171,"{""with_packet_id"": 170}"
561000,tx_start,3,171,"{""airtime_us"": 1316}"
561316,packet_collided,1,169,{}
561500,voice_frame_generated,4,172,"{""sequence"": 28}"
561500,collision_detected,4,172,"{""with_packet_id"": 170}"
561500,collision_detected,4,172,"{""with_packet_id"": 171}"
561500,tx_start,4,172,"{""airtime_us"": 1316}"
561816,packet_collided,2,170,{}
562000,voice_frame_generated,5,173,"{""sequence"": 28}"
562000,collision_detected,5,173,"{""with_packet_id"": 171}"
562000,collision_detected,5,173,"{""with_packet_id"": 172}"
562000,tx_start,5,173,"{""airtime_us"": 1316}"
562316,packet_collided,3,171,{}
562500,voice_frame_generated,6,174,"{""sequence"": 28}"
562500,collision_detected,6,174,"{""with_packet_id"": 172}"
562500,collision_detected,6,174,"{""with_packet_id"": 173}"
562500,tx_start,6,174,"{""airtime_us"": 1316}"
562816,packet_collided,4,172,{}
563316,packet_collided,5,173,{}
563816,packet_collided,6,174,{}
580000,voice_frame_generated,1,175,"{""sequence"": 29}"
580000,tx_start,1,175,"{""airtime_us"": 1316}"
580500,voice_frame_generated,2,176,"{""sequence"": 29}"
580500,collision_detected,2,176,"{""with_packet_id"": 175}"
580500,tx_start,2,176,"{""airtime_us"": 1316}"
581000,voice_frame_generated,3,177,"{""sequence"": 29}"
581000,collision_detected,3,177,"{""with_packet_id"": 175}"
581000,collision_detected,3,177,"{""with_packet_id"": 176}"
581000,tx_start,3,177,"{""airtime_us"": 1316}"
581316,packet_collided,1,175,{}
581500,voice_frame_generated,4,178,"{""sequence"": 29}"
581500,collision_detected,4,178,"{""with_packet_id"": 176}"
581500,collision_detected,4,178,"{""with_packet_id"": 177}"
581500,tx_start,4,178,"{""airtime_us"": 1316}"
581816,packet_collided,2,176,{}
582000,voice_frame_generated,5,179,"{""sequence"": 29}"
582000,collision_detected,5,179,"{""with_packet_id"": 177}"
582000,collision_detected,5,179,"{""with_packet_id"": 178}"
582000,tx_start,5,179,"{""airtime_us"": 1316}"
582316,packet_collided,3,177,{}
582500,voice_frame_generated,6,180,"{""sequence"": 29}"
582500,collision_detected,6,180,"{""with_packet_id"": 178}"
582500,collision_detected,6,180,"{""with_packet_id"": 179}"
582500,tx_start,6,180,"{""airtime_us"": 1316}"
582816,packet_collided,4,178,{}
583316,packet_collided,5,179,{}
583816,packet_collided,6,180,{}
600000,voice_frame_generated,1,181,"{""sequence"": 30}"
600000,tx_start,1,181,"{""airtime_us"": 1316}"
600500,voice_frame_generated,2,182,"{""sequence"": 30}"
600500,collision_detected,2,182,"{""with_packet_id"": 181}"
600500,tx_start,2,182,"{""airtime_us"": 1316}"
601000,voice_frame_generated,3,183,"{""sequence"": 30}"
601000,collision_detected,3,183,"{""with_packet_id"": 181}"
601000,collision_detected,3,183,"{""with_packet_id"": 182}"
601000,tx_start,3,183,"{""airtime_us"": 1316}"
601316,packet_collided,1,181,{}
601500,voice_frame_generated,4,184,"{""sequence"": 30}"
601500,collision_detected,4,184,"{""with_packet_id"": 182}"
601500,collision_detected,4,184,"{""with_packet_id"": 183}"
601500,tx_start,4,184,"{""airtime_us"": 1316}"
601816,packet_collided,2,182,{}
602000,voice_frame_generated,5,185,"{""sequence"": 30}"
602000,collision_detected,5,185,"{""with_packet_id"": 183}"
602000,collision_detected,5,185,"{""with_packet_id"": 184}"
602000,tx_start,5,185,"{""airtime_us"": 1316}"
602316,packet_collided,3,183,{}
602500,voice_frame_generated,6,186,"{""sequence"": 30}"
602500,collision_detected,6,186,"{""with_packet_id"": 184}"
602500,collision_detected,6,186,"{""with_packet_id"": 185}"
602500,tx_start,6,186,"{""airtime_us"": 1316}"
602816,packet_collided,4,184,{}
603316,packet_collided,5,185,{}
603816,packet_collided,6,186,{}
620000,voice_frame_generated,1,187,"{""sequence"": 31}"
620000,tx_start,1,187,"{""airtime_us"": 1316}"
620500,voice_frame_generated,2,188,"{""sequence"": 31}"
620500,collision_detected,2,188,"{""with_packet_id"": 187}"
620500,tx_start,2,188,"{""airtime_us"": 1316}"
621000,voice_frame_generated,3,189,"{""sequence"": 31}"
621000,collision_detected,3,189,"{""with_packet_id"": 187}"
621000,collision_detected,3,189,"{""with_packet_id"": 188}"
621000,tx_start,3,189,"{""airtime_us"": 1316}"
621316,packet_collided,1,187,{}
621500,voice_frame_generated,4,190,"{""sequence"": 31}"
621500,collision_detected,4,190,"{""with_packet_id"": 188}"
621500,collision_detected,4,190,"{""with_packet_id"": 189}"
621500,tx_start,4,190,"{""airtime_us"": 1316}"
621816,packet_collided,2,188,{}
622000,voice_frame_generated,5,191,"{""sequence"": 31}"
622000,collision_detected,5,191,"{""with_packet_id"": 189}"
622000,collision_detected,5,191,"{""with_packet_id"": 190}"
622000,tx_start,5,191,"{""airtime_us"": 1316}"
622316,packet_collided,3,189,{}
622500,voice_frame_generated,6,192,"{""sequence"": 31}"
622500,collision_detected,6,192,"{""with_packet_id"": 190}"
622500,collision_detected,6,192,"{""with_packet_id"": 191}"
622500,tx_start,6,192,"{""airtime_us"": 1316}"
622816,packet_collided,4,190,{}
623316,packet_collided,5,191,{}
623816,packet_collided,6,192,{}
640000,voice_frame_generated,1,193,"{""sequence"": 32}"
640000,tx_start,1,193,"{""airtime_us"": 1316}"
640500,voice_frame_generated,2,194,"{""sequence"": 32}"
640500,collision_detected,2,194,"{""with_packet_id"": 193}"
640500,tx_start,2,194,"{""airtime_us"": 1316}"
641000,voice_frame_generated,3,195,"{""sequence"": 32}"
641000,collision_detected,3,195,"{""with_packet_id"": 193}"
641000,collision_detected,3,195,"{""with_packet_id"": 194}"
641000,tx_start,3,195,"{""airtime_us"": 1316}"
641316,packet_collided,1,193,{}
641500,voice_frame_generated,4,196,"{""sequence"": 32}"
641500,collision_detected,4,196,"{""with_packet_id"": 194}"
641500,collision_detected,4,196,"{""with_packet_id"": 195}"
641500,tx_start,4,196,"{""airtime_us"": 1316}"
641816,packet_collided,2,194,{}
642000,voice_frame_generated,5,197,"{""sequence"": 32}"
642000,collision_detected,5,197,"{""with_packet_id"": 195}"
642000,collision_detected,5,197,"{""with_packet_id"": 196}"
642000,tx_start,5,197,"{""airtime_us"": 1316}"
642316,packet_collided,3,195,{}
642500,voice_frame_generated,6,198,"{""sequence"": 32}"
642500,collision_detected,6,198,"{""with_packet_id"": 196}"
642500,collision_detected,6,198,"{""with_packet_id"": 197}"
642500,tx_start,6,198,"{""airtime_us"": 1316}"
642816,packet_collided,4,196,{}
643316,packet_collided,5,197,{}
643816,packet_collided,6,198,{}
660000,voice_frame_generated,1,199,"{""sequence"": 33}"
660000,tx_start,1,199,"{""airtime_us"": 1316}"
660500,voice_frame_generated,2,200,"{""sequence"": 33}"
660500,collision_detected,2,200,"{""with_packet_id"": 199}"
660500,tx_start,2,200,"{""airtime_us"": 1316}"
661000,voice_frame_generated,3,201,"{""sequence"": 33}"
661000,collision_detected,3,201,"{""with_packet_id"": 199}"
661000,collision_detected,3,201,"{""with_packet_id"": 200}"
661000,tx_start,3,201,"{""airtime_us"": 1316}"
661316,packet_collided,1,199,{}
661500,voice_frame_generated,4,202,"{""sequence"": 33}"
661500,collision_detected,4,202,"{""with_packet_id"": 200}"
661500,collision_detected,4,202,"{""with_packet_id"": 201}"
661500,tx_start,4,202,"{""airtime_us"": 1316}"
661816,packet_collided,2,200,{}
662000,voice_frame_generated,5,203,"{""sequence"": 33}"
662000,collision_detected,5,203,"{""with_packet_id"": 201}"
662000,collision_detected,5,203,"{""with_packet_id"": 202}"
662000,tx_start,5,203,"{""airtime_us"": 1316}"
662316,packet_collided,3,201,{}
662500,voice_frame_generated,6,204,"{""sequence"": 33}"
662500,collision_detected,6,204,"{""with_packet_id"": 202}"
662500,collision_detected,6,204,"{""with_packet_id"": 203}"
662500,tx_start,6,204,"{""airtime_us"": 1316}"
662816,packet_collided,4,202,{}
663316,packet_collided,5,203,{}
663816,packet_collided,6,204,{}
680000,voice_frame_generated,1,205,"{""sequence"": 34}"
680000,tx_start,1,205,"{""airtime_us"": 1316}"
680500,voice_frame_generated,2,206,"{""sequence"": 34}"
680500,collision_detected,2,206,"{""with_packet_id"": 205}"
680500,tx_start,2,206,"{""airtime_us"": 1316}"
681000,voice_frame_generated,3,207,"{""sequence"": 34}"
681000,collision_detected,3,207,"{""with_packet_id"": 205}"
681000,collision_detected,3,207,"{""with_packet_id"": 206}"
681000,tx_start,3,207,"{""airtime_us"": 1316}"
681316,packet_collided,1,205,{}
681500,voice_frame_generated,4,208,"{""sequence"": 34}"
681500,collision_detected,4,208,"{""with_packet_id"": 206}"
681500,collision_detected,4,208,"{""with_packet_id"": 207}"
681500,tx_start,4,208,"{""airtime_us"": 1316}"
681816,packet_collided,2,206,{}
682000,voice_frame_generated,5,209,"{""sequence"": 34}"
682000,collision_detected,5,209,"{""with_packet_id"": 207}"
682000,collision_detected,5,209,"{""with_packet_id"": 208}"
682000,tx_start,5,209,"{""airtime_us"": 1316}"
682316,packet_collided,3,207,{}
682500,voice_frame_generated,6,210,"{""sequence"": 34}"
682500,collision_detected,6,210,"{""with_packet_id"": 208}"
682500,collision_detected,6,210,"{""with_packet_id"": 209}"
682500,tx_start,6,210,"{""airtime_us"": 1316}"
682816,packet_collided,4,208,{}
683316,packet_collided,5,209,{}
683816,packet_collided,6,210,{}
700000,voice_frame_generated,1,211,"{""sequence"": 35}"
700000,tx_start,1,211,"{""airtime_us"": 1316}"
700500,voice_frame_generated,2,212,"{""sequence"": 35}"
700500,collision_detected,2,212,"{""with_packet_id"": 211}"
700500,tx_start,2,212,"{""airtime_us"": 1316}"
701000,voice_frame_generated,3,213,"{""sequence"": 35}"
701000,collision_detected,3,213,"{""with_packet_id"": 211}"
701000,collision_detected,3,213,"{""with_packet_id"": 212}"
701000,tx_start,3,213,"{""airtime_us"": 1316}"
701316,packet_collided,1,211,{}
701500,voice_frame_generated,4,214,"{""sequence"": 35}"
701500,collision_detected,4,214,"{""with_packet_id"": 212}"
701500,collision_detected,4,214,"{""with_packet_id"": 213}"
701500,tx_start,4,214,"{""airtime_us"": 1316}"
701816,packet_collided,2,212,{}
702000,voice_frame_generated,5,215,"{""sequence"": 35}"
702000,collision_detected,5,215,"{""with_packet_id"": 213}"
702000,collision_detected,5,215,"{""with_packet_id"": 214}"
702000,tx_start,5,215,"{""airtime_us"": 1316}"
702316,packet_collided,3,213,{}
702500,voice_frame_generated,6,216,"{""sequence"": 35}"
702500,collision_detected,6,216,"{""with_packet_id"": 214}"
702500,collision_detected,6,216,"{""with_packet_id"": 215}"
702500,tx_start,6,216,"{""airtime_us"": 1316}"
702816,packet_collided,4,214,{}
703316,packet_collided,5,215,{}
703816,packet_collided,6,216,{}
720000,voice_frame_generated,1,217,"{""sequence"": 36}"
720000,tx_start,1,217,"{""airtime_us"": 1316}"
720500,voice_frame_generated,2,218,"{""sequence"": 36}"
720500,collision_detected,2,218,"{""with_packet_id"": 217}"
720500,tx_start,2,218,"{""airtime_us"": 1316}"
721000,voice_frame_generated,3,219,"{""sequence"": 36}"
721000,collision_detected,3,219,"{""with_packet_id"": 217}"
721000,collision_detected,3,219,"{""with_packet_id"": 218}"
721000,tx_start,3,219,"{""airtime_us"": 1316}"
721316,packet_collided,1,217,{}
721500,voice_frame_generated,4,220,"{""sequence"": 36}"
721500,collision_detected,4,220,"{""with_packet_id"": 218}"
721500,collision_detected,4,220,"{""with_packet_id"": 219}"
721500,tx_start,4,220,"{""airtime_us"": 1316}"
721816,packet_collided,2,218,{}
722000,voice_frame_generated,5,221,"{""sequence"": 36}"
722000,collision_detected,5,221,"{""with_packet_id"": 219}"
722000,collision_detected,5,221,"{""with_packet_id"": 220}"
722000,tx_start,5,221,"{""airtime_us"": 1316}"
722316,packet_collided,3,219,{}
722500,voice_frame_generated,6,222,"{""sequence"": 36}"
722500,collision_detected,6,222,"{""with_packet_id"": 220}"
722500,collision_detected,6,222,"{""with_packet_id"": 221}"
722500,tx_start,6,222,"{""airtime_us"": 1316}"
722816,packet_collided,4,220,{}
723316,packet_collided,5,221,{}
723816,packet_collided,6,222,{}
740000,voice_frame_generated,1,223,"{""sequence"": 37}"
740000,tx_start,1,223,"{""airtime_us"": 1316}"
740500,voice_frame_generated,2,224,"{""sequence"": 37}"
740500,collision_detected,2,224,"{""with_packet_id"": 223}"
740500,tx_start,2,224,"{""airtime_us"": 1316}"
741000,voice_frame_generated,3,225,"{""sequence"": 37}"
741000,collision_detected,3,225,"{""with_packet_id"": 223}"
741000,collision_detected,3,225,"{""with_packet_id"": 224}"
741000,tx_start,3,225,"{""airtime_us"": 1316}"
741316,packet_collided,1,223,{}
741500,voice_frame_generated,4,226,"{""sequence"": 37}"
741500,collision_detected,4,226,"{""with_packet_id"": 224}"
741500,collision_detected,4,226,"{""with_packet_id"": 225}"
741500,tx_start,4,226,"{""airtime_us"": 1316}"
741816,packet_collided,2,224,{}
742000,voice_frame_generated,5,227,"{""sequence"": 37}"
742000,collision_detected,5,227,"{""with_packet_id"": 225}"
742000,collision_detected,5,227,"{""with_packet_id"": 226}"
742000,tx_start,5,227,"{""airtime_us"": 1316}"
742316,packet_collided,3,225,{}
742500,voice_frame_generated,6,228,"{""sequence"": 37}"
742500,collision_detected,6,228,"{""with_packet_id"": 226}"
742500,collision_detected,6,228,"{""with_packet_id"": 227}"
742500,tx_start,6,228,"{""airtime_us"": 1316}"
742816,packet_collided,4,226,{}
743316,packet_collided,5,227,{}
743816,packet_collided,6,228,{}
760000,voice_frame_generated,1,229,"{""sequence"": 38}"
760000,tx_start,1,229,"{""airtime_us"": 1316}"
760500,voice_frame_generated,2,230,"{""sequence"": 38}"
760500,collision_detected,2,230,"{""with_packet_id"": 229}"
760500,tx_start,2,230,"{""airtime_us"": 1316}"
761000,voice_frame_generated,3,231,"{""sequence"": 38}"
761000,collision_detected,3,231,"{""with_packet_id"": 229}"
761000,collision_detected,3,231,"{""with_packet_id"": 230}"
761000,tx_start,3,231,"{""airtime_us"": 1316}"
761316,packet_collided,1,229,{}
761500,voice_frame_generated,4,232,"{""sequence"": 38}"
761500,collision_detected,4,232,"{""with_packet_id"": 230}"
761500,collision_detected,4,232,"{""with_packet_id"": 231}"
761500,tx_start,4,232,"{""airtime_us"": 1316}"
761816,packet_collided,2,230,{}
762000,voice_frame_generated,5,233,"{""sequence"": 38}"
762000,collision_detected,5,233,"{""with_packet_id"": 231}"
762000,collision_detected,5,233,"{""with_packet_id"": 232}"
762000,tx_start,5,233,"{""airtime_us"": 1316}"
762316,packet_collided,3,231,{}
762500,voice_frame_generated,6,234,"{""sequence"": 38}"
762500,collision_detected,6,234,"{""with_packet_id"": 232}"
762500,collision_detected,6,234,"{""with_packet_id"": 233}"
762500,tx_start,6,234,"{""airtime_us"": 1316}"
762816,packet_collided,4,232,{}
763316,packet_collided,5,233,{}
763816,packet_collided,6,234,{}
780000,voice_frame_generated,1,235,"{""sequence"": 39}"
780000,tx_start,1,235,"{""airtime_us"": 1316}"
780500,voice_frame_generated,2,236,"{""sequence"": 39}"
780500,collision_detected,2,236,"{""with_packet_id"": 235}"
780500,tx_start,2,236,"{""airtime_us"": 1316}"
781000,voice_frame_generated,3,237,"{""sequence"": 39}"
781000,collision_detected,3,237,"{""with_packet_id"": 235}"
781000,collision_detected,3,237,"{""with_packet_id"": 236}"
781000,tx_start,3,237,"{""airtime_us"": 1316}"
781316,packet_collided,1,235,{}
781500,voice_frame_generated,4,238,"{""sequence"": 39}"
781500,collision_detected,4,238,"{""with_packet_id"": 236}"
781500,collision_detected,4,238,"{""with_packet_id"": 237}"
781500,tx_start,4,238,"{""airtime_us"": 1316}"
781816,packet_collided,2,236,{}
782000,voice_frame_generated,5,239,"{""sequence"": 39}"
782000,collision_detected,5,239,"{""with_packet_id"": 237}"
782000,collision_detected,5,239,"{""with_packet_id"": 238}"
782000,tx_start,5,239,"{""airtime_us"": 1316}"
782316,packet_collided,3,237,{}
782500,voice_frame_generated,6,240,"{""sequence"": 39}"
782500,collision_detected,6,240,"{""with_packet_id"": 238}"
782500,collision_detected,6,240,"{""with_packet_id"": 239}"
782500,tx_start,6,240,"{""airtime_us"": 1316}"
782816,packet_collided,4,238,{}
783316,packet_collided,5,239,{}
783816,packet_collided,6,240,{}
800000,voice_frame_generated,1,241,"{""sequence"": 40}"
800000,tx_start,1,241,"{""airtime_us"": 1316}"
800500,voice_frame_generated,2,242,"{""sequence"": 40}"
800500,collision_detected,2,242,"{""with_packet_id"": 241}"
800500,tx_start,2,242,"{""airtime_us"": 1316}"
801000,voice_frame_generated,3,243,"{""sequence"": 40}"
801000,collision_detected,3,243,"{""with_packet_id"": 241}"
801000,collision_detected,3,243,"{""with_packet_id"": 242}"
801000,tx_start,3,243,"{""airtime_us"": 1316}"
801316,packet_collided,1,241,{}
801500,voice_frame_generated,4,244,"{""sequence"": 40}"
801500,collision_detected,4,244,"{""with_packet_id"": 242}"
801500,collision_detected,4,244,"{""with_packet_id"": 243}"
801500,tx_start,4,244,"{""airtime_us"": 1316}"
801816,packet_collided,2,242,{}
802000,voice_frame_generated,5,245,"{""sequence"": 40}"
802000,collision_detected,5,245,"{""with_packet_id"": 243}"
802000,collision_detected,5,245,"{""with_packet_id"": 244}"
802000,tx_start,5,245,"{""airtime_us"": 1316}"
802316,packet_collided,3,243,{}
802500,voice_frame_generated,6,246,"{""sequence"": 40}"
802500,collision_detected,6,246,"{""with_packet_id"": 244}"
802500,collision_detected,6,246,"{""with_packet_id"": 245}"
802500,tx_start,6,246,"{""airtime_us"": 1316}"
802816,packet_collided,4,244,{}
803316,packet_collided,5,245,{}
803816,packet_collided,6,246,{}
820000,voice_frame_generated,1,247,"{""sequence"": 41}"
820000,tx_start,1,247,"{""airtime_us"": 1316}"
820500,voice_frame_generated,2,248,"{""sequence"": 41}"
820500,collision_detected,2,248,"{""with_packet_id"": 247}"
820500,tx_start,2,248,"{""airtime_us"": 1316}"
821000,voice_frame_generated,3,249,"{""sequence"": 41}"
821000,collision_detected,3,249,"{""with_packet_id"": 247}"
821000,collision_detected,3,249,"{""with_packet_id"": 248}"
821000,tx_start,3,249,"{""airtime_us"": 1316}"
821316,packet_collided,1,247,{}
821500,voice_frame_generated,4,250,"{""sequence"": 41}"
821500,collision_detected,4,250,"{""with_packet_id"": 248}"
821500,collision_detected,4,250,"{""with_packet_id"": 249}"
821500,tx_start,4,250,"{""airtime_us"": 1316}"
821816,packet_collided,2,248,{}
822000,voice_frame_generated,5,251,"{""sequence"": 41}"
822000,collision_detected,5,251,"{""with_packet_id"": 249}"
822000,collision_detected,5,251,"{""with_packet_id"": 250}"
822000,tx_start,5,251,"{""airtime_us"": 1316}"
822316,packet_collided,3,249,{}
822500,voice_frame_generated,6,252,"{""sequence"": 41}"
822500,collision_detected,6,252,"{""with_packet_id"": 250}"
822500,collision_detected,6,252,"{""with_packet_id"": 251}"
822500,tx_start,6,252,"{""airtime_us"": 1316}"
822816,packet_collided,4,250,{}
823316,packet_collided,5,251,{}
823816,packet_collided,6,252,{}
840000,voice_frame_generated,1,253,"{""sequence"": 42}"
840000,tx_start,1,253,"{""airtime_us"": 1316}"
840500,voice_frame_generated,2,254,"{""sequence"": 42}"
840500,collision_detected,2,254,"{""with_packet_id"": 253}"
840500,tx_start,2,254,"{""airtime_us"": 1316}"
841000,voice_frame_generated,3,255,"{""sequence"": 42}"
841000,collision_detected,3,255,"{""with_packet_id"": 253}"
841000,collision_detected,3,255,"{""with_packet_id"": 254}"
841000,tx_start,3,255,"{""airtime_us"": 1316}"
841316,packet_collided,1,253,{}
841500,voice_frame_generated,4,256,"{""sequence"": 42}"
841500,collision_detected,4,256,"{""with_packet_id"": 254}"
841500,collision_detected,4,256,"{""with_packet_id"": 255}"
841500,tx_start,4,256,"{""airtime_us"": 1316}"
841816,packet_collided,2,254,{}
842000,voice_frame_generated,5,257,"{""sequence"": 42}"
842000,collision_detected,5,257,"{""with_packet_id"": 255}"
842000,collision_detected,5,257,"{""with_packet_id"": 256}"
842000,tx_start,5,257,"{""airtime_us"": 1316}"
842316,packet_collided,3,255,{}
842500,voice_frame_generated,6,258,"{""sequence"": 42}"
842500,collision_detected,6,258,"{""with_packet_id"": 256}"
842500,collision_detected,6,258,"{""with_packet_id"": 257}"
842500,tx_start,6,258,"{""airtime_us"": 1316}"
842816,packet_collided,4,256,{}
843316,packet_collided,5,257,{}
843816,packet_collided,6,258,{}
860000,voice_frame_generated,1,259,"{""sequence"": 43}"
860000,tx_start,1,259,"{""airtime_us"": 1316}"
860500,voice_frame_generated,2,260,"{""sequence"": 43}"
860500,collision_detected,2,260,"{""with_packet_id"": 259}"
860500,tx_start,2,260,"{""airtime_us"": 1316}"
861000,voice_frame_generated,3,261,"{""sequence"": 43}"
861000,collision_detected,3,261,"{""with_packet_id"": 259}"
861000,collision_detected,3,261,"{""with_packet_id"": 260}"
861000,tx_start,3,261,"{""airtime_us"": 1316}"
861316,packet_collided,1,259,{}
861500,voice_frame_generated,4,262,"{""sequence"": 43}"
861500,collision_detected,4,262,"{""with_packet_id"": 260}"
861500,collision_detected,4,262,"{""with_packet_id"": 261}"
861500,tx_start,4,262,"{""airtime_us"": 1316}"
861816,packet_collided,2,260,{}
862000,voice_frame_generated,5,263,"{""sequence"": 43}"
862000,collision_detected,5,263,"{""with_packet_id"": 261}"
862000,collision_detected,5,263,"{""with_packet_id"": 262}"
862000,tx_start,5,263,"{""airtime_us"": 1316}"
862316,packet_collided,3,261,{}
862500,voice_frame_generated,6,264,"{""sequence"": 43}"
862500,collision_detected,6,264,"{""with_packet_id"": 262}"
862500,collision_detected,6,264,"{""with_packet_id"": 263}"
862500,tx_start,6,264,"{""airtime_us"": 1316}"
862816,packet_collided,4,262,{}
863316,packet_collided,5,263,{}
863816,packet_collided,6,264,{}
880000,voice_frame_generated,1,265,"{""sequence"": 44}"
880000,tx_start,1,265,"{""airtime_us"": 1316}"
880500,voice_frame_generated,2,266,"{""sequence"": 44}"
880500,collision_detected,2,266,"{""with_packet_id"": 265}"
880500,tx_start,2,266,"{""airtime_us"": 1316}"
881000,voice_frame_generated,3,267,"{""sequence"": 44}"
881000,collision_detected,3,267,"{""with_packet_id"": 265}"
881000,collision_detected,3,267,"{""with_packet_id"": 266}"
881000,tx_start,3,267,"{""airtime_us"": 1316}"
881316,packet_collided,1,265,{}
881500,voice_frame_generated,4,268,"{""sequence"": 44}"
881500,collision_detected,4,268,"{""with_packet_id"": 266}"
881500,collision_detected,4,268,"{""with_packet_id"": 267}"
881500,tx_start,4,268,"{""airtime_us"": 1316}"
881816,packet_collided,2,266,{}
882000,voice_frame_generated,5,269,"{""sequence"": 44}"
882000,collision_detected,5,269,"{""with_packet_id"": 267}"
882000,collision_detected,5,269,"{""with_packet_id"": 268}"
882000,tx_start,5,269,"{""airtime_us"": 1316}"
882316,packet_collided,3,267,{}
882500,voice_frame_generated,6,270,"{""sequence"": 44}"
882500,collision_detected,6,270,"{""with_packet_id"": 268}"
882500,collision_detected,6,270,"{""with_packet_id"": 269}"
882500,tx_start,6,270,"{""airtime_us"": 1316}"
882816,packet_collided,4,268,{}
883316,packet_collided,5,269,{}
883816,packet_collided,6,270,{}
900000,voice_frame_generated,1,271,"{""sequence"": 45}"
900000,tx_start,1,271,"{""airtime_us"": 1316}"
900500,voice_frame_generated,2,272,"{""sequence"": 45}"
900500,collision_detected,2,272,"{""with_packet_id"": 271}"
900500,tx_start,2,272,"{""airtime_us"": 1316}"
901000,voice_frame_generated,3,273,"{""sequence"": 45}"
901000,collision_detected,3,273,"{""with_packet_id"": 271}"
901000,collision_detected,3,273,"{""with_packet_id"": 272}"
901000,tx_start,3,273,"{""airtime_us"": 1316}"
901316,packet_collided,1,271,{}
901500,voice_frame_generated,4,274,"{""sequence"": 45}"
901500,collision_detected,4,274,"{""with_packet_id"": 272}"
901500,collision_detected,4,274,"{""with_packet_id"": 273}"
901500,tx_start,4,274,"{""airtime_us"": 1316}"
901816,packet_collided,2,272,{}
902000,voice_frame_generated,5,275,"{""sequence"": 45}"
902000,collision_detected,5,275,"{""with_packet_id"": 273}"
902000,collision_detected,5,275,"{""with_packet_id"": 274}"
902000,tx_start,5,275,"{""airtime_us"": 1316}"
902316,packet_collided,3,273,{}
902500,voice_frame_generated,6,276,"{""sequence"": 45}"
902500,collision_detected,6,276,"{""with_packet_id"": 274}"
902500,collision_detected,6,276,"{""with_packet_id"": 275}"
902500,tx_start,6,276,"{""airtime_us"": 1316}"
902816,packet_collided,4,274,{}
903316,packet_collided,5,275,{}
903816,packet_collided,6,276,{}
920000,voice_frame_generated,1,277,"{""sequence"": 46}"
920000,tx_start,1,277,"{""airtime_us"": 1316}"
920500,voice_frame_generated,2,278,"{""sequence"": 46}"
920500,collision_detected,2,278,"{""with_packet_id"": 277}"
920500,tx_start,2,278,"{""airtime_us"": 1316}"
921000,voice_frame_generated,3,279,"{""sequence"": 46}"
921000,collision_detected,3,279,"{""with_packet_id"": 277}"
921000,collision_detected,3,279,"{""with_packet_id"": 278}"
921000,tx_start,3,279,"{""airtime_us"": 1316}"
921316,packet_collided,1,277,{}
921500,voice_frame_generated,4,280,"{""sequence"": 46}"
921500,collision_detected,4,280,"{""with_packet_id"": 278}"
921500,collision_detected,4,280,"{""with_packet_id"": 279}"
921500,tx_start,4,280,"{""airtime_us"": 1316}"
921816,packet_collided,2,278,{}
922000,voice_frame_generated,5,281,"{""sequence"": 46}"
922000,collision_detected,5,281,"{""with_packet_id"": 279}"
922000,collision_detected,5,281,"{""with_packet_id"": 280}"
922000,tx_start,5,281,"{""airtime_us"": 1316}"
922316,packet_collided,3,279,{}
922500,voice_frame_generated,6,282,"{""sequence"": 46}"
922500,collision_detected,6,282,"{""with_packet_id"": 280}"
922500,collision_detected,6,282,"{""with_packet_id"": 281}"
922500,tx_start,6,282,"{""airtime_us"": 1316}"
922816,packet_collided,4,280,{}
923316,packet_collided,5,281,{}
923816,packet_collided,6,282,{}
940000,voice_frame_generated,1,283,"{""sequence"": 47}"
940000,tx_start,1,283,"{""airtime_us"": 1316}"
940500,voice_frame_generated,2,284,"{""sequence"": 47}"
940500,collision_detected,2,284,"{""with_packet_id"": 283}"
940500,tx_start,2,284,"{""airtime_us"": 1316}"
941000,voice_frame_generated,3,285,"{""sequence"": 47}"
941000,collision_detected,3,285,"{""with_packet_id"": 283}"
941000,collision_detected,3,285,"{""with_packet_id"": 284}"
941000,tx_start,3,285,"{""airtime_us"": 1316}"
941316,packet_collided,1,283,{}
941500,voice_frame_generated,4,286,"{""sequence"": 47}"
941500,collision_detected,4,286,"{""with_packet_id"": 284}"
941500,collision_detected,4,286,"{""with_packet_id"": 285}"
941500,tx_start,4,286,"{""airtime_us"": 1316}"
941816,packet_collided,2,284,{}
942000,voice_frame_generated,5,287,"{""sequence"": 47}"
942000,collision_detected,5,287,"{""with_packet_id"": 285}"
942000,collision_detected,5,287,"{""with_packet_id"": 286}"
942000,tx_start,5,287,"{""airtime_us"": 1316}"
942316,packet_collided,3,285,{}
942500,voice_frame_generated,6,288,"{""sequence"": 47}"
942500,collision_detected,6,288,"{""with_packet_id"": 286}"
942500,collision_detected,6,288,"{""with_packet_id"": 287}"
942500,tx_start,6,288,"{""airtime_us"": 1316}"
942816,packet_collided,4,286,{}
943316,packet_collided,5,287,{}
943816,packet_collided,6,288,{}
960000,voice_frame_generated,1,289,"{""sequence"": 48}"
960000,tx_start,1,289,"{""airtime_us"": 1316}"
960500,voice_frame_generated,2,290,"{""sequence"": 48}"
960500,collision_detected,2,290,"{""with_packet_id"": 289}"
960500,tx_start,2,290,"{""airtime_us"": 1316}"
961000,voice_frame_generated,3,291,"{""sequence"": 48}"
961000,collision_detected,3,291,"{""with_packet_id"": 289}"
961000,collision_detected,3,291,"{""with_packet_id"": 290}"
961000,tx_start,3,291,"{""airtime_us"": 1316}"
961316,packet_collided,1,289,{}
961500,voice_frame_generated,4,292,"{""sequence"": 48}"
961500,collision_detected,4,292,"{""with_packet_id"": 290}"
961500,collision_detected,4,292,"{""with_packet_id"": 291}"
961500,tx_start,4,292,"{""airtime_us"": 1316}"
961816,packet_collided,2,290,{}
962000,voice_frame_generated,5,293,"{""sequence"": 48}"
962000,collision_detected,5,293,"{""with_packet_id"": 291}"
962000,collision_detected,5,293,"{""with_packet_id"": 292}"
962000,tx_start,5,293,"{""airtime_us"": 1316}"
962316,packet_collided,3,291,{}
962500,voice_frame_generated,6,294,"{""sequence"": 48}"
962500,collision_detected,6,294,"{""with_packet_id"": 292}"
962500,collision_detected,6,294,"{""with_packet_id"": 293}"
962500,tx_start,6,294,"{""airtime_us"": 1316}"
962816,packet_collided,4,292,{}
963316,packet_collided,5,293,{}
963816,packet_collided,6,294,{}
980000,voice_frame_generated,1,295,"{""sequence"": 49}"
980000,tx_start,1,295,"{""airtime_us"": 1316}"
980500,voice_frame_generated,2,296,"{""sequence"": 49}"
980500,collision_detected,2,296,"{""with_packet_id"": 295}"
980500,tx_start,2,296,"{""airtime_us"": 1316}"
981000,voice_frame_generated,3,297,"{""sequence"": 49}"
981000,collision_detected,3,297,"{""with_packet_id"": 295}"
981000,collision_detected,3,297,"{""with_packet_id"": 296}"
981000,tx_start,3,297,"{""airtime_us"": 1316}"
981316,packet_collided,1,295,{}
981500,voice_frame_generated,4,298,"{""sequence"": 49}"
981500,collision_detected,4,298,"{""with_packet_id"": 296}"
981500,collision_detected,4,298,"{""with_packet_id"": 297}"
981500,tx_start,4,298,"{""airtime_us"": 1316}"
981816,packet_collided,2,296,{}
982000,voice_frame_generated,5,299,"{""sequence"": 49}"
982000,collision_detected,5,299,"{""with_packet_id"": 297}"
982000,collision_detected,5,299,"{""with_packet_id"": 298}"
982000,tx_start,5,299,"{""airtime_us"": 1316}"
982316,packet_collided,3,297,{}
982500,voice_frame_generated,6,300,"{""sequence"": 49}"
982500,collision_detected,6,300,"{""with_packet_id"": 298}"
982500,collision_detected,6,300,"{""with_packet_id"": 299}"
982500,tx_start,6,300,"{""airtime_us"": 1316}"
982816,packet_collided,4,298,{}
983316,packet_collided,5,299,{}
983816,packet_collided,6,300,{}
1000000,voice_frame_generated,1,301,"{""sequence"": 50}"
1000000,tx_start,1,301,"{""airtime_us"": 1316}"
1000500,voice_frame_generated,2,302,"{""sequence"": 50}"
1000500,collision_detected,2,302,"{""with_packet_id"": 301}"
1000500,tx_start,2,302,"{""airtime_us"": 1316}"
1001000,voice_frame_generated,3,303,"{""sequence"": 50}"
1001000,collision_detected,3,303,"{""with_packet_id"": 301}"
1001000,collision_detected,3,303,"{""with_packet_id"": 302}"
1001000,tx_start,3,303,"{""airtime_us"": 1316}"
1001316,packet_collided,1,301,{}
1001500,voice_frame_generated,4,304,"{""sequence"": 50}"
1001500,collision_detected,4,304,"{""with_packet_id"": 302}"
1001500,collision_detected,4,304,"{""with_packet_id"": 303}"
1001500,tx_start,4,304,"{""airtime_us"": 1316}"
1001816,packet_collided,2,302,{}
1002000,voice_frame_generated,5,305,"{""sequence"": 50}"
1002000,collision_detected,5,305,"{""with_packet_id"": 303}"
1002000,collision_detected,5,305,"{""with_packet_id"": 304}"
1002000,tx_start,5,305,"{""airtime_us"": 1316}"
1002316,packet_collided,3,303,{}
1002500,voice_frame_generated,6,306,"{""sequence"": 50}"
1002500,collision_detected,6,306,"{""with_packet_id"": 304}"
1002500,collision_detected,6,306,"{""with_packet_id"": 305}"
1002500,tx_start,6,306,"{""airtime_us"": 1316}"
1002816,packet_collided,4,304,{}
1003316,packet_collided,5,305,{}
1003816,packet_collided,6,306,{}
1020000,voice_frame_generated,1,307,"{""sequence"": 51}"
1020000,tx_start,1,307,"{""airtime_us"": 1316}"
1020500,voice_frame_generated,2,308,"{""sequence"": 51}"
1020500,collision_detected,2,308,"{""with_packet_id"": 307}"
1020500,tx_start,2,308,"{""airtime_us"": 1316}"
1021000,voice_frame_generated,3,309,"{""sequence"": 51}"
1021000,collision_detected,3,309,"{""with_packet_id"": 307}"
1021000,collision_detected,3,309,"{""with_packet_id"": 308}"
1021000,tx_start,3,309,"{""airtime_us"": 1316}"
1021316,packet_collided,1,307,{}
1021500,voice_frame_generated,4,310,"{""sequence"": 51}"
1021500,collision_detected,4,310,"{""with_packet_id"": 308}"
1021500,collision_detected,4,310,"{""with_packet_id"": 309}"
1021500,tx_start,4,310,"{""airtime_us"": 1316}"
1021816,packet_collided,2,308,{}
1022000,voice_frame_generated,5,311,"{""sequence"": 51}"
1022000,collision_detected,5,311,"{""with_packet_id"": 309}"
1022000,collision_detected,5,311,"{""with_packet_id"": 310}"
1022000,tx_start,5,311,"{""airtime_us"": 1316}"
1022316,packet_collided,3,309,{}
1022500,voice_frame_generated,6,312,"{""sequence"": 51}"
1022500,collision_detected,6,312,"{""with_packet_id"": 310}"
1022500,collision_detected,6,312,"{""with_packet_id"": 311}"
1022500,tx_start,6,312,"{""airtime_us"": 1316}"
1022816,packet_collided,4,310,{}
1023316,packet_collided,5,311,{}
1023816,packet_collided,6,312,{}
1040000,voice_frame_generated,1,313,"{""sequence"": 52}"
1040000,tx_start,1,313,"{""airtime_us"": 1316}"
1040500,voice_frame_generated,2,314,"{""sequence"": 52}"
1040500,collision_detected,2,314,"{""with_packet_id"": 313}"
1040500,tx_start,2,314,"{""airtime_us"": 1316}"
1041000,voice_frame_generated,3,315,"{""sequence"": 52}"
1041000,collision_detected,3,315,"{""with_packet_id"": 313}"
1041000,collision_detected,3,315,"{""with_packet_id"": 314}"
1041000,tx_start,3,315,"{""airtime_us"": 1316}"
1041316,packet_collided,1,313,{}
1041500,voice_frame_generated,4,316,"{""sequence"": 52}"
1041500,collision_detected,4,316,"{""with_packet_id"": 314}"
1041500,collision_detected,4,316,"{""with_packet_id"": 315}"
1041500,tx_start,4,316,"{""airtime_us"": 1316}"
1041816,packet_collided,2,314,{}
1042000,voice_frame_generated,5,317,"{""sequence"": 52}"
1042000,collision_detected,5,317,"{""with_packet_id"": 315}"
1042000,collision_detected,5,317,"{""with_packet_id"": 316}"
1042000,tx_start,5,317,"{""airtime_us"": 1316}"
1042316,packet_collided,3,315,{}
1042500,voice_frame_generated,6,318,"{""sequence"": 52}"
1042500,collision_detected,6,318,"{""with_packet_id"": 316}"
1042500,collision_detected,6,318,"{""with_packet_id"": 317}"
1042500,tx_start,6,318,"{""airtime_us"": 1316}"
1042816,packet_collided,4,316,{}
1043316,packet_collided,5,317,{}
1043816,packet_collided,6,318,{}
1060000,voice_frame_generated,1,319,"{""sequence"": 53}"
1060000,tx_start,1,319,"{""airtime_us"": 1316}"
1060500,voice_frame_generated,2,320,"{""sequence"": 53}"
1060500,collision_detected,2,320,"{""with_packet_id"": 319}"
1060500,tx_start,2,320,"{""airtime_us"": 1316}"
1061000,voice_frame_generated,3,321,"{""sequence"": 53}"
1061000,collision_detected,3,321,"{""with_packet_id"": 319}"
1061000,collision_detected,3,321,"{""with_packet_id"": 320}"
1061000,tx_start,3,321,"{""airtime_us"": 1316}"
1061316,packet_collided,1,319,{}
1061500,voice_frame_generated,4,322,"{""sequence"": 53}"
1061500,collision_detected,4,322,"{""with_packet_id"": 320}"
1061500,collision_detected,4,322,"{""with_packet_id"": 321}"
1061500,tx_start,4,322,"{""airtime_us"": 1316}"
1061816,packet_collided,2,320,{}
1062000,voice_frame_generated,5,323,"{""sequence"": 53}"
1062000,collision_detected,5,323,"{""with_packet_id"": 321}"
1062000,collision_detected,5,323,"{""with_packet_id"": 322}"
1062000,tx_start,5,323,"{""airtime_us"": 1316}"
1062316,packet_collided,3,321,{}
1062500,voice_frame_generated,6,324,"{""sequence"": 53}"
1062500,collision_detected,6,324,"{""with_packet_id"": 322}"
1062500,collision_detected,6,324,"{""with_packet_id"": 323}"
1062500,tx_start,6,324,"{""airtime_us"": 1316}"
1062816,packet_collided,4,322,{}
1063316,packet_collided,5,323,{}
1063816,packet_collided,6,324,{}
1080000,voice_frame_generated,1,325,"{""sequence"": 54}"
1080000,tx_start,1,325,"{""airtime_us"": 1316}"
1080500,voice_frame_generated,2,326,"{""sequence"": 54}"
1080500,collision_detected,2,326,"{""with_packet_id"": 325}"
1080500,tx_start,2,326,"{""airtime_us"": 1316}"
1081000,voice_frame_generated,3,327,"{""sequence"": 54}"
1081000,collision_detected,3,327,"{""with_packet_id"": 325}"
1081000,collision_detected,3,327,"{""with_packet_id"": 326}"
1081000,tx_start,3,327,"{""airtime_us"": 1316}"
1081316,packet_collided,1,325,{}
1081500,voice_frame_generated,4,328,"{""sequence"": 54}"
1081500,collision_detected,4,328,"{""with_packet_id"": 326}"
1081500,collision_detected,4,328,"{""with_packet_id"": 327}"
1081500,tx_start,4,328,"{""airtime_us"": 1316}"
1081816,packet_collided,2,326,{}
1082000,voice_frame_generated,5,329,"{""sequence"": 54}"
1082000,collision_detected,5,329,"{""with_packet_id"": 327}"
1082000,collision_detected,5,329,"{""with_packet_id"": 328}"
1082000,tx_start,5,329,"{""airtime_us"": 1316}"
1082316,packet_collided,3,327,{}
1082500,voice_frame_generated,6,330,"{""sequence"": 54}"
1082500,collision_detected,6,330,"{""with_packet_id"": 328}"
1082500,collision_detected,6,330,"{""with_packet_id"": 329}"
1082500,tx_start,6,330,"{""airtime_us"": 1316}"
1082816,packet_collided,4,328,{}
1083316,packet_collided,5,329,{}
1083816,packet_collided,6,330,{}
1100000,voice_frame_generated,1,331,"{""sequence"": 55}"
1100000,tx_start,1,331,"{""airtime_us"": 1316}"
1100500,voice_frame_generated,2,332,"{""sequence"": 55}"
1100500,collision_detected,2,332,"{""with_packet_id"": 331}"
1100500,tx_start,2,332,"{""airtime_us"": 1316}"
1101000,voice_frame_generated,3,333,"{""sequence"": 55}"
1101000,collision_detected,3,333,"{""with_packet_id"": 331}"
1101000,collision_detected,3,333,"{""with_packet_id"": 332}"
1101000,tx_start,3,333,"{""airtime_us"": 1316}"
1101316,packet_collided,1,331,{}
1101500,voice_frame_generated,4,334,"{""sequence"": 55}"
1101500,collision_detected,4,334,"{""with_packet_id"": 332}"
1101500,collision_detected,4,334,"{""with_packet_id"": 333}"
1101500,tx_start,4,334,"{""airtime_us"": 1316}"
1101816,packet_collided,2,332,{}
1102000,voice_frame_generated,5,335,"{""sequence"": 55}"
1102000,collision_detected,5,335,"{""with_packet_id"": 333}"
1102000,collision_detected,5,335,"{""with_packet_id"": 334}"
1102000,tx_start,5,335,"{""airtime_us"": 1316}"
1102316,packet_collided,3,333,{}
1102500,voice_frame_generated,6,336,"{""sequence"": 55}"
1102500,collision_detected,6,336,"{""with_packet_id"": 334}"
1102500,collision_detected,6,336,"{""with_packet_id"": 335}"
1102500,tx_start,6,336,"{""airtime_us"": 1316}"
1102816,packet_collided,4,334,{}
1103316,packet_collided,5,335,{}
1103816,packet_collided,6,336,{}
1120000,voice_frame_generated,1,337,"{""sequence"": 56}"
1120000,tx_start,1,337,"{""airtime_us"": 1316}"
1120500,voice_frame_generated,2,338,"{""sequence"": 56}"
1120500,collision_detected,2,338,"{""with_packet_id"": 337}"
1120500,tx_start,2,338,"{""airtime_us"": 1316}"
1121000,voice_frame_generated,3,339,"{""sequence"": 56}"
1121000,collision_detected,3,339,"{""with_packet_id"": 337}"
1121000,collision_detected,3,339,"{""with_packet_id"": 338}"
1121000,tx_start,3,339,"{""airtime_us"": 1316}"
1121316,packet_collided,1,337,{}
1121500,voice_frame_generated,4,340,"{""sequence"": 56}"
1121500,collision_detected,4,340,"{""with_packet_id"": 338}"
1121500,collision_detected,4,340,"{""with_packet_id"": 339}"
1121500,tx_start,4,340,"{""airtime_us"": 1316}"
1121816,packet_collided,2,338,{}
1122000,voice_frame_generated,5,341,"{""sequence"": 56}"
1122000,collision_detected,5,341,"{""with_packet_id"": 339}"
1122000,collision_detected,5,341,"{""with_packet_id"": 340}"
1122000,tx_start,5,341,"{""airtime_us"": 1316}"
1122316,packet_collided,3,339,{}
1122500,voice_frame_generated,6,342,"{""sequence"": 56}"
1122500,collision_detected,6,342,"{""with_packet_id"": 340}"
1122500,collision_detected,6,342,"{""with_packet_id"": 341}"
1122500,tx_start,6,342,"{""airtime_us"": 1316}"
1122816,packet_collided,4,340,{}
1123316,packet_collided,5,341,{}
1123816,packet_collided,6,342,{}
1140000,voice_frame_generated,1,343,"{""sequence"": 57}"
1140000,tx_start,1,343,"{""airtime_us"": 1316}"
1140500,voice_frame_generated,2,344,"{""sequence"": 57}"
1140500,collision_detected,2,344,"{""with_packet_id"": 343}"
1140500,tx_start,2,344,"{""airtime_us"": 1316}"
1141000,voice_frame_generated,3,345,"{""sequence"": 57}"
1141000,collision_detected,3,345,"{""with_packet_id"": 343}"
1141000,collision_detected,3,345,"{""with_packet_id"": 344}"
1141000,tx_start,3,345,"{""airtime_us"": 1316}"
1141316,packet_collided,1,343,{}
1141500,voice_frame_generated,4,346,"{""sequence"": 57}"
1141500,collision_detected,4,346,"{""with_packet_id"": 344}"
1141500,collision_detected,4,346,"{""with_packet_id"": 345}"
1141500,tx_start,4,346,"{""airtime_us"": 1316}"
1141816,packet_collided,2,344,{}
1142000,voice_frame_generated,5,347,"{""sequence"": 57}"
1142000,collision_detected,5,347,"{""with_packet_id"": 345}"
1142000,collision_detected,5,347,"{""with_packet_id"": 346}"
1142000,tx_start,5,347,"{""airtime_us"": 1316}"
1142316,packet_collided,3,345,{}
1142500,voice_frame_generated,6,348,"{""sequence"": 57}"
1142500,collision_detected,6,348,"{""with_packet_id"": 346}"
1142500,collision_detected,6,348,"{""with_packet_id"": 347}"
1142500,tx_start,6,348,"{""airtime_us"": 1316}"
1142816,packet_collided,4,346,{}
1143316,packet_collided,5,347,{}
1143816,packet_collided,6,348,{}
1160000,voice_frame_generated,1,349,"{""sequence"": 58}"
1160000,tx_start,1,349,"{""airtime_us"": 1316}"
1160500,voice_frame_generated,2,350,"{""sequence"": 58}"
1160500,collision_detected,2,350,"{""with_packet_id"": 349}"
1160500,tx_start,2,350,"{""airtime_us"": 1316}"
1161000,voice_frame_generated,3,351,"{""sequence"": 58}"
1161000,collision_detected,3,351,"{""with_packet_id"": 349}"
1161000,collision_detected,3,351,"{""with_packet_id"": 350}"
1161000,tx_start,3,351,"{""airtime_us"": 1316}"
1161316,packet_collided,1,349,{}
1161500,voice_frame_generated,4,352,"{""sequence"": 58}"
1161500,collision_detected,4,352,"{""with_packet_id"": 350}"
1161500,collision_detected,4,352,"{""with_packet_id"": 351}"
1161500,tx_start,4,352,"{""airtime_us"": 1316}"
1161816,packet_collided,2,350,{}
1162000,voice_frame_generated,5,353,"{""sequence"": 58}"
1162000,collision_detected,5,353,"{""with_packet_id"": 351}"
1162000,collision_detected,5,353,"{""with_packet_id"": 352}"
1162000,tx_start,5,353,"{""airtime_us"": 1316}"
1162316,packet_collided,3,351,{}
1162500,voice_frame_generated,6,354,"{""sequence"": 58}"
1162500,collision_detected,6,354,"{""with_packet_id"": 352}"
1162500,collision_detected,6,354,"{""with_packet_id"": 353}"
1162500,tx_start,6,354,"{""airtime_us"": 1316}"
1162816,packet_collided,4,352,{}
1163316,packet_collided,5,353,{}
1163816,packet_collided,6,354,{}
1180000,voice_frame_generated,1,355,"{""sequence"": 59}"
1180000,tx_start,1,355,"{""airtime_us"": 1316}"
1180500,voice_frame_generated,2,356,"{""sequence"": 59}"
1180500,collision_detected,2,356,"{""with_packet_id"": 355}"
1180500,tx_start,2,356,"{""airtime_us"": 1316}"
1181000,voice_frame_generated,3,357,"{""sequence"": 59}"
1181000,collision_detected,3,357,"{""with_packet_id"": 355}"
1181000,collision_detected,3,357,"{""with_packet_id"": 356}"
1181000,tx_start,3,357,"{""airtime_us"": 1316}"
1181316,packet_collided,1,355,{}
1181500,voice_frame_generated,4,358,"{""sequence"": 59}"
1181500,collision_detected,4,358,"{""with_packet_id"": 356}"
1181500,collision_detected,4,358,"{""with_packet_id"": 357}"
1181500,tx_start,4,358,"{""airtime_us"": 1316}"
1181816,packet_collided,2,356,{}
1182000,voice_frame_generated,5,359,"{""sequence"": 59}"
1182000,collision_detected,5,359,"{""with_packet_id"": 357}"
1182000,collision_detected,5,359,"{""with_packet_id"": 358}"
1182000,tx_start,5,359,"{""airtime_us"": 1316}"
1182316,packet_collided,3,357,{}
1182500,voice_frame_generated,6,360,"{""sequence"": 59}"
1182500,collision_detected,6,360,"{""with_packet_id"": 358}"
1182500,collision_detected,6,360,"{""with_packet_id"": 359}"
1182500,tx_start,6,360,"{""airtime_us"": 1316}"
1182816,packet_collided,4,358,{}
1183316,packet_collided,5,359,{}
1183816,packet_collided,6,360,{}
1200000,voice_frame_generated,1,361,"{""sequence"": 60}"
1200000,tx_start,1,361,"{""airtime_us"": 1316}"
1200500,voice_frame_generated,2,362,"{""sequence"": 60}"
1200500,collision_detected,2,362,"{""with_packet_id"": 361}"
1200500,tx_start,2,362,"{""airtime_us"": 1316}"
1201000,voice_frame_generated,3,363,"{""sequence"": 60}"
1201000,collision_detected,3,363,"{""with_packet_id"": 361}"
1201000,collision_detected,3,363,"{""with_packet_id"": 362}"
1201000,tx_start,3,363,"{""airtime_us"": 1316}"
1201316,packet_collided,1,361,{}
1201500,voice_frame_generated,4,364,"{""sequence"": 60}"
1201500,collision_detected,4,364,"{""with_packet_id"": 362}"
1201500,collision_detected,4,364,"{""with_packet_id"": 363}"
1201500,tx_start,4,364,"{""airtime_us"": 1316}"
1201816,packet_collided,2,362,{}
1202000,voice_frame_generated,5,365,"{""sequence"": 60}"
1202000,collision_detected,5,365,"{""with_packet_id"": 363}"
1202000,collision_detected,5,365,"{""with_packet_id"": 364}"
1202000,tx_start,5,365,"{""airtime_us"": 1316}"
1202316,packet_collided,3,363,{}
1202500,voice_frame_generated,6,366,"{""sequence"": 60}"
1202500,collision_detected,6,366,"{""with_packet_id"": 364}"
1202500,collision_detected,6,366,"{""with_packet_id"": 365}"
1202500,tx_start,6,366,"{""airtime_us"": 1316}"
1202816,packet_collided,4,364,{}
1203316,packet_collided,5,365,{}
1203816,packet_collided,6,366,{}
1220000,voice_frame_generated,1,367,"{""sequence"": 61}"
1220000,tx_start,1,367,"{""airtime_us"": 1316}"
1220500,voice_frame_generated,2,368,"{""sequence"": 61}"
1220500,collision_detected,2,368,"{""with_packet_id"": 367}"
1220500,tx_start,2,368,"{""airtime_us"": 1316}"
1221000,voice_frame_generated,3,369,"{""sequence"": 61}"
1221000,collision_detected,3,369,"{""with_packet_id"": 367}"
1221000,collision_detected,3,369,"{""with_packet_id"": 368}"
1221000,tx_start,3,369,"{""airtime_us"": 1316}"
1221316,packet_collided,1,367,{}
1221500,voice_frame_generated,4,370,"{""sequence"": 61}"
1221500,collision_detected,4,370,"{""with_packet_id"": 368}"
1221500,collision_detected,4,370,"{""with_packet_id"": 369}"
1221500,tx_start,4,370,"{""airtime_us"": 1316}"
1221816,packet_collided,2,368,{}
1222000,voice_frame_generated,5,371,"{""sequence"": 61}"
1222000,collision_detected,5,371,"{""with_packet_id"": 369}"
1222000,collision_detected,5,371,"{""with_packet_id"": 370}"
1222000,tx_start,5,371,"{""airtime_us"": 1316}"
1222316,packet_collided,3,369,{}
1222500,voice_frame_generated,6,372,"{""sequence"": 61}"
1222500,collision_detected,6,372,"{""with_packet_id"": 370}"
1222500,collision_detected,6,372,"{""with_packet_id"": 371}"
1222500,tx_start,6,372,"{""airtime_us"": 1316}"
1222816,packet_collided,4,370,{}
1223316,packet_collided,5,371,{}
1223816,packet_collided,6,372,{}
1240000,voice_frame_generated,1,373,"{""sequence"": 62}"
1240000,tx_start,1,373,"{""airtime_us"": 1316}"
1240500,voice_frame_generated,2,374,"{""sequence"": 62}"
1240500,collision_detected,2,374,"{""with_packet_id"": 373}"
1240500,tx_start,2,374,"{""airtime_us"": 1316}"
1241000,voice_frame_generated,3,375,"{""sequence"": 62}"
1241000,collision_detected,3,375,"{""with_packet_id"": 373}"
1241000,collision_detected,3,375,"{""with_packet_id"": 374}"
1241000,tx_start,3,375,"{""airtime_us"": 1316}"
1241316,packet_collided,1,373,{}
1241500,voice_frame_generated,4,376,"{""sequence"": 62}"
1241500,collision_detected,4,376,"{""with_packet_id"": 374}"
1241500,collision_detected,4,376,"{""with_packet_id"": 375}"
1241500,tx_start,4,376,"{""airtime_us"": 1316}"
1241816,packet_collided,2,374,{}
1242000,voice_frame_generated,5,377,"{""sequence"": 62}"
1242000,collision_detected,5,377,"{""with_packet_id"": 375}"
1242000,collision_detected,5,377,"{""with_packet_id"": 376}"
1242000,tx_start,5,377,"{""airtime_us"": 1316}"
1242316,packet_collided,3,375,{}
1242500,voice_frame_generated,6,378,"{""sequence"": 62}"
1242500,collision_detected,6,378,"{""with_packet_id"": 376}"
1242500,collision_detected,6,378,"{""with_packet_id"": 377}"
1242500,tx_start,6,378,"{""airtime_us"": 1316}"
1242816,packet_collided,4,376,{}
1243316,packet_collided,5,377,{}
1243816,packet_collided,6,378,{}
1260000,voice_frame_generated,1,379,"{""sequence"": 63}"
1260000,tx_start,1,379,"{""airtime_us"": 1316}"
1260500,voice_frame_generated,2,380,"{""sequence"": 63}"
1260500,collision_detected,2,380,"{""with_packet_id"": 379}"
1260500,tx_start,2,380,"{""airtime_us"": 1316}"
1261000,voice_frame_generated,3,381,"{""sequence"": 63}"
1261000,collision_detected,3,381,"{""with_packet_id"": 379}"
1261000,collision_detected,3,381,"{""with_packet_id"": 380}"
1261000,tx_start,3,381,"{""airtime_us"": 1316}"
1261316,packet_collided,1,379,{}
1261500,voice_frame_generated,4,382,"{""sequence"": 63}"
1261500,collision_detected,4,382,"{""with_packet_id"": 380}"
1261500,collision_detected,4,382,"{""with_packet_id"": 381}"
1261500,tx_start,4,382,"{""airtime_us"": 1316}"
1261816,packet_collided,2,380,{}
1262000,voice_frame_generated,5,383,"{""sequence"": 63}"
1262000,collision_detected,5,383,"{""with_packet_id"": 381}"
1262000,collision_detected,5,383,"{""with_packet_id"": 382}"
1262000,tx_start,5,383,"{""airtime_us"": 1316}"
1262316,packet_collided,3,381,{}
1262500,voice_frame_generated,6,384,"{""sequence"": 63}"
1262500,collision_detected,6,384,"{""with_packet_id"": 382}"
1262500,collision_detected,6,384,"{""with_packet_id"": 383}"
1262500,tx_start,6,384,"{""airtime_us"": 1316}"
1262816,packet_collided,4,382,{}
1263316,packet_collided,5,383,{}
1263816,packet_collided,6,384,{}
1280000,voice_frame_generated,1,385,"{""sequence"": 64}"
1280000,tx_start,1,385,"{""airtime_us"": 1316}"
1280500,voice_frame_generated,2,386,"{""sequence"": 64}"
1280500,collision_detected,2,386,"{""with_packet_id"": 385}"
1280500,tx_start,2,386,"{""airtime_us"": 1316}"
1281000,voice_frame_generated,3,387,"{""sequence"": 64}"
1281000,collision_detected,3,387,"{""with_packet_id"": 385}"
1281000,collision_detected,3,387,"{""with_packet_id"": 386}"
1281000,tx_start,3,387,"{""airtime_us"": 1316}"
1281316,packet_collided,1,385,{}
1281500,voice_frame_generated,4,388,"{""sequence"": 64}"
1281500,collision_detected,4,388,"{""with_packet_id"": 386}"
1281500,collision_detected,4,388,"{""with_packet_id"": 387}"
1281500,tx_start,4,388,"{""airtime_us"": 1316}"
1281816,packet_collided,2,386,{}
1282000,voice_frame_generated,5,389,"{""sequence"": 64}"
1282000,collision_detected,5,389,"{""with_packet_id"": 387}"
1282000,collision_detected,5,389,"{""with_packet_id"": 388}"
1282000,tx_start,5,389,"{""airtime_us"": 1316}"
1282316,packet_collided,3,387,{}
1282500,voice_frame_generated,6,390,"{""sequence"": 64}"
1282500,collision_detected,6,390,"{""with_packet_id"": 388}"
1282500,collision_detected,6,390,"{""with_packet_id"": 389}"
1282500,tx_start,6,390,"{""airtime_us"": 1316}"
1282816,packet_collided,4,388,{}
1283316,packet_collided,5,389,{}
1283816,packet_collided,6,390,{}
1300000,voice_frame_generated,1,391,"{""sequence"": 65}"
1300000,tx_start,1,391,"{""airtime_us"": 1316}"
1300500,voice_frame_generated,2,392,"{""sequence"": 65}"
1300500,collision_detected,2,392,"{""with_packet_id"": 391}"
1300500,tx_start,2,392,"{""airtime_us"": 1316}"
1301000,voice_frame_generated,3,393,"{""sequence"": 65}"
1301000,collision_detected,3,393,"{""with_packet_id"": 391}"
1301000,collision_detected,3,393,"{""with_packet_id"": 392}"
1301000,tx_start,3,393,"{""airtime_us"": 1316}"
1301316,packet_collided,1,391,{}
1301500,voice_frame_generated,4,394,"{""sequence"": 65}"
1301500,collision_detected,4,394,"{""with_packet_id"": 392}"
1301500,collision_detected,4,394,"{""with_packet_id"": 393}"
1301500,tx_start,4,394,"{""airtime_us"": 1316}"
1301816,packet_collided,2,392,{}
1302000,voice_frame_generated,5,395,"{""sequence"": 65}"
1302000,collision_detected,5,395,"{""with_packet_id"": 393}"
1302000,collision_detected,5,395,"{""with_packet_id"": 394}"
1302000,tx_start,5,395,"{""airtime_us"": 1316}"
1302316,packet_collided,3,393,{}
1302500,voice_frame_generated,6,396,"{""sequence"": 65}"
1302500,collision_detected,6,396,"{""with_packet_id"": 394}"
1302500,collision_detected,6,396,"{""with_packet_id"": 395}"
1302500,tx_start,6,396,"{""airtime_us"": 1316}"
1302816,packet_collided,4,394,{}
1303316,packet_collided,5,395,{}
1303816,packet_collided,6,396,{}
1320000,voice_frame_generated,1,397,"{""sequence"": 66}"
1320000,tx_start,1,397,"{""airtime_us"": 1316}"
1320500,voice_frame_generated,2,398,"{""sequence"": 66}"
1320500,collision_detected,2,398,"{""with_packet_id"": 397}"
1320500,tx_start,2,398,"{""airtime_us"": 1316}"
1321000,voice_frame_generated,3,399,"{""sequence"": 66}"
1321000,collision_detected,3,399,"{""with_packet_id"": 397}"
1321000,collision_detected,3,399,"{""with_packet_id"": 398}"
1321000,tx_start,3,399,"{""airtime_us"": 1316}"
1321316,packet_collided,1,397,{}
1321500,voice_frame_generated,4,400,"{""sequence"": 66}"
1321500,collision_detected,4,400,"{""with_packet_id"": 398}"
1321500,collision_detected,4,400,"{""with_packet_id"": 399}"
1321500,tx_start,4,400,"{""airtime_us"": 1316}"
1321816,packet_collided,2,398,{}
1322000,voice_frame_generated,5,401,"{""sequence"": 66}"
1322000,collision_detected,5,401,"{""with_packet_id"": 399}"
1322000,collision_detected,5,401,"{""with_packet_id"": 400}"
1322000,tx_start,5,401,"{""airtime_us"": 1316}"
1322316,packet_collided,3,399,{}
1322500,voice_frame_generated,6,402,"{""sequence"": 66}"
1322500,collision_detected,6,402,"{""with_packet_id"": 400}"
1322500,collision_detected,6,402,"{""with_packet_id"": 401}"
1322500,tx_start,6,402,"{""airtime_us"": 1316}"
1322816,packet_collided,4,400,{}
1323316,packet_collided,5,401,{}
1323816,packet_collided,6,402,{}
1340000,voice_frame_generated,1,403,"{""sequence"": 67}"
1340000,tx_start,1,403,"{""airtime_us"": 1316}"
1340500,voice_frame_generated,2,404,"{""sequence"": 67}"
1340500,collision_detected,2,404,"{""with_packet_id"": 403}"
1340500,tx_start,2,404,"{""airtime_us"": 1316}"
1341000,voice_frame_generated,3,405,"{""sequence"": 67}"
1341000,collision_detected,3,405,"{""with_packet_id"": 403}"
1341000,collision_detected,3,405,"{""with_packet_id"": 404}"
1341000,tx_start,3,405,"{""airtime_us"": 1316}"
1341316,packet_collided,1,403,{}
1341500,voice_frame_generated,4,406,"{""sequence"": 67}"
1341500,collision_detected,4,406,"{""with_packet_id"": 404}"
1341500,collision_detected,4,406,"{""with_packet_id"": 405}"
1341500,tx_start,4,406,"{""airtime_us"": 1316}"
1341816,packet_collided,2,404,{}
1342000,voice_frame_generated,5,407,"{""sequence"": 67}"
1342000,collision_detected,5,407,"{""with_packet_id"": 405}"
1342000,collision_detected,5,407,"{""with_packet_id"": 406}"
1342000,tx_start,5,407,"{""airtime_us"": 1316}"
1342316,packet_collided,3,405,{}
1342500,voice_frame_generated,6,408,"{""sequence"": 67}"
1342500,collision_detected,6,408,"{""with_packet_id"": 406}"
1342500,collision_detected,6,408,"{""with_packet_id"": 407}"
1342500,tx_start,6,408,"{""airtime_us"": 1316}"
1342816,packet_collided,4,406,{}
1343316,packet_collided,5,407,{}
1343816,packet_collided,6,408,{}
1360000,voice_frame_generated,1,409,"{""sequence"": 68}"
1360000,tx_start,1,409,"{""airtime_us"": 1316}"
1360500,voice_frame_generated,2,410,"{""sequence"": 68}"
1360500,collision_detected,2,410,"{""with_packet_id"": 409}"
1360500,tx_start,2,410,"{""airtime_us"": 1316}"
1361000,voice_frame_generated,3,411,"{""sequence"": 68}"
1361000,collision_detected,3,411,"{""with_packet_id"": 409}"
1361000,collision_detected,3,411,"{""with_packet_id"": 410}"
1361000,tx_start,3,411,"{""airtime_us"": 1316}"
1361316,packet_collided,1,409,{}
1361500,voice_frame_generated,4,412,"{""sequence"": 68}"
1361500,collision_detected,4,412,"{""with_packet_id"": 410}"
1361500,collision_detected,4,412,"{""with_packet_id"": 411}"
1361500,tx_start,4,412,"{""airtime_us"": 1316}"
1361816,packet_collided,2,410,{}
1362000,voice_frame_generated,5,413,"{""sequence"": 68}"
1362000,collision_detected,5,413,"{""with_packet_id"": 411}"
1362000,collision_detected,5,413,"{""with_packet_id"": 412}"
1362000,tx_start,5,413,"{""airtime_us"": 1316}"
1362316,packet_collided,3,411,{}
1362500,voice_frame_generated,6,414,"{""sequence"": 68}"
1362500,collision_detected,6,414,"{""with_packet_id"": 412}"
1362500,collision_detected,6,414,"{""with_packet_id"": 413}"
1362500,tx_start,6,414,"{""airtime_us"": 1316}"
1362816,packet_collided,4,412,{}
1363316,packet_collided,5,413,{}
1363816,packet_collided,6,414,{}
1380000,voice_frame_generated,1,415,"{""sequence"": 69}"
1380000,tx_start,1,415,"{""airtime_us"": 1316}"
1380500,voice_frame_generated,2,416,"{""sequence"": 69}"
1380500,collision_detected,2,416,"{""with_packet_id"": 415}"
1380500,tx_start,2,416,"{""airtime_us"": 1316}"
1381000,voice_frame_generated,3,417,"{""sequence"": 69}"
1381000,collision_detected,3,417,"{""with_packet_id"": 415}"
1381000,collision_detected,3,417,"{""with_packet_id"": 416}"
1381000,tx_start,3,417,"{""airtime_us"": 1316}"
1381316,packet_collided,1,415,{}
1381500,voice_frame_generated,4,418,"{""sequence"": 69}"
1381500,collision_detected,4,418,"{""with_packet_id"": 416}"
1381500,collision_detected,4,418,"{""with_packet_id"": 417}"
1381500,tx_start,4,418,"{""airtime_us"": 1316}"
1381816,packet_collided,2,416,{}
1382000,voice_frame_generated,5,419,"{""sequence"": 69}"
1382000,collision_detected,5,419,"{""with_packet_id"": 417}"
1382000,collision_detected,5,419,"{""with_packet_id"": 418}"
1382000,tx_start,5,419,"{""airtime_us"": 1316}"
1382316,packet_collided,3,417,{}
1382500,voice_frame_generated,6,420,"{""sequence"": 69}"
1382500,collision_detected,6,420,"{""with_packet_id"": 418}"
1382500,collision_detected,6,420,"{""with_packet_id"": 419}"
1382500,tx_start,6,420,"{""airtime_us"": 1316}"
1382816,packet_collided,4,418,{}
1383316,packet_collided,5,419,{}
1383816,packet_collided,6,420,{}
1400000,voice_frame_generated,1,421,"{""sequence"": 70}"
1400000,tx_start,1,421,"{""airtime_us"": 1316}"
1400500,voice_frame_generated,2,422,"{""sequence"": 70}"
1400500,collision_detected,2,422,"{""with_packet_id"": 421}"
1400500,tx_start,2,422,"{""airtime_us"": 1316}"
1401000,voice_frame_generated,3,423,"{""sequence"": 70}"
1401000,collision_detected,3,423,"{""with_packet_id"": 421}"
1401000,collision_detected,3,423,"{""with_packet_id"": 422}"
1401000,tx_start,3,423,"{""airtime_us"": 1316}"
1401316,packet_collided,1,421,{}
1401500,voice_frame_generated,4,424,"{""sequence"": 70}"
1401500,collision_detected,4,424,"{""with_packet_id"": 422}"
1401500,collision_detected,4,424,"{""with_packet_id"": 423}"
1401500,tx_start,4,424,"{""airtime_us"": 1316}"
1401816,packet_collided,2,422,{}
1402000,voice_frame_generated,5,425,"{""sequence"": 70}"
1402000,collision_detected,5,425,"{""with_packet_id"": 423}"
1402000,collision_detected,5,425,"{""with_packet_id"": 424}"
1402000,tx_start,5,425,"{""airtime_us"": 1316}"
1402316,packet_collided,3,423,{}
1402500,voice_frame_generated,6,426,"{""sequence"": 70}"
1402500,collision_detected,6,426,"{""with_packet_id"": 424}"
1402500,collision_detected,6,426,"{""with_packet_id"": 425}"
1402500,tx_start,6,426,"{""airtime_us"": 1316}"
1402816,packet_collided,4,424,{}
1403316,packet_collided,5,425,{}
1403816,packet_collided,6,426,{}
1420000,voice_frame_generated,1,427,"{""sequence"": 71}"
1420000,tx_start,1,427,"{""airtime_us"": 1316}"
1420500,voice_frame_generated,2,428,"{""sequence"": 71}"
1420500,collision_detected,2,428,"{""with_packet_id"": 427}"
1420500,tx_start,2,428,"{""airtime_us"": 1316}"
1421000,voice_frame_generated,3,429,"{""sequence"": 71}"
1421000,collision_detected,3,429,"{""with_packet_id"": 427}"
1421000,collision_detected,3,429,"{""with_packet_id"": 428}"
1421000,tx_start,3,429,"{""airtime_us"": 1316}"
1421316,packet_collided,1,427,{}
1421500,voice_frame_generated,4,430,"{""sequence"": 71}"
1421500,collision_detected,4,430,"{""with_packet_id"": 428}"
1421500,collision_detected,4,430,"{""with_packet_id"": 429}"
1421500,tx_start,4,430,"{""airtime_us"": 1316}"
1421816,packet_collided,2,428,{}
1422000,voice_frame_generated,5,431,"{""sequence"": 71}"
1422000,collision_detected,5,431,"{""with_packet_id"": 429}"
1422000,collision_detected,5,431,"{""with_packet_id"": 430}"
1422000,tx_start,5,431,"{""airtime_us"": 1316}"
1422316,packet_collided,3,429,{}
1422500,voice_frame_generated,6,432,"{""sequence"": 71}"
1422500,collision_detected,6,432,"{""with_packet_id"": 430}"
1422500,collision_detected,6,432,"{""with_packet_id"": 431}"
1422500,tx_start,6,432,"{""airtime_us"": 1316}"
1422816,packet_collided,4,430,{}
1423316,packet_collided,5,431,{}
1423816,packet_collided,6,432,{}
1440000,voice_frame_generated,1,433,"{""sequence"": 72}"
1440000,tx_start,1,433,"{""airtime_us"": 1316}"
1440500,voice_frame_generated,2,434,"{""sequence"": 72}"
1440500,collision_detected,2,434,"{""with_packet_id"": 433}"
1440500,tx_start,2,434,"{""airtime_us"": 1316}"
1441000,voice_frame_generated,3,435,"{""sequence"": 72}"
1441000,collision_detected,3,435,"{""with_packet_id"": 433}"
1441000,collision_detected,3,435,"{""with_packet_id"": 434}"
1441000,tx_start,3,435,"{""airtime_us"": 1316}"
1441316,packet_collided,1,433,{}
1441500,voice_frame_generated,4,436,"{""sequence"": 72}"
1441500,collision_detected,4,436,"{""with_packet_id"": 434}"
1441500,collision_detected,4,436,"{""with_packet_id"": 435}"
1441500,tx_start,4,436,"{""airtime_us"": 1316}"
1441816,packet_collided,2,434,{}
1442000,voice_frame_generated,5,437,"{""sequence"": 72}"
1442000,collision_detected,5,437,"{""with_packet_id"": 435}"
1442000,collision_detected,5,437,"{""with_packet_id"": 436}"
1442000,tx_start,5,437,"{""airtime_us"": 1316}"
1442316,packet_collided,3,435,{}
1442500,voice_frame_generated,6,438,"{""sequence"": 72}"
1442500,collision_detected,6,438,"{""with_packet_id"": 436}"
1442500,collision_detected,6,438,"{""with_packet_id"": 437}"
1442500,tx_start,6,438,"{""airtime_us"": 1316}"
1442816,packet_collided,4,436,{}
1443316,packet_collided,5,437,{}
1443816,packet_collided,6,438,{}
1460000,voice_frame_generated,1,439,"{""sequence"": 73}"
1460000,tx_start,1,439,"{""airtime_us"": 1316}"
1460500,voice_frame_generated,2,440,"{""sequence"": 73}"
1460500,collision_detected,2,440,"{""with_packet_id"": 439}"
1460500,tx_start,2,440,"{""airtime_us"": 1316}"
1461000,voice_frame_generated,3,441,"{""sequence"": 73}"
1461000,collision_detected,3,441,"{""with_packet_id"": 439}"
1461000,collision_detected,3,441,"{""with_packet_id"": 440}"
1461000,tx_start,3,441,"{""airtime_us"": 1316}"
1461316,packet_collided,1,439,{}
1461500,voice_frame_generated,4,442,"{""sequence"": 73}"
1461500,collision_detected,4,442,"{""with_packet_id"": 440}"
1461500,collision_detected,4,442,"{""with_packet_id"": 441}"
1461500,tx_start,4,442,"{""airtime_us"": 1316}"
1461816,packet_collided,2,440,{}
1462000,voice_frame_generated,5,443,"{""sequence"": 73}"
1462000,collision_detected,5,443,"{""with_packet_id"": 441}"
1462000,collision_detected,5,443,"{""with_packet_id"": 442}"
1462000,tx_start,5,443,"{""airtime_us"": 1316}"
1462316,packet_collided,3,441,{}
1462500,voice_frame_generated,6,444,"{""sequence"": 73}"
1462500,collision_detected,6,444,"{""with_packet_id"": 442}"
1462500,collision_detected,6,444,"{""with_packet_id"": 443}"
1462500,tx_start,6,444,"{""airtime_us"": 1316}"
1462816,packet_collided,4,442,{}
1463316,packet_collided,5,443,{}
1463816,packet_collided,6,444,{}
1480000,voice_frame_generated,1,445,"{""sequence"": 74}"
1480000,tx_start,1,445,"{""airtime_us"": 1316}"
1480500,voice_frame_generated,2,446,"{""sequence"": 74}"
1480500,collision_detected,2,446,"{""with_packet_id"": 445}"
1480500,tx_start,2,446,"{""airtime_us"": 1316}"
1481000,voice_frame_generated,3,447,"{""sequence"": 74}"
1481000,collision_detected,3,447,"{""with_packet_id"": 445}"
1481000,collision_detected,3,447,"{""with_packet_id"": 446}"
1481000,tx_start,3,447,"{""airtime_us"": 1316}"
1481316,packet_collided,1,445,{}
1481500,voice_frame_generated,4,448,"{""sequence"": 74}"
1481500,collision_detected,4,448,"{""with_packet_id"": 446}"
1481500,collision_detected,4,448,"{""with_packet_id"": 447}"
1481500,tx_start,4,448,"{""airtime_us"": 1316}"
1481816,packet_collided,2,446,{}
1482000,voice_frame_generated,5,449,"{""sequence"": 74}"
1482000,collision_detected,5,449,"{""with_packet_id"": 447}"
1482000,collision_detected,5,449,"{""with_packet_id"": 448}"
1482000,tx_start,5,449,"{""airtime_us"": 1316}"
1482316,packet_collided,3,447,{}
1482500,voice_frame_generated,6,450,"{""sequence"": 74}"
1482500,collision_detected,6,450,"{""with_packet_id"": 448}"
1482500,collision_detected,6,450,"{""with_packet_id"": 449}"
1482500,tx_start,6,450,"{""airtime_us"": 1316}"
1482816,packet_collided,4,448,{}
1483316,packet_collided,5,449,{}
1483816,packet_collided,6,450,{}
1500000,voice_frame_generated,1,451,"{""sequence"": 75}"
1500000,tx_start,1,451,"{""airtime_us"": 1316}"
1500500,voice_frame_generated,2,452,"{""sequence"": 75}"
1500500,collision_detected,2,452,"{""with_packet_id"": 451}"
1500500,tx_start,2,452,"{""airtime_us"": 1316}"
1501000,voice_frame_generated,3,453,"{""sequence"": 75}"
1501000,collision_detected,3,453,"{""with_packet_id"": 451}"
1501000,collision_detected,3,453,"{""with_packet_id"": 452}"
1501000,tx_start,3,453,"{""airtime_us"": 1316}"
1501316,packet_collided,1,451,{}
1501500,voice_frame_generated,4,454,"{""sequence"": 75}"
1501500,collision_detected,4,454,"{""with_packet_id"": 452}"
1501500,collision_detected,4,454,"{""with_packet_id"": 453}"
1501500,tx_start,4,454,"{""airtime_us"": 1316}"
1501816,packet_collided,2,452,{}
1502000,voice_frame_generated,5,455,"{""sequence"": 75}"
1502000,collision_detected,5,455,"{""with_packet_id"": 453}"
1502000,collision_detected,5,455,"{""with_packet_id"": 454}"
1502000,tx_start,5,455,"{""airtime_us"": 1316}"
1502316,packet_collided,3,453,{}
1502500,voice_frame_generated,6,456,"{""sequence"": 75}"
1502500,collision_detected,6,456,"{""with_packet_id"": 454}"
1502500,collision_detected,6,456,"{""with_packet_id"": 455}"
1502500,tx_start,6,456,"{""airtime_us"": 1316}"
1502816,packet_collided,4,454,{}
1503316,packet_collided,5,455,{}
1503816,packet_collided,6,456,{}
1520000,voice_frame_generated,1,457,"{""sequence"": 76}"
1520000,tx_start,1,457,"{""airtime_us"": 1316}"
1520500,voice_frame_generated,2,458,"{""sequence"": 76}"
1520500,collision_detected,2,458,"{""with_packet_id"": 457}"
1520500,tx_start,2,458,"{""airtime_us"": 1316}"
1521000,voice_frame_generated,3,459,"{""sequence"": 76}"
1521000,collision_detected,3,459,"{""with_packet_id"": 457}"
1521000,collision_detected,3,459,"{""with_packet_id"": 458}"
1521000,tx_start,3,459,"{""airtime_us"": 1316}"
1521316,packet_collided,1,457,{}
1521500,voice_frame_generated,4,460,"{""sequence"": 76}"
1521500,collision_detected,4,460,"{""with_packet_id"": 458}"
1521500,collision_detected,4,460,"{""with_packet_id"": 459}"
1521500,tx_start,4,460,"{""airtime_us"": 1316}"
1521816,packet_collided,2,458,{}
1522000,voice_frame_generated,5,461,"{""sequence"": 76}"
1522000,collision_detected,5,461,"{""with_packet_id"": 459}"
1522000,collision_detected,5,461,"{""with_packet_id"": 460}"
1522000,tx_start,5,461,"{""airtime_us"": 1316}"
1522316,packet_collided,3,459,{}
1522500,voice_frame_generated,6,462,"{""sequence"": 76}"
1522500,collision_detected,6,462,"{""with_packet_id"": 460}"
1522500,collision_detected,6,462,"{""with_packet_id"": 461}"
1522500,tx_start,6,462,"{""airtime_us"": 1316}"
1522816,packet_collided,4,460,{}
1523316,packet_collided,5,461,{}
1523816,packet_collided,6,462,{}
1540000,voice_frame_generated,1,463,"{""sequence"": 77}"
1540000,tx_start,1,463,"{""airtime_us"": 1316}"
1540500,voice_frame_generated,2,464,"{""sequence"": 77}"
1540500,collision_detected,2,464,"{""with_packet_id"": 463}"
1540500,tx_start,2,464,"{""airtime_us"": 1316}"
1541000,voice_frame_generated,3,465,"{""sequence"": 77}"
1541000,collision_detected,3,465,"{""with_packet_id"": 463}"
1541000,collision_detected,3,465,"{""with_packet_id"": 464}"
1541000,tx_start,3,465,"{""airtime_us"": 1316}"
1541316,packet_collided,1,463,{}
1541500,voice_frame_generated,4,466,"{""sequence"": 77}"
1541500,collision_detected,4,466,"{""with_packet_id"": 464}"
1541500,collision_detected,4,466,"{""with_packet_id"": 465}"
1541500,tx_start,4,466,"{""airtime_us"": 1316}"
1541816,packet_collided,2,464,{}
1542000,voice_frame_generated,5,467,"{""sequence"": 77}"
1542000,collision_detected,5,467,"{""with_packet_id"": 465}"
1542000,collision_detected,5,467,"{""with_packet_id"": 466}"
1542000,tx_start,5,467,"{""airtime_us"": 1316}"
1542316,packet_collided,3,465,{}
1542500,voice_frame_generated,6,468,"{""sequence"": 77}"
1542500,collision_detected,6,468,"{""with_packet_id"": 466}"
1542500,collision_detected,6,468,"{""with_packet_id"": 467}"
1542500,tx_start,6,468,"{""airtime_us"": 1316}"
1542816,packet_collided,4,466,{}
1543316,packet_collided,5,467,{}
1543816,packet_collided,6,468,{}
1560000,voice_frame_generated,1,469,"{""sequence"": 78}"
1560000,tx_start,1,469,"{""airtime_us"": 1316}"
1560500,voice_frame_generated,2,470,"{""sequence"": 78}"
1560500,collision_detected,2,470,"{""with_packet_id"": 469}"
1560500,tx_start,2,470,"{""airtime_us"": 1316}"
1561000,voice_frame_generated,3,471,"{""sequence"": 78}"
1561000,collision_detected,3,471,"{""with_packet_id"": 469}"
1561000,collision_detected,3,471,"{""with_packet_id"": 470}"
1561000,tx_start,3,471,"{""airtime_us"": 1316}"
1561316,packet_collided,1,469,{}
1561500,voice_frame_generated,4,472,"{""sequence"": 78}"
1561500,collision_detected,4,472,"{""with_packet_id"": 470}"
1561500,collision_detected,4,472,"{""with_packet_id"": 471}"
1561500,tx_start,4,472,"{""airtime_us"": 1316}"
1561816,packet_collided,2,470,{}
1562000,voice_frame_generated,5,473,"{""sequence"": 78}"
1562000,collision_detected,5,473,"{""with_packet_id"": 471}"
1562000,collision_detected,5,473,"{""with_packet_id"": 472}"
1562000,tx_start,5,473,"{""airtime_us"": 1316}"
1562316,packet_collided,3,471,{}
1562500,voice_frame_generated,6,474,"{""sequence"": 78}"
1562500,collision_detected,6,474,"{""with_packet_id"": 472}"
1562500,collision_detected,6,474,"{""with_packet_id"": 473}"
1562500,tx_start,6,474,"{""airtime_us"": 1316}"
1562816,packet_collided,4,472,{}
1563316,packet_collided,5,473,{}
1563816,packet_collided,6,474,{}
1580000,voice_frame_generated,1,475,"{""sequence"": 79}"
1580000,tx_start,1,475,"{""airtime_us"": 1316}"
1580500,voice_frame_generated,2,476,"{""sequence"": 79}"
1580500,collision_detected,2,476,"{""with_packet_id"": 475}"
1580500,tx_start,2,476,"{""airtime_us"": 1316}"
1581000,voice_frame_generated,3,477,"{""sequence"": 79}"
1581000,collision_detected,3,477,"{""with_packet_id"": 475}"
1581000,collision_detected,3,477,"{""with_packet_id"": 476}"
1581000,tx_start,3,477,"{""airtime_us"": 1316}"
1581316,packet_collided,1,475,{}
1581500,voice_frame_generated,4,478,"{""sequence"": 79}"
1581500,collision_detected,4,478,"{""with_packet_id"": 476}"
1581500,collision_detected,4,478,"{""with_packet_id"": 477}"
1581500,tx_start,4,478,"{""airtime_us"": 1316}"
1581816,packet_collided,2,476,{}
1582000,voice_frame_generated,5,479,"{""sequence"": 79}"
1582000,collision_detected,5,479,"{""with_packet_id"": 477}"
1582000,collision_detected,5,479,"{""with_packet_id"": 478}"
1582000,tx_start,5,479,"{""airtime_us"": 1316}"
1582316,packet_collided,3,477,{}
1582500,voice_frame_generated,6,480,"{""sequence"": 79}"
1582500,collision_detected,6,480,"{""with_packet_id"": 478}"
1582500,collision_detected,6,480,"{""with_packet_id"": 479}"
1582500,tx_start,6,480,"{""airtime_us"": 1316}"
1582816,packet_collided,4,478,{}
1583316,packet_collided,5,479,{}
1583816,packet_collided,6,480,{}
1600000,voice_frame_generated,1,481,"{""sequence"": 80}"
1600000,tx_start,1,481,"{""airtime_us"": 1316}"
1600500,voice_frame_generated,2,482,"{""sequence"": 80}"
1600500,collision_detected,2,482,"{""with_packet_id"": 481}"
1600500,tx_start,2,482,"{""airtime_us"": 1316}"
1601000,voice_frame_generated,3,483,"{""sequence"": 80}"
1601000,collision_detected,3,483,"{""with_packet_id"": 481}"
1601000,collision_detected,3,483,"{""with_packet_id"": 482}"
1601000,tx_start,3,483,"{""airtime_us"": 1316}"
1601316,packet_collided,1,481,{}
1601500,voice_frame_generated,4,484,"{""sequence"": 80}"
1601500,collision_detected,4,484,"{""with_packet_id"": 482}"
1601500,collision_detected,4,484,"{""with_packet_id"": 483}"
1601500,tx_start,4,484,"{""airtime_us"": 1316}"
1601816,packet_collided,2,482,{}
1602000,voice_frame_generated,5,485,"{""sequence"": 80}"
1602000,collision_detected,5,485,"{""with_packet_id"": 483}"
1602000,collision_detected,5,485,"{""with_packet_id"": 484}"
1602000,tx_start,5,485,"{""airtime_us"": 1316}"
1602316,packet_collided,3,483,{}
1602500,voice_frame_generated,6,486,"{""sequence"": 80}"
1602500,collision_detected,6,486,"{""with_packet_id"": 484}"
1602500,collision_detected,6,486,"{""with_packet_id"": 485}"
1602500,tx_start,6,486,"{""airtime_us"": 1316}"
1602816,packet_collided,4,484,{}
1603316,packet_collided,5,485,{}
1603816,packet_collided,6,486,{}
1620000,voice_frame_generated,1,487,"{""sequence"": 81}"
1620000,tx_start,1,487,"{""airtime_us"": 1316}"
1620500,voice_frame_generated,2,488,"{""sequence"": 81}"
1620500,collision_detected,2,488,"{""with_packet_id"": 487}"
1620500,tx_start,2,488,"{""airtime_us"": 1316}"
1621000,voice_frame_generated,3,489,"{""sequence"": 81}"
1621000,collision_detected,3,489,"{""with_packet_id"": 487}"
1621000,collision_detected,3,489,"{""with_packet_id"": 488}"
1621000,tx_start,3,489,"{""airtime_us"": 1316}"
1621316,packet_collided,1,487,{}
1621500,voice_frame_generated,4,490,"{""sequence"": 81}"
1621500,collision_detected,4,490,"{""with_packet_id"": 488}"
1621500,collision_detected,4,490,"{""with_packet_id"": 489}"
1621500,tx_start,4,490,"{""airtime_us"": 1316}"
1621816,packet_collided,2,488,{}
1622000,voice_frame_generated,5,491,"{""sequence"": 81}"
1622000,collision_detected,5,491,"{""with_packet_id"": 489}"
1622000,collision_detected,5,491,"{""with_packet_id"": 490}"
1622000,tx_start,5,491,"{""airtime_us"": 1316}"
1622316,packet_collided,3,489,{}
1622500,voice_frame_generated,6,492,"{""sequence"": 81}"
1622500,collision_detected,6,492,"{""with_packet_id"": 490}"
1622500,collision_detected,6,492,"{""with_packet_id"": 491}"
1622500,tx_start,6,492,"{""airtime_us"": 1316}"
1622816,packet_collided,4,490,{}
1623316,packet_collided,5,491,{}
1623816,packet_collided,6,492,{}
1640000,voice_frame_generated,1,493,"{""sequence"": 82}"
1640000,tx_start,1,493,"{""airtime_us"": 1316}"
1640500,voice_frame_generated,2,494,"{""sequence"": 82}"
1640500,collision_detected,2,494,"{""with_packet_id"": 493}"
1640500,tx_start,2,494,"{""airtime_us"": 1316}"
1641000,voice_frame_generated,3,495,"{""sequence"": 82}"
1641000,collision_detected,3,495,"{""with_packet_id"": 493}"
1641000,collision_detected,3,495,"{""with_packet_id"": 494}"
1641000,tx_start,3,495,"{""airtime_us"": 1316}"
1641316,packet_collided,1,493,{}
1641500,voice_frame_generated,4,496,"{""sequence"": 82}"
1641500,collision_detected,4,496,"{""with_packet_id"": 494}"
1641500,collision_detected,4,496,"{""with_packet_id"": 495}"
1641500,tx_start,4,496,"{""airtime_us"": 1316}"
1641816,packet_collided,2,494,{}
1642000,voice_frame_generated,5,497,"{""sequence"": 82}"
1642000,collision_detected,5,497,"{""with_packet_id"": 495}"
1642000,collision_detected,5,497,"{""with_packet_id"": 496}"
1642000,tx_start,5,497,"{""airtime_us"": 1316}"
1642316,packet_collided,3,495,{}
1642500,voice_frame_generated,6,498,"{""sequence"": 82}"
1642500,collision_detected,6,498,"{""with_packet_id"": 496}"
1642500,collision_detected,6,498,"{""with_packet_id"": 497}"
1642500,tx_start,6,498,"{""airtime_us"": 1316}"
1642816,packet_collided,4,496,{}
1643316,packet_collided,5,497,{}
1643816,packet_collided,6,498,{}
1660000,voice_frame_generated,1,499,"{""sequence"": 83}"
1660000,tx_start,1,499,"{""airtime_us"": 1316}"
1660500,voice_frame_generated,2,500,"{""sequence"": 83}"
1660500,collision_detected,2,500,"{""with_packet_id"": 499}"
1660500,tx_start,2,500,"{""airtime_us"": 1316}"
1661000,voice_frame_generated,3,501,"{""sequence"": 83}"
1661000,collision_detected,3,501,"{""with_packet_id"": 499}"
1661000,collision_detected,3,501,"{""with_packet_id"": 500}"
1661000,tx_start,3,501,"{""airtime_us"": 1316}"
1661316,packet_collided,1,499,{}
1661500,voice_frame_generated,4,502,"{""sequence"": 83}"
1661500,collision_detected,4,502,"{""with_packet_id"": 500}"
1661500,collision_detected,4,502,"{""with_packet_id"": 501}"
1661500,tx_start,4,502,"{""airtime_us"": 1316}"
1661816,packet_collided,2,500,{}
1662000,voice_frame_generated,5,503,"{""sequence"": 83}"
1662000,collision_detected,5,503,"{""with_packet_id"": 501}"
1662000,collision_detected,5,503,"{""with_packet_id"": 502}"
1662000,tx_start,5,503,"{""airtime_us"": 1316}"
1662316,packet_collided,3,501,{}
1662500,voice_frame_generated,6,504,"{""sequence"": 83}"
1662500,collision_detected,6,504,"{""with_packet_id"": 502}"
1662500,collision_detected,6,504,"{""with_packet_id"": 503}"
1662500,tx_start,6,504,"{""airtime_us"": 1316}"
1662816,packet_collided,4,502,{}
1663316,packet_collided,5,503,{}
1663816,packet_collided,6,504,{}
1680000,voice_frame_generated,1,505,"{""sequence"": 84}"
1680000,tx_start,1,505,"{""airtime_us"": 1316}"
1680500,voice_frame_generated,2,506,"{""sequence"": 84}"
1680500,collision_detected,2,506,"{""with_packet_id"": 505}"
1680500,tx_start,2,506,"{""airtime_us"": 1316}"
1681000,voice_frame_generated,3,507,"{""sequence"": 84}"
1681000,collision_detected,3,507,"{""with_packet_id"": 505}"
1681000,collision_detected,3,507,"{""with_packet_id"": 506}"
1681000,tx_start,3,507,"{""airtime_us"": 1316}"
1681316,packet_collided,1,505,{}
1681500,voice_frame_generated,4,508,"{""sequence"": 84}"
1681500,collision_detected,4,508,"{""with_packet_id"": 506}"
1681500,collision_detected,4,508,"{""with_packet_id"": 507}"
1681500,tx_start,4,508,"{""airtime_us"": 1316}"
1681816,packet_collided,2,506,{}
1682000,voice_frame_generated,5,509,"{""sequence"": 84}"
1682000,collision_detected,5,509,"{""with_packet_id"": 507}"
1682000,collision_detected,5,509,"{""with_packet_id"": 508}"
1682000,tx_start,5,509,"{""airtime_us"": 1316}"
1682316,packet_collided,3,507,{}
1682500,voice_frame_generated,6,510,"{""sequence"": 84}"
1682500,collision_detected,6,510,"{""with_packet_id"": 508}"
1682500,collision_detected,6,510,"{""with_packet_id"": 509}"
1682500,tx_start,6,510,"{""airtime_us"": 1316}"
1682816,packet_collided,4,508,{}
1683316,packet_collided,5,509,{}
1683816,packet_collided,6,510,{}
1700000,voice_frame_generated,1,511,"{""sequence"": 85}"
1700000,tx_start,1,511,"{""airtime_us"": 1316}"
1700500,voice_frame_generated,2,512,"{""sequence"": 85}"
1700500,collision_detected,2,512,"{""with_packet_id"": 511}"
1700500,tx_start,2,512,"{""airtime_us"": 1316}"
1701000,voice_frame_generated,3,513,"{""sequence"": 85}"
1701000,collision_detected,3,513,"{""with_packet_id"": 511}"
1701000,collision_detected,3,513,"{""with_packet_id"": 512}"
1701000,tx_start,3,513,"{""airtime_us"": 1316}"
1701316,packet_collided,1,511,{}
1701500,voice_frame_generated,4,514,"{""sequence"": 85}"
1701500,collision_detected,4,514,"{""with_packet_id"": 512}"
1701500,collision_detected,4,514,"{""with_packet_id"": 513}"
1701500,tx_start,4,514,"{""airtime_us"": 1316}"
1701816,packet_collided,2,512,{}
1702000,voice_frame_generated,5,515,"{""sequence"": 85}"
1702000,collision_detected,5,515,"{""with_packet_id"": 513}"
1702000,collision_detected,5,515,"{""with_packet_id"": 514}"
1702000,tx_start,5,515,"{""airtime_us"": 1316}"
1702316,packet_collided,3,513,{}
1702500,voice_frame_generated,6,516,"{""sequence"": 85}"
1702500,collision_detected,6,516,"{""with_packet_id"": 514}"
1702500,collision_detected,6,516,"{""with_packet_id"": 515}"
1702500,tx_start,6,516,"{""airtime_us"": 1316}"
1702816,packet_collided,4,514,{}
1703316,packet_collided,5,515,{}
1703816,packet_collided,6,516,{}
1720000,voice_frame_generated,1,517,"{""sequence"": 86}"
1720000,tx_start,1,517,"{""airtime_us"": 1316}"
1720500,voice_frame_generated,2,518,"{""sequence"": 86}"
1720500,collision_detected,2,518,"{""with_packet_id"": 517}"
1720500,tx_start,2,518,"{""airtime_us"": 1316}"
1721000,voice_frame_generated,3,519,"{""sequence"": 86}"
1721000,collision_detected,3,519,"{""with_packet_id"": 517}"
1721000,collision_detected,3,519,"{""with_packet_id"": 518}"
1721000,tx_start,3,519,"{""airtime_us"": 1316}"
1721316,packet_collided,1,517,{}
1721500,voice_frame_generated,4,520,"{""sequence"": 86}"
1721500,collision_detected,4,520,"{""with_packet_id"": 518}"
1721500,collision_detected,4,520,"{""with_packet_id"": 519}"
1721500,tx_start,4,520,"{""airtime_us"": 1316}"
1721816,packet_collided,2,518,{}
1722000,voice_frame_generated,5,521,"{""sequence"": 86}"
1722000,collision_detected,5,521,"{""with_packet_id"": 519}"
1722000,collision_detected,5,521,"{""with_packet_id"": 520}"
1722000,tx_start,5,521,"{""airtime_us"": 1316}"
1722316,packet_collided,3,519,{}
1722500,voice_frame_generated,6,522,"{""sequence"": 86}"
1722500,collision_detected,6,522,"{""with_packet_id"": 520}"
1722500,collision_detected,6,522,"{""with_packet_id"": 521}"
1722500,tx_start,6,522,"{""airtime_us"": 1316}"
1722816,packet_collided,4,520,{}
1723316,packet_collided,5,521,{}
1723816,packet_collided,6,522,{}
1740000,voice_frame_generated,1,523,"{""sequence"": 87}"
1740000,tx_start,1,523,"{""airtime_us"": 1316}"
1740500,voice_frame_generated,2,524,"{""sequence"": 87}"
1740500,collision_detected,2,524,"{""with_packet_id"": 523}"
1740500,tx_start,2,524,"{""airtime_us"": 1316}"
1741000,voice_frame_generated,3,525,"{""sequence"": 87}"
1741000,collision_detected,3,525,"{""with_packet_id"": 523}"
1741000,collision_detected,3,525,"{""with_packet_id"": 524}"
1741000,tx_start,3,525,"{""airtime_us"": 1316}"
1741316,packet_collided,1,523,{}
1741500,voice_frame_generated,4,526,"{""sequence"": 87}"
1741500,collision_detected,4,526,"{""with_packet_id"": 524}"
1741500,collision_detected,4,526,"{""with_packet_id"": 525}"
1741500,tx_start,4,526,"{""airtime_us"": 1316}"
1741816,packet_collided,2,524,{}
1742000,voice_frame_generated,5,527,"{""sequence"": 87}"
1742000,collision_detected,5,527,"{""with_packet_id"": 525}"
1742000,collision_detected,5,527,"{""with_packet_id"": 526}"
1742000,tx_start,5,527,"{""airtime_us"": 1316}"
1742316,packet_collided,3,525,{}
1742500,voice_frame_generated,6,528,"{""sequence"": 87}"
1742500,collision_detected,6,528,"{""with_packet_id"": 526}"
1742500,collision_detected,6,528,"{""with_packet_id"": 527}"
1742500,tx_start,6,528,"{""airtime_us"": 1316}"
1742816,packet_collided,4,526,{}
1743316,packet_collided,5,527,{}
1743816,packet_collided,6,528,{}
1760000,voice_frame_generated,1,529,"{""sequence"": 88}"
1760000,tx_start,1,529,"{""airtime_us"": 1316}"
1760500,voice_frame_generated,2,530,"{""sequence"": 88}"
1760500,collision_detected,2,530,"{""with_packet_id"": 529}"
1760500,tx_start,2,530,"{""airtime_us"": 1316}"
1761000,voice_frame_generated,3,531,"{""sequence"": 88}"
1761000,collision_detected,3,531,"{""with_packet_id"": 529}"
1761000,collision_detected,3,531,"{""with_packet_id"": 530}"
1761000,tx_start,3,531,"{""airtime_us"": 1316}"
1761316,packet_collided,1,529,{}
1761500,voice_frame_generated,4,532,"{""sequence"": 88}"
1761500,collision_detected,4,532,"{""with_packet_id"": 530}"
1761500,collision_detected,4,532,"{""with_packet_id"": 531}"
1761500,tx_start,4,532,"{""airtime_us"": 1316}"
1761816,packet_collided,2,530,{}
1762000,voice_frame_generated,5,533,"{""sequence"": 88}"
1762000,collision_detected,5,533,"{""with_packet_id"": 531}"
1762000,collision_detected,5,533,"{""with_packet_id"": 532}"
1762000,tx_start,5,533,"{""airtime_us"": 1316}"
1762316,packet_collided,3,531,{}
1762500,voice_frame_generated,6,534,"{""sequence"": 88}"
1762500,collision_detected,6,534,"{""with_packet_id"": 532}"
1762500,collision_detected,6,534,"{""with_packet_id"": 533}"
1762500,tx_start,6,534,"{""airtime_us"": 1316}"
1762816,packet_collided,4,532,{}
1763316,packet_collided,5,533,{}
1763816,packet_collided,6,534,{}
1780000,voice_frame_generated,1,535,"{""sequence"": 89}"
1780000,tx_start,1,535,"{""airtime_us"": 1316}"
1780500,voice_frame_generated,2,536,"{""sequence"": 89}"
1780500,collision_detected,2,536,"{""with_packet_id"": 535}"
1780500,tx_start,2,536,"{""airtime_us"": 1316}"
1781000,voice_frame_generated,3,537,"{""sequence"": 89}"
1781000,collision_detected,3,537,"{""with_packet_id"": 535}"
1781000,collision_detected,3,537,"{""with_packet_id"": 536}"
1781000,tx_start,3,537,"{""airtime_us"": 1316}"
1781316,packet_collided,1,535,{}
1781500,voice_frame_generated,4,538,"{""sequence"": 89}"
1781500,collision_detected,4,538,"{""with_packet_id"": 536}"
1781500,collision_detected,4,538,"{""with_packet_id"": 537}"
1781500,tx_start,4,538,"{""airtime_us"": 1316}"
1781816,packet_collided,2,536,{}
1782000,voice_frame_generated,5,539,"{""sequence"": 89}"
1782000,collision_detected,5,539,"{""with_packet_id"": 537}"
1782000,collision_detected,5,539,"{""with_packet_id"": 538}"
1782000,tx_start,5,539,"{""airtime_us"": 1316}"
1782316,packet_collided,3,537,{}
1782500,voice_frame_generated,6,540,"{""sequence"": 89}"
1782500,collision_detected,6,540,"{""with_packet_id"": 538}"
1782500,collision_detected,6,540,"{""with_packet_id"": 539}"
1782500,tx_start,6,540,"{""airtime_us"": 1316}"
1782816,packet_collided,4,538,{}
1783316,packet_collided,5,539,{}
1783816,packet_collided,6,540,{}
1800000,voice_frame_generated,1,541,"{""sequence"": 90}"
1800000,tx_start,1,541,"{""airtime_us"": 1316}"
1800500,voice_frame_generated,2,542,"{""sequence"": 90}"
1800500,collision_detected,2,542,"{""with_packet_id"": 541}"
1800500,tx_start,2,542,"{""airtime_us"": 1316}"
1801000,voice_frame_generated,3,543,"{""sequence"": 90}"
1801000,collision_detected,3,543,"{""with_packet_id"": 541}"
1801000,collision_detected,3,543,"{""with_packet_id"": 542}"
1801000,tx_start,3,543,"{""airtime_us"": 1316}"
1801316,packet_collided,1,541,{}
1801500,voice_frame_generated,4,544,"{""sequence"": 90}"
1801500,collision_detected,4,544,"{""with_packet_id"": 542}"
1801500,collision_detected,4,544,"{""with_packet_id"": 543}"
1801500,tx_start,4,544,"{""airtime_us"": 1316}"
1801816,packet_collided,2,542,{}
1802000,voice_frame_generated,5,545,"{""sequence"": 90}"
1802000,collision_detected,5,545,"{""with_packet_id"": 543}"
1802000,collision_detected,5,545,"{""with_packet_id"": 544}"
1802000,tx_start,5,545,"{""airtime_us"": 1316}"
1802316,packet_collided,3,543,{}
1802500,voice_frame_generated,6,546,"{""sequence"": 90}"
1802500,collision_detected,6,546,"{""with_packet_id"": 544}"
1802500,collision_detected,6,546,"{""with_packet_id"": 545}"
1802500,tx_start,6,546,"{""airtime_us"": 1316}"
1802816,packet_collided,4,544,{}
1803316,packet_collided,5,545,{}
1803816,packet_collided,6,546,{}
1820000,voice_frame_generated,1,547,"{""sequence"": 91}"
1820000,tx_start,1,547,"{""airtime_us"": 1316}"
1820500,voice_frame_generated,2,548,"{""sequence"": 91}"
1820500,collision_detected,2,548,"{""with_packet_id"": 547}"
1820500,tx_start,2,548,"{""airtime_us"": 1316}"
1821000,voice_frame_generated,3,549,"{""sequence"": 91}"
1821000,collision_detected,3,549,"{""with_packet_id"": 547}"
1821000,collision_detected,3,549,"{""with_packet_id"": 548}"
1821000,tx_start,3,549,"{""airtime_us"": 1316}"
1821316,packet_collided,1,547,{}
1821500,voice_frame_generated,4,550,"{""sequence"": 91}"
1821500,collision_detected,4,550,"{""with_packet_id"": 548}"
1821500,collision_detected,4,550,"{""with_packet_id"": 549}"
1821500,tx_start,4,550,"{""airtime_us"": 1316}"
1821816,packet_collided,2,548,{}
1822000,voice_frame_generated,5,551,"{""sequence"": 91}"
1822000,collision_detected,5,551,"{""with_packet_id"": 549}"
1822000,collision_detected,5,551,"{""with_packet_id"": 550}"
1822000,tx_start,5,551,"{""airtime_us"": 1316}"
1822316,packet_collided,3,549,{}
1822500,voice_frame_generated,6,552,"{""sequence"": 91}"
1822500,collision_detected,6,552,"{""with_packet_id"": 550}"
1822500,collision_detected,6,552,"{""with_packet_id"": 551}"
1822500,tx_start,6,552,"{""airtime_us"": 1316}"
1822816,packet_collided,4,550,{}
1823316,packet_collided,5,551,{}
1823816,packet_collided,6,552,{}
1840000,voice_frame_generated,1,553,"{""sequence"": 92}"
1840000,tx_start,1,553,"{""airtime_us"": 1316}"
1840500,voice_frame_generated,2,554,"{""sequence"": 92}"
1840500,collision_detected,2,554,"{""with_packet_id"": 553}"
1840500,tx_start,2,554,"{""airtime_us"": 1316}"
1841000,voice_frame_generated,3,555,"{""sequence"": 92}"
1841000,collision_detected,3,555,"{""with_packet_id"": 553}"
1841000,collision_detected,3,555,"{""with_packet_id"": 554}"
1841000,tx_start,3,555,"{""airtime_us"": 1316}"
1841316,packet_collided,1,553,{}
1841500,voice_frame_generated,4,556,"{""sequence"": 92}"
1841500,collision_detected,4,556,"{""with_packet_id"": 554}"
1841500,collision_detected,4,556,"{""with_packet_id"": 555}"
1841500,tx_start,4,556,"{""airtime_us"": 1316}"
1841816,packet_collided,2,554,{}
1842000,voice_frame_generated,5,557,"{""sequence"": 92}"
1842000,collision_detected,5,557,"{""with_packet_id"": 555}"
1842000,collision_detected,5,557,"{""with_packet_id"": 556}"
1842000,tx_start,5,557,"{""airtime_us"": 1316}"
1842316,packet_collided,3,555,{}
1842500,voice_frame_generated,6,558,"{""sequence"": 92}"
1842500,collision_detected,6,558,"{""with_packet_id"": 556}"
1842500,collision_detected,6,558,"{""with_packet_id"": 557}"
1842500,tx_start,6,558,"{""airtime_us"": 1316}"
1842816,packet_collided,4,556,{}
1843316,packet_collided,5,557,{}
1843816,packet_collided,6,558,{}
1860000,voice_frame_generated,1,559,"{""sequence"": 93}"
1860000,tx_start,1,559,"{""airtime_us"": 1316}"
1860500,voice_frame_generated,2,560,"{""sequence"": 93}"
1860500,collision_detected,2,560,"{""with_packet_id"": 559}"
1860500,tx_start,2,560,"{""airtime_us"": 1316}"
1861000,voice_frame_generated,3,561,"{""sequence"": 93}"
1861000,collision_detected,3,561,"{""with_packet_id"": 559}"
1861000,collision_detected,3,561,"{""with_packet_id"": 560}"
1861000,tx_start,3,561,"{""airtime_us"": 1316}"
1861316,packet_collided,1,559,{}
1861500,voice_frame_generated,4,562,"{""sequence"": 93}"
1861500,collision_detected,4,562,"{""with_packet_id"": 560}"
1861500,collision_detected,4,562,"{""with_packet_id"": 561}"
1861500,tx_start,4,562,"{""airtime_us"": 1316}"
1861816,packet_collided,2,560,{}
1862000,voice_frame_generated,5,563,"{""sequence"": 93}"
1862000,collision_detected,5,563,"{""with_packet_id"": 561}"
1862000,collision_detected,5,563,"{""with_packet_id"": 562}"
1862000,tx_start,5,563,"{""airtime_us"": 1316}"
1862316,packet_collided,3,561,{}
1862500,voice_frame_generated,6,564,"{""sequence"": 93}"
1862500,collision_detected,6,564,"{""with_packet_id"": 562}"
1862500,collision_detected,6,564,"{""with_packet_id"": 563}"
1862500,tx_start,6,564,"{""airtime_us"": 1316}"
1862816,packet_collided,4,562,{}
1863316,packet_collided,5,563,{}
1863816,packet_collided,6,564,{}
1880000,voice_frame_generated,1,565,"{""sequence"": 94}"
1880000,tx_start,1,565,"{""airtime_us"": 1316}"
1880500,voice_frame_generated,2,566,"{""sequence"": 94}"
1880500,collision_detected,2,566,"{""with_packet_id"": 565}"
1880500,tx_start,2,566,"{""airtime_us"": 1316}"
1881000,voice_frame_generated,3,567,"{""sequence"": 94}"
1881000,collision_detected,3,567,"{""with_packet_id"": 565}"
1881000,collision_detected,3,567,"{""with_packet_id"": 566}"
1881000,tx_start,3,567,"{""airtime_us"": 1316}"
1881316,packet_collided,1,565,{}
1881500,voice_frame_generated,4,568,"{""sequence"": 94}"
1881500,collision_detected,4,568,"{""with_packet_id"": 566}"
1881500,collision_detected,4,568,"{""with_packet_id"": 567}"
1881500,tx_start,4,568,"{""airtime_us"": 1316}"
1881816,packet_collided,2,566,{}
1882000,voice_frame_generated,5,569,"{""sequence"": 94}"
1882000,collision_detected,5,569,"{""with_packet_id"": 567}"
1882000,collision_detected,5,569,"{""with_packet_id"": 568}"
1882000,tx_start,5,569,"{""airtime_us"": 1316}"
1882316,packet_collided,3,567,{}
1882500,voice_frame_generated,6,570,"{""sequence"": 94}"
1882500,collision_detected,6,570,"{""with_packet_id"": 568}"
1882500,collision_detected,6,570,"{""with_packet_id"": 569}"
1882500,tx_start,6,570,"{""airtime_us"": 1316}"
1882816,packet_collided,4,568,{}
1883316,packet_collided,5,569,{}
1883816,packet_collided,6,570,{}
1900000,voice_frame_generated,1,571,"{""sequence"": 95}"
1900000,tx_start,1,571,"{""airtime_us"": 1316}"
1900500,voice_frame_generated,2,572,"{""sequence"": 95}"
1900500,collision_detected,2,572,"{""with_packet_id"": 571}"
1900500,tx_start,2,572,"{""airtime_us"": 1316}"
1901000,voice_frame_generated,3,573,"{""sequence"": 95}"
1901000,collision_detected,3,573,"{""with_packet_id"": 571}"
1901000,collision_detected,3,573,"{""with_packet_id"": 572}"
1901000,tx_start,3,573,"{""airtime_us"": 1316}"
1901316,packet_collided,1,571,{}
1901500,voice_frame_generated,4,574,"{""sequence"": 95}"
1901500,collision_detected,4,574,"{""with_packet_id"": 572}"
1901500,collision_detected,4,574,"{""with_packet_id"": 573}"
1901500,tx_start,4,574,"{""airtime_us"": 1316}"
1901816,packet_collided,2,572,{}
1902000,voice_frame_generated,5,575,"{""sequence"": 95}"
1902000,collision_detected,5,575,"{""with_packet_id"": 573}"
1902000,collision_detected,5,575,"{""with_packet_id"": 574}"
1902000,tx_start,5,575,"{""airtime_us"": 1316}"
1902316,packet_collided,3,573,{}
1902500,voice_frame_generated,6,576,"{""sequence"": 95}"
1902500,collision_detected,6,576,"{""with_packet_id"": 574}"
1902500,collision_detected,6,576,"{""with_packet_id"": 575}"
1902500,tx_start,6,576,"{""airtime_us"": 1316}"
1902816,packet_collided,4,574,{}
1903316,packet_collided,5,575,{}
1903816,packet_collided,6,576,{}
1920000,voice_frame_generated,1,577,"{""sequence"": 96}"
1920000,tx_start,1,577,"{""airtime_us"": 1316}"
1920500,voice_frame_generated,2,578,"{""sequence"": 96}"
1920500,collision_detected,2,578,"{""with_packet_id"": 577}"
1920500,tx_start,2,578,"{""airtime_us"": 1316}"
1921000,voice_frame_generated,3,579,"{""sequence"": 96}"
1921000,collision_detected,3,579,"{""with_packet_id"": 577}"
1921000,collision_detected,3,579,"{""with_packet_id"": 578}"
1921000,tx_start,3,579,"{""airtime_us"": 1316}"
1921316,packet_collided,1,577,{}
1921500,voice_frame_generated,4,580,"{""sequence"": 96}"
1921500,collision_detected,4,580,"{""with_packet_id"": 578}"
1921500,collision_detected,4,580,"{""with_packet_id"": 579}"
1921500,tx_start,4,580,"{""airtime_us"": 1316}"
1921816,packet_collided,2,578,{}
1922000,voice_frame_generated,5,581,"{""sequence"": 96}"
1922000,collision_detected,5,581,"{""with_packet_id"": 579}"
1922000,collision_detected,5,581,"{""with_packet_id"": 580}"
1922000,tx_start,5,581,"{""airtime_us"": 1316}"
1922316,packet_collided,3,579,{}
1922500,voice_frame_generated,6,582,"{""sequence"": 96}"
1922500,collision_detected,6,582,"{""with_packet_id"": 580}"
1922500,collision_detected,6,582,"{""with_packet_id"": 581}"
1922500,tx_start,6,582,"{""airtime_us"": 1316}"
1922816,packet_collided,4,580,{}
1923316,packet_collided,5,581,{}
1923816,packet_collided,6,582,{}
1940000,voice_frame_generated,1,583,"{""sequence"": 97}"
1940000,tx_start,1,583,"{""airtime_us"": 1316}"
1940500,voice_frame_generated,2,584,"{""sequence"": 97}"
1940500,collision_detected,2,584,"{""with_packet_id"": 583}"
1940500,tx_start,2,584,"{""airtime_us"": 1316}"
1941000,voice_frame_generated,3,585,"{""sequence"": 97}"
1941000,collision_detected,3,585,"{""with_packet_id"": 583}"
1941000,collision_detected,3,585,"{""with_packet_id"": 584}"
1941000,tx_start,3,585,"{""airtime_us"": 1316}"
1941316,packet_collided,1,583,{}
1941500,voice_frame_generated,4,586,"{""sequence"": 97}"
1941500,collision_detected,4,586,"{""with_packet_id"": 584}"
1941500,collision_detected,4,586,"{""with_packet_id"": 585}"
1941500,tx_start,4,586,"{""airtime_us"": 1316}"
1941816,packet_collided,2,584,{}
1942000,voice_frame_generated,5,587,"{""sequence"": 97}"
1942000,collision_detected,5,587,"{""with_packet_id"": 585}"
1942000,collision_detected,5,587,"{""with_packet_id"": 586}"
1942000,tx_start,5,587,"{""airtime_us"": 1316}"
1942316,packet_collided,3,585,{}
1942500,voice_frame_generated,6,588,"{""sequence"": 97}"
1942500,collision_detected,6,588,"{""with_packet_id"": 586}"
1942500,collision_detected,6,588,"{""with_packet_id"": 587}"
1942500,tx_start,6,588,"{""airtime_us"": 1316}"
1942816,packet_collided,4,586,{}
1943316,packet_collided,5,587,{}
1943816,packet_collided,6,588,{}
1960000,voice_frame_generated,1,589,"{""sequence"": 98}"
1960000,tx_start,1,589,"{""airtime_us"": 1316}"
1960500,voice_frame_generated,2,590,"{""sequence"": 98}"
1960500,collision_detected,2,590,"{""with_packet_id"": 589}"
1960500,tx_start,2,590,"{""airtime_us"": 1316}"
1961000,voice_frame_generated,3,591,"{""sequence"": 98}"
1961000,collision_detected,3,591,"{""with_packet_id"": 589}"
1961000,collision_detected,3,591,"{""with_packet_id"": 590}"
1961000,tx_start,3,591,"{""airtime_us"": 1316}"
1961316,packet_collided,1,589,{}
1961500,voice_frame_generated,4,592,"{""sequence"": 98}"
1961500,collision_detected,4,592,"{""with_packet_id"": 590}"
1961500,collision_detected,4,592,"{""with_packet_id"": 591}"
1961500,tx_start,4,592,"{""airtime_us"": 1316}"
1961816,packet_collided,2,590,{}
1962000,voice_frame_generated,5,593,"{""sequence"": 98}"
1962000,collision_detected,5,593,"{""with_packet_id"": 591}"
1962000,collision_detected,5,593,"{""with_packet_id"": 592}"
1962000,tx_start,5,593,"{""airtime_us"": 1316}"
1962316,packet_collided,3,591,{}
1962500,voice_frame_generated,6,594,"{""sequence"": 98}"
1962500,collision_detected,6,594,"{""with_packet_id"": 592}"
1962500,collision_detected,6,594,"{""with_packet_id"": 593}"
1962500,tx_start,6,594,"{""airtime_us"": 1316}"
1962816,packet_collided,4,592,{}
1963316,packet_collided,5,593,{}
1963816,packet_collided,6,594,{}
1980000,voice_frame_generated,1,595,"{""sequence"": 99}"
1980000,tx_start,1,595,"{""airtime_us"": 1316}"
1980500,voice_frame_generated,2,596,"{""sequence"": 99}"
1980500,collision_detected,2,596,"{""with_packet_id"": 595}"
1980500,tx_start,2,596,"{""airtime_us"": 1316}"
1981000,voice_frame_generated,3,597,"{""sequence"": 99}"
1981000,collision_detected,3,597,"{""with_packet_id"": 595}"
1981000,collision_detected,3,597,"{""with_packet_id"": 596}"
1981000,tx_start,3,597,"{""airtime_us"": 1316}"
1981316,packet_collided,1,595,{}
1981500,voice_frame_generated,4,598,"{""sequence"": 99}"
1981500,collision_detected,4,598,"{""with_packet_id"": 596}"
1981500,collision_detected,4,598,"{""with_packet_id"": 597}"
1981500,tx_start,4,598,"{""airtime_us"": 1316}"
1981816,packet_collided,2,596,{}
1982000,voice_frame_generated,5,599,"{""sequence"": 99}"
1982000,collision_detected,5,599,"{""with_packet_id"": 597}"
1982000,collision_detected,5,599,"{""with_packet_id"": 598}"
1982000,tx_start,5,599,"{""airtime_us"": 1316}"
1982316,packet_collided,3,597,{}
1982500,voice_frame_generated,6,600,"{""sequence"": 99}"
1982500,collision_detected,6,600,"{""with_packet_id"": 598}"
1982500,collision_detected,6,600,"{""with_packet_id"": 599}"
1982500,tx_start,6,600,"{""airtime_us"": 1316}"
1982816,packet_collided,4,598,{}
1983316,packet_collided,5,599,{}
1983816,packet_collided,6,600,{}
