time_us,event,node_id,packet_id,details_json
0,voice_frame_generated,1,1,"{""sequence"": 0}"
0,tx_start,1,1,"{""airtime_us"": 1316}"
1316,packet_delivered,1,1,"{""latency_us"": 1318}"
2500,voice_frame_generated,2,2,"{""sequence"": 0}"
2500,tx_start,2,2,"{""airtime_us"": 1316}"
3816,packet_delivered,2,2,"{""latency_us"": 1318}"
5000,voice_frame_generated,3,3,"{""sequence"": 0}"
5000,tx_start,3,3,"{""airtime_us"": 1316}"
6316,packet_delivered,3,3,"{""latency_us"": 1318}"
7500,voice_frame_generated,4,4,"{""sequence"": 0}"
7500,tx_start,4,4,"{""airtime_us"": 1316}"
8816,packet_delivered,4,4,"{""latency_us"": 1318}"
10000,voice_frame_generated,5,5,"{""sequence"": 0}"
10000,tx_start,5,5,"{""airtime_us"": 1316}"
11316,packet_delivered,5,5,"{""latency_us"": 1318}"
12500,voice_frame_generated,6,6,"{""sequence"": 0}"
12500,tx_start,6,6,"{""airtime_us"": 1316}"
13816,packet_delivered,6,6,"{""latency_us"": 1318}"
20000,voice_frame_generated,1,7,"{""sequence"": 1}"
20000,tx_start,1,7,"{""airtime_us"": 1316}"
21316,packet_delivered,1,7,"{""latency_us"": 1318}"
22500,voice_frame_generated,2,8,"{""sequence"": 1}"
22500,tx_start,2,8,"{""airtime_us"": 1316}"
23816,packet_delivered,2,8,"{""latency_us"": 1318}"
25000,voice_frame_generated,3,9,"{""sequence"": 1}"
25000,tx_start,3,9,"{""airtime_us"": 1316}"
26316,packet_delivered,3,9,"{""latency_us"": 1318}"
27500,voice_frame_generated,4,10,"{""sequence"": 1}"
27500,tx_start,4,10,"{""airtime_us"": 1316}"
28816,packet_delivered,4,10,"{""latency_us"": 1318}"
30000,voice_frame_generated,5,11,"{""sequence"": 1}"
30000,tx_start,5,11,"{""airtime_us"": 1316}"
31316,packet_delivered,5,11,"{""latency_us"": 1318}"
32500,voice_frame_generated,6,12,"{""sequence"": 1}"
32500,tx_start,6,12,"{""airtime_us"": 1316}"
33816,packet_delivered,6,12,"{""latency_us"": 1318}"
40000,voice_frame_generated,1,13,"{""sequence"": 2}"
40000,tx_start,1,13,"{""airtime_us"": 1316}"
41316,packet_delivered,1,13,"{""latency_us"": 1318}"
42500,voice_frame_generated,2,14,"{""sequence"": 2}"
42500,tx_start,2,14,"{""airtime_us"": 1316}"
43816,packet_delivered,2,14,"{""latency_us"": 1318}"
45000,voice_frame_generated,3,15,"{""sequence"": 2}"
45000,tx_start,3,15,"{""airtime_us"": 1316}"
46316,packet_delivered,3,15,"{""latency_us"": 1318}"
47500,voice_frame_generated,4,16,"{""sequence"": 2}"
47500,tx_start,4,16,"{""airtime_us"": 1316}"
48816,packet_delivered,4,16,"{""latency_us"": 1318}"
50000,voice_frame_generated,5,17,"{""sequence"": 2}"
50000,tx_start,5,17,"{""airtime_us"": 1316}"
51316,packet_delivered,5,17,"{""latency_us"": 1318}"
52500,voice_frame_generated,6,18,"{""sequence"": 2}"
52500,tx_start,6,18,"{""airtime_us"": 1316}"
53816,packet_delivered,6,18,"{""latency_us"": 1318}"
60000,voice_frame_generated,1,19,"{""sequence"": 3}"
60000,tx_start,1,19,"{""airtime_us"": 1316}"
61316,packet_delivered,1,19,"{""latency_us"": 1318}"
62500,voice_frame_generated,2,20,"{""sequence"": 3}"
62500,tx_start,2,20,"{""airtime_us"": 1316}"
63816,packet_delivered,2,20,"{""latency_us"": 1318}"
65000,voice_frame_generated,3,21,"{""sequence"": 3}"
65000,tx_start,3,21,"{""airtime_us"": 1316}"
66316,packet_delivered,3,21,"{""latency_us"": 1318}"
67500,voice_frame_generated,4,22,"{""sequence"": 3}"
67500,tx_start,4,22,"{""airtime_us"": 1316}"
68816,packet_delivered,4,22,"{""latency_us"": 1318}"
70000,voice_frame_generated,5,23,"{""sequence"": 3}"
70000,tx_start,5,23,"{""airtime_us"": 1316}"
71316,packet_delivered,5,23,"{""latency_us"": 1318}"
72500,voice_frame_generated,6,24,"{""sequence"": 3}"
72500,tx_start,6,24,"{""airtime_us"": 1316}"
73816,packet_delivered,6,24,"{""latency_us"": 1318}"
80000,voice_frame_generated,1,25,"{""sequence"": 4}"
80000,tx_start,1,25,"{""airtime_us"": 1316}"
81316,packet_delivered,1,25,"{""latency_us"": 1318}"
82500,voice_frame_generated,2,26,"{""sequence"": 4}"
82500,tx_start,2,26,"{""airtime_us"": 1316}"
83816,packet_delivered,2,26,"{""latency_us"": 1318}"
85000,voice_frame_generated,3,27,"{""sequence"": 4}"
85000,tx_start,3,27,"{""airtime_us"": 1316}"
86316,packet_delivered,3,27,"{""latency_us"": 1318}"
87500,voice_frame_generated,4,28,"{""sequence"": 4}"
87500,tx_start,4,28,"{""airtime_us"": 1316}"
88816,packet_delivered,4,28,"{""latency_us"": 1318}"
90000,voice_frame_generated,5,29,"{""sequence"": 4}"
90000,tx_start,5,29,"{""airtime_us"": 1316}"
91316,packet_delivered,5,29,"{""latency_us"": 1318}"
92500,voice_frame_generated,6,30,"{""sequence"": 4}"
92500,tx_start,6,30,"{""airtime_us"": 1316}"
93816,packet_delivered,6,30,"{""latency_us"": 1318}"
100000,voice_frame_generated,1,31,"{""sequence"": 5}"
100000,tx_start,1,31,"{""airtime_us"": 1316}"
101316,packet_delivered,1,31,"{""latency_us"": 1318}"
102500,voice_frame_generated,2,32,"{""sequence"": 5}"
102500,tx_start,2,32,"{""airtime_us"": 1316}"
103816,packet_delivered,2,32,"{""latency_us"": 1318}"
105000,voice_frame_generated,3,33,"{""sequence"": 5}"
105000,tx_start,3,33,"{""airtime_us"": 1316}"
106316,packet_delivered,3,33,"{""latency_us"": 1318}"
107500,voice_frame_generated,4,34,"{""sequence"": 5}"
107500,tx_start,4,34,"{""airtime_us"": 1316}"
108816,packet_delivered,4,34,"{""latency_us"": 1318}"
110000,voice_frame_generated,5,35,"{""sequence"": 5}"
110000,tx_start,5,35,"{""airtime_us"": 1316}"
111316,packet_delivered,5,35,"{""latency_us"": 1318}"
112500,voice_frame_generated,6,36,"{""sequence"": 5}"
112500,tx_start,6,36,"{""airtime_us"": 1316}"
113816,packet_delivered,6,36,"{""latency_us"": 1318}"
120000,voice_frame_generated,1,37,"{""sequence"": 6}"
120000,tx_start,1,37,"{""airtime_us"": 1316}"
121316,packet_delivered,1,37,"{""latency_us"": 1318}"
122500,voice_frame_generated,2,38,"{""sequence"": 6}"
122500,tx_start,2,38,"{""airtime_us"": 1316}"
123816,packet_delivered,2,38,"{""latency_us"": 1318}"
125000,voice_frame_generated,3,39,"{""sequence"": 6}"
125000,tx_start,3,39,"{""airtime_us"": 1316}"
126316,packet_delivered,3,39,"{""latency_us"": 1318}"
127500,voice_frame_generated,4,40,"{""sequence"": 6}"
127500,tx_start,4,40,"{""airtime_us"": 1316}"
128816,packet_delivered,4,40,"{""latency_us"": 1318}"
130000,voice_frame_generated,5,41,"{""sequence"": 6}"
130000,tx_start,5,41,"{""airtime_us"": 1316}"
131316,packet_delivered,5,41,"{""latency_us"": 1318}"
132500,voice_frame_generated,6,42,"{""sequence"": 6}"
132500,tx_start,6,42,"{""airtime_us"": 1316}"
133816,packet_delivered,6,42,"{""latency_us"": 1318}"
140000,voice_frame_generated,1,43,"{""sequence"": 7}"
140000,tx_start,1,43,"{""airtime_us"": 1316}"
141316,packet_delivered,1,43,"{""latency_us"": 1318}"
142500,voice_frame_generated,2,44,"{""sequence"": 7}"
142500,tx_start,2,44,"{""airtime_us"": 1316}"
143816,packet_delivered,2,44,"{""latency_us"": 1318}"
145000,voice_frame_generated,3,45,"{""sequence"": 7}"
145000,tx_start,3,45,"{""airtime_us"": 1316}"
146316,packet_delivered,3,45,"{""latency_us"": 1318}"
147500,voice_frame_generated,4,46,"{""sequence"": 7}"
147500,tx_start,4,46,"{""airtime_us"": 1316}"
148816,packet_delivered,4,46,"{""latency_us"": 1318}"
150000,voice_frame_generated,5,47,"{""sequence"": 7}"
150000,tx_start,5,47,"{""airtime_us"": 1316}"
151316,packet_delivered,5,47,"{""latency_us"": 1318}"
152500,voice_frame_generated,6,48,"{""sequence"": 7}"
152500,tx_start,6,48,"{""airtime_us"": 1316}"
153816,packet_delivered,6,48,"{""latency_us"": 1318}"
160000,voice_frame_generated,1,49,"{""sequence"": 8}"
160000,tx_start,1,49,"{""airtime_us"": 1316}"
161316,packet_delivered,1,49,"{""latency_us"": 1318}"
162500,voice_frame_generated,2,50,"{""sequence"": 8}"
162500,tx_start,2,50,"{""airtime_us"": 1316}"
163816,packet_delivered,2,50,"{""latency_us"": 1318}"
165000,voice_frame_generated,3,51,"{""sequence"": 8}"
165000,tx_start,3,51,"{""airtime_us"": 1316}"
166316,packet_delivered,3,51,"{""latency_us"": 1318}"
167500,voice_frame_generated,4,52,"{""sequence"": 8}"
167500,tx_start,4,52,"{""airtime_us"": 1316}"
168816,packet_delivered,4,52,"{""latency_us"": 1318}"
170000,voice_frame_generated,5,53,"{""sequence"": 8}"
170000,tx_start,5,53,"{""airtime_us"": 1316}"
171316,packet_delivered,5,53,"{""latency_us"": 1318}"
172500,voice_frame_generated,6,54,"{""sequence"": 8}"
172500,tx_start,6,54,"{""airtime_us"": 1316}"
173816,packet_delivered,6,54,"{""latency_us"": 1318}"
180000,voice_frame_generated,1,55,"{""sequence"": 9}"
180000,tx_start,1,55,"{""airtime_us"": 1316}"
181316,packet_delivered,1,55,"{""latency_us"": 1318}"
182500,voice_frame_generated,2,56,"{""sequence"": 9}"
182500,tx_start,2,56,"{""airtime_us"": 1316}"
183816,packet_delivered,2,56,"{""latency_us"": 1318}"
185000,voice_frame_generated,3,57,"{""sequence"": 9}"
185000,tx_start,3,57,"{""airtime_us"": 1316}"
186316,packet_delivered,3,57,"{""latency_us"": 1318}"
187500,voice_frame_generated,4,58,"{""sequence"": 9}"
187500,tx_start,4,58,"{""airtime_us"": 1316}"
188816,packet_delivered,4,58,"{""latency_us"": 1318}"
190000,voice_frame_generated,5,59,"{""sequence"": 9}"
190000,tx_start,5,59,"{""airtime_us"": 1316}"
191316,packet_delivered,5,59,"{""latency_us"": 1318}"
192500,voice_frame_generated,6,60,"{""sequence"": 9}"
192500,tx_start,6,60,"{""airtime_us"": 1316}"
193816,packet_delivered,6,60,"{""latency_us"": 1318}"
200000,voice_frame_generated,1,61,"{""sequence"": 10}"
200000,tx_start,1,61,"{""airtime_us"": 1316}"
201316,packet_delivered,1,61,"{""latency_us"": 1318}"
202500,voice_frame_generated,2,62,"{""sequence"": 10}"
202500,tx_start,2,62,"{""airtime_us"": 1316}"
203816,packet_delivered,2,62,"{""latency_us"": 1318}"
205000,voice_frame_generated,3,63,"{""sequence"": 10}"
205000,tx_start,3,63,"{""airtime_us"": 1316}"
206316,packet_delivered,3,63,"{""latency_us"": 1318}"
207500,voice_frame_generated,4,64,"{""sequence"": 10}"
207500,tx_start,4,64,"{""airtime_us"": 1316}"
208816,packet_delivered,4,64,"{""latency_us"": 1318}"
210000,voice_frame_generated,5,65,"{""sequence"": 10}"
210000,tx_start,5,65,"{""airtime_us"": 1316}"
211316,packet_delivered,5,65,"{""latency_us"": 1318}"
212500,voice_frame_generated,6,66,"{""sequence"": 10}"
212500,tx_start,6,66,"{""airtime_us"": 1316}"
213816,packet_delivered,6,66,"{""latency_us"": 1318}"
220000,voice_frame_generated,1,67,"{""sequence"": 11}"
220000,tx_start,1,67,"{""airtime_us"": 1316}"
221316,packet_delivered,1,67,"{""latency_us"": 1318}"
222500,voice_frame_generated,2,68,"{""sequence"": 11}"
222500,tx_start,2,68,"{""airtime_us"": 1316}"
223816,packet_delivered,2,68,"{""latency_us"": 1318}"
225000,voice_frame_generated,3,69,"{""sequence"": 11}"
225000,tx_start,3,69,"{""airtime_us"": 1316}"
226316,packet_delivered,3,69,"{""latency_us"": 1318}"
227500,voice_frame_generated,4,70,"{""sequence"": 11}"
227500,tx_start,4,70,"{""airtime_us"": 1316}"
228816,packet_delivered,4,70,"{""latency_us"": 1318}"
230000,voice_frame_generated,5,71,"{""sequence"": 11}"
230000,tx_start,5,71,"{""airtime_us"": 1316}"
231316,packet_delivered,5,71,"{""latency_us"": 1318}"
232500,voice_frame_generated,6,72,"{""sequence"": 11}"
232500,tx_start,6,72,"{""airtime_us"": 1316}"
233816,packet_delivered,6,72,"{""latency_us"": 1318}"
240000,voice_frame_generated,1,73,"{""sequence"": 12}"
240000,tx_start,1,73,"{""airtime_us"": 1316}"
241316,packet_delivered,1,73,"{""latency_us"": 1318}"
242500,voice_frame_generated,2,74,"{""sequence"": 12}"
242500,tx_start,2,74,"{""airtime_us"": 1316}"
243816,packet_delivered,2,74,"{""latency_us"": 1318}"
245000,voice_frame_generated,3,75,"{""sequence"": 12}"
245000,tx_start,3,75,"{""airtime_us"": 1316}"
246316,packet_delivered,3,75,"{""latency_us"": 1318}"
247500,voice_frame_generated,4,76,"{""sequence"": 12}"
247500,tx_start,4,76,"{""airtime_us"": 1316}"
248816,packet_delivered,4,76,"{""latency_us"": 1318}"
250000,voice_frame_generated,5,77,"{""sequence"": 12}"
250000,tx_start,5,77,"{""airtime_us"": 1316}"
251316,packet_delivered,5,77,"{""latency_us"": 1318}"
252500,voice_frame_generated,6,78,"{""sequence"": 12}"
252500,tx_start,6,78,"{""airtime_us"": 1316}"
253816,packet_delivered,6,78,"{""latency_us"": 1318}"
260000,voice_frame_generated,1,79,"{""sequence"": 13}"
260000,tx_start,1,79,"{""airtime_us"": 1316}"
261316,packet_delivered,1,79,"{""latency_us"": 1318}"
262500,voice_frame_generated,2,80,"{""sequence"": 13}"
262500,tx_start,2,80,"{""airtime_us"": 1316}"
263816,packet_delivered,2,80,"{""latency_us"": 1318}"
265000,voice_frame_generated,3,81,"{""sequence"": 13}"
265000,tx_start,3,81,"{""airtime_us"": 1316}"
266316,packet_delivered,3,81,"{""latency_us"": 1318}"
267500,voice_frame_generated,4,82,"{""sequence"": 13}"
267500,tx_start,4,82,"{""airtime_us"": 1316}"
268816,packet_delivered,4,82,"{""latency_us"": 1318}"
270000,voice_frame_generated,5,83,"{""sequence"": 13}"
270000,tx_start,5,83,"{""airtime_us"": 1316}"
271316,packet_delivered,5,83,"{""latency_us"": 1318}"
272500,voice_frame_generated,6,84,"{""sequence"": 13}"
272500,tx_start,6,84,"{""airtime_us"": 1316}"
273816,packet_delivered,6,84,"{""latency_us"": 1318}"
280000,voice_frame_generated,1,85,"{""sequence"": 14}"
280000,tx_start,1,85,"{""airtime_us"": 1316}"
281316,packet_delivered,1,85,"{""latency_us"": 1318}"
282500,voice_frame_generated,2,86,"{""sequence"": 14}"
282500,tx_start,2,86,"{""airtime_us"": 1316}"
283816,packet_delivered,2,86,"{""latency_us"": 1318}"
285000,voice_frame_generated,3,87,"{""sequence"": 14}"
285000,tx_start,3,87,"{""airtime_us"": 1316}"
286316,packet_delivered,3,87,"{""latency_us"": 1318}"
287500,voice_frame_generated,4,88,"{""sequence"": 14}"
287500,tx_start,4,88,"{""airtime_us"": 1316}"
288816,packet_delivered,4,88,"{""latency_us"": 1318}"
290000,voice_frame_generated,5,89,"{""sequence"": 14}"
290000,tx_start,5,89,"{""airtime_us"": 1316}"
291316,packet_delivered,5,89,"{""latency_us"": 1318}"
292500,voice_frame_generated,6,90,"{""sequence"": 14}"
292500,tx_start,6,90,"{""airtime_us"": 1316}"
293816,packet_delivered,6,90,"{""latency_us"": 1318}"
300000,voice_frame_generated,1,91,"{""sequence"": 15}"
300000,tx_start,1,91,"{""airtime_us"": 1316}"
301316,packet_delivered,1,91,"{""latency_us"": 1318}"
302500,voice_frame_generated,2,92,"{""sequence"": 15}"
302500,tx_start,2,92,"{""airtime_us"": 1316}"
303816,packet_delivered,2,92,"{""latency_us"": 1318}"
305000,voice_frame_generated,3,93,"{""sequence"": 15}"
305000,tx_start,3,93,"{""airtime_us"": 1316}"
306316,packet_delivered,3,93,"{""latency_us"": 1318}"
307500,voice_frame_generated,4,94,"{""sequence"": 15}"
307500,tx_start,4,94,"{""airtime_us"": 1316}"
308816,packet_delivered,4,94,"{""latency_us"": 1318}"
310000,voice_frame_generated,5,95,"{""sequence"": 15}"
310000,tx_start,5,95,"{""airtime_us"": 1316}"
311316,packet_delivered,5,95,"{""latency_us"": 1318}"
312500,voice_frame_generated,6,96,"{""sequence"": 15}"
312500,tx_start,6,96,"{""airtime_us"": 1316}"
313816,packet_delivered,6,96,"{""latency_us"": 1318}"
320000,voice_frame_generated,1,97,"{""sequence"": 16}"
320000,tx_start,1,97,"{""airtime_us"": 1316}"
321316,packet_delivered,1,97,"{""latency_us"": 1318}"
322500,voice_frame_generated,2,98,"{""sequence"": 16}"
322500,tx_start,2,98,"{""airtime_us"": 1316}"
323816,packet_delivered,2,98,"{""latency_us"": 1318}"
325000,voice_frame_generated,3,99,"{""sequence"": 16}"
325000,tx_start,3,99,"{""airtime_us"": 1316}"
326316,packet_delivered,3,99,"{""latency_us"": 1318}"
327500,voice_frame_generated,4,100,"{""sequence"": 16}"
327500,tx_start,4,100,"{""airtime_us"": 1316}"
328816,packet_delivered,4,100,"{""latency_us"": 1318}"
330000,voice_frame_generated,5,101,"{""sequence"": 16}"
330000,tx_start,5,101,"{""airtime_us"": 1316}"
331316,packet_delivered,5,101,"{""latency_us"": 1318}"
332500,voice_frame_generated,6,102,"{""sequence"": 16}"
332500,tx_start,6,102,"{""airtime_us"": 1316}"
333816,packet_delivered,6,102,"{""latency_us"": 1318}"
340000,voice_frame_generated,1,103,"{""sequence"": 17}"
340000,tx_start,1,103,"{""airtime_us"": 1316}"
341316,packet_delivered,1,103,"{""latency_us"": 1318}"
342500,voice_frame_generated,2,104,"{""sequence"": 17}"
342500,tx_start,2,104,"{""airtime_us"": 1316}"
343816,packet_delivered,2,104,"{""latency_us"": 1318}"
345000,voice_frame_generated,3,105,"{""sequence"": 17}"
345000,tx_start,3,105,"{""airtime_us"": 1316}"
346316,packet_delivered,3,105,"{""latency_us"": 1318}"
347500,voice_frame_generated,4,106,"{""sequence"": 17}"
347500,tx_start,4,106,"{""airtime_us"": 1316}"
348816,packet_delivered,4,106,"{""latency_us"": 1318}"
350000,voice_frame_generated,5,107,"{""sequence"": 17}"
350000,tx_start,5,107,"{""airtime_us"": 1316}"
351316,packet_delivered,5,107,"{""latency_us"": 1318}"
352500,voice_frame_generated,6,108,"{""sequence"": 17}"
352500,tx_start,6,108,"{""airtime_us"": 1316}"
353816,packet_delivered,6,108,"{""latency_us"": 1318}"
360000,voice_frame_generated,1,109,"{""sequence"": 18}"
360000,tx_start,1,109,"{""airtime_us"": 1316}"
361316,packet_delivered,1,109,"{""latency_us"": 1318}"
362500,voice_frame_generated,2,110,"{""sequence"": 18}"
362500,tx_start,2,110,"{""airtime_us"": 1316}"
363816,packet_delivered,2,110,"{""latency_us"": 1318}"
365000,voice_frame_generated,3,111,"{""sequence"": 18}"
365000,tx_start,3,111,"{""airtime_us"": 1316}"
366316,packet_delivered,3,111,"{""latency_us"": 1318}"
367500,voice_frame_generated,4,112,"{""sequence"": 18}"
367500,tx_start,4,112,"{""airtime_us"": 1316}"
368816,packet_delivered,4,112,"{""latency_us"": 1318}"
370000,voice_frame_generated,5,113,"{""sequence"": 18}"
370000,tx_start,5,113,"{""airtime_us"": 1316}"
371316,packet_delivered,5,113,"{""latency_us"": 1318}"
372500,voice_frame_generated,6,114,"{""sequence"": 18}"
372500,tx_start,6,114,"{""airtime_us"": 1316}"
373816,packet_delivered,6,114,"{""latency_us"": 1318}"
380000,voice_frame_generated,1,115,"{""sequence"": 19}"
380000,tx_start,1,115,"{""airtime_us"": 1316}"
381316,packet_delivered,1,115,"{""latency_us"": 1318}"
382500,voice_frame_generated,2,116,"{""sequence"": 19}"
382500,tx_start,2,116,"{""airtime_us"": 1316}"
383816,packet_delivered,2,116,"{""latency_us"": 1318}"
385000,voice_frame_generated,3,117,"{""sequence"": 19}"
385000,tx_start,3,117,"{""airtime_us"": 1316}"
386316,packet_delivered,3,117,"{""latency_us"": 1318}"
387500,voice_frame_generated,4,118,"{""sequence"": 19}"
387500,tx_start,4,118,"{""airtime_us"": 1316}"
388816,packet_delivered,4,118,"{""latency_us"": 1318}"
390000,voice_frame_generated,5,119,"{""sequence"": 19}"
390000,tx_start,5,119,"{""airtime_us"": 1316}"
391316,packet_delivered,5,119,"{""latency_us"": 1318}"
392500,voice_frame_generated,6,120,"{""sequence"": 19}"
392500,tx_start,6,120,"{""airtime_us"": 1316}"
393816,packet_delivered,6,120,"{""latency_us"": 1318}"
400000,voice_frame_generated,1,121,"{""sequence"": 20}"
400000,tx_start,1,121,"{""airtime_us"": 1316}"
401316,packet_delivered,1,121,"{""latency_us"": 1318}"
402500,voice_frame_generated,2,122,"{""sequence"": 20}"
402500,tx_start,2,122,"{""airtime_us"": 1316}"
403816,packet_delivered,2,122,"{""latency_us"": 1318}"
405000,voice_frame_generated,3,123,"{""sequence"": 20}"
405000,tx_start,3,123,"{""airtime_us"": 1316}"
406316,packet_delivered,3,123,"{""latency_us"": 1318}"
407500,voice_frame_generated,4,124,"{""sequence"": 20}"
407500,tx_start,4,124,"{""airtime_us"": 1316}"
408816,packet_delivered,4,124,"{""latency_us"": 1318}"
410000,voice_frame_generated,5,125,"{""sequence"": 20}"
410000,tx_start,5,125,"{""airtime_us"": 1316}"
411316,packet_delivered,5,125,"{""latency_us"": 1318}"
412500,voice_frame_generated,6,126,"{""sequence"": 20}"
412500,tx_start,6,126,"{""airtime_us"": 1316}"
413816,packet_delivered,6,126,"{""latency_us"": 1318}"
420000,voice_frame_generated,1,127,"{""sequence"": 21}"
420000,tx_start,1,127,"{""airtime_us"": 1316}"
421316,packet_delivered,1,127,"{""latency_us"": 1318}"
422500,voice_frame_generated,2,128,"{""sequence"": 21}"
422500,tx_start,2,128,"{""airtime_us"": 1316}"
423816,packet_delivered,2,128,"{""latency_us"": 1318}"
425000,voice_frame_generated,3,129,"{""sequence"": 21}"
425000,tx_start,3,129,"{""airtime_us"": 1316}"
426316,packet_delivered,3,129,"{""latency_us"": 1318}"
427500,voice_frame_generated,4,130,"{""sequence"": 21}"
427500,tx_start,4,130,"{""airtime_us"": 1316}"
428816,packet_delivered,4,130,"{""latency_us"": 1318}"
430000,voice_frame_generated,5,131,"{""sequence"": 21}"
430000,tx_start,5,131,"{""airtime_us"": 1316}"
431316,packet_delivered,5,131,"{""latency_us"": 1318}"
432500,voice_frame_generated,6,132,"{""sequence"": 21}"
432500,tx_start,6,132,"{""airtime_us"": 1316}"
433816,packet_delivered,6,132,"{""latency_us"": 1318}"
440000,voice_frame_generated,1,133,"{""sequence"": 22}"
440000,tx_start,1,133,"{""airtime_us"": 1316}"
441316,packet_delivered,1,133,"{""latency_us"": 1318}"
442500,voice_frame_generated,2,134,"{""sequence"": 22}"
442500,tx_start,2,134,"{""airtime_us"": 1316}"
443816,packet_delivered,2,134,"{""latency_us"": 1318}"
445000,voice_frame_generated,3,135,"{""sequence"": 22}"
445000,tx_start,3,135,"{""airtime_us"": 1316}"
446316,packet_delivered,3,135,"{""latency_us"": 1318}"
447500,voice_frame_generated,4,136,"{""sequence"": 22}"
447500,tx_start,4,136,"{""airtime_us"": 1316}"
448816,packet_delivered,4,136,"{""latency_us"": 1318}"
450000,voice_frame_generated,5,137,"{""sequence"": 22}"
450000,tx_start,5,137,"{""airtime_us"": 1316}"
451316,packet_delivered,5,137,"{""latency_us"": 1318}"
452500,voice_frame_generated,6,138,"{""sequence"": 22}"
452500,tx_start,6,138,"{""airtime_us"": 1316}"
453816,packet_delivered,6,138,"{""latency_us"": 1318}"
460000,voice_frame_generated,1,139,"{""sequence"": 23}"
460000,tx_start,1,139,"{""airtime_us"": 1316}"
461316,packet_delivered,1,139,"{""latency_us"": 1318}"
462500,voice_frame_generated,2,140,"{""sequence"": 23}"
462500,tx_start,2,140,"{""airtime_us"": 1316}"
463816,packet_delivered,2,140,"{""latency_us"": 1318}"
465000,voice_frame_generated,3,141,"{""sequence"": 23}"
465000,tx_start,3,141,"{""airtime_us"": 1316}"
466316,packet_delivered,3,141,"{""latency_us"": 1318}"
467500,voice_frame_generated,4,142,"{""sequence"": 23}"
467500,tx_start,4,142,"{""airtime_us"": 1316}"
468816,packet_delivered,4,142,"{""latency_us"": 1318}"
470000,voice_frame_generated,5,143,"{""sequence"": 23}"
470000,tx_start,5,143,"{""airtime_us"": 1316}"
471316,packet_delivered,5,143,"{""latency_us"": 1318}"
472500,voice_frame_generated,6,144,"{""sequence"": 23}"
472500,tx_start,6,144,"{""airtime_us"": 1316}"
473816,packet_delivered,6,144,"{""latency_us"": 1318}"
480000,voice_frame_generated,1,145,"{""sequence"": 24}"
480000,tx_start,1,145,"{""airtime_us"": 1316}"
481316,packet_delivered,1,145,"{""latency_us"": 1318}"
482500,voice_frame_generated,2,146,"{""sequence"": 24}"
482500,tx_start,2,146,"{""airtime_us"": 1316}"
483816,packet_delivered,2,146,"{""latency_us"": 1318}"
485000,voice_frame_generated,3,147,"{""sequence"": 24}"
485000,tx_start,3,147,"{""airtime_us"": 1316}"
486316,packet_delivered,3,147,"{""latency_us"": 1318}"
487500,voice_frame_generated,4,148,"{""sequence"": 24}"
487500,tx_start,4,148,"{""airtime_us"": 1316}"
488816,packet_delivered,4,148,"{""latency_us"": 1318}"
490000,voice_frame_generated,5,149,"{""sequence"": 24}"
490000,tx_start,5,149,"{""airtime_us"": 1316}"
491316,packet_delivered,5,149,"{""latency_us"": 1318}"
492500,voice_frame_generated,6,150,"{""sequence"": 24}"
492500,tx_start,6,150,"{""airtime_us"": 1316}"
493816,packet_delivered,6,150,"{""latency_us"": 1318}"
500000,voice_frame_generated,1,151,"{""sequence"": 25}"
500000,tx_start,1,151,"{""airtime_us"": 1316}"
501316,packet_delivered,1,151,"{""latency_us"": 1318}"
502500,voice_frame_generated,2,152,"{""sequence"": 25}"
502500,tx_start,2,152,"{""airtime_us"": 1316}"
503816,packet_delivered,2,152,"{""latency_us"": 1318}"
505000,voice_frame_generated,3,153,"{""sequence"": 25}"
505000,tx_start,3,153,"{""airtime_us"": 1316}"
506316,packet_delivered,3,153,"{""latency_us"": 1318}"
507500,voice_frame_generated,4,154,"{""sequence"": 25}"
507500,tx_start,4,154,"{""airtime_us"": 1316}"
508816,packet_delivered,4,154,"{""latency_us"": 1318}"
510000,voice_frame_generated,5,155,"{""sequence"": 25}"
510000,tx_start,5,155,"{""airtime_us"": 1316}"
511316,packet_delivered,5,155,"{""latency_us"": 1318}"
512500,voice_frame_generated,6,156,"{""sequence"": 25}"
512500,tx_start,6,156,"{""airtime_us"": 1316}"
513816,packet_delivered,6,156,"{""latency_us"": 1318}"
520000,voice_frame_generated,1,157,"{""sequence"": 26}"
520000,tx_start,1,157,"{""airtime_us"": 1316}"
521316,packet_delivered,1,157,"{""latency_us"": 1318}"
522500,voice_frame_generated,2,158,"{""sequence"": 26}"
522500,tx_start,2,158,"{""airtime_us"": 1316}"
523816,packet_delivered,2,158,"{""latency_us"": 1318}"
525000,voice_frame_generated,3,159,"{""sequence"": 26}"
525000,tx_start,3,159,"{""airtime_us"": 1316}"
526316,packet_delivered,3,159,"{""latency_us"": 1318}"
527500,voice_frame_generated,4,160,"{""sequence"": 26}"
527500,tx_start,4,160,"{""airtime_us"": 1316}"
528816,packet_delivered,4,160,"{""latency_us"": 1318}"
530000,voice_frame_generated,5,161,"{""sequence"": 26}"
530000,tx_start,5,161,"{""airtime_us"": 1316}"
531316,packet_delivered,5,161,"{""latency_us"": 1318}"
532500,voice_frame_generated,6,162,"{""sequence"": 26}"
532500,tx_start,6,162,"{""airtime_us"": 1316}"
533816,packet_delivered,6,162,"{""latency_us"": 1318}"
540000,voice_frame_generated,1,163,"{""sequence"": 27}"
540000,tx_start,1,163,"{""airtime_us"": 1316}"
541316,packet_delivered,1,163,"{""latency_us"": 1318}"
542500,voice_frame_generated,2,164,"{""sequence"": 27}"
542500,tx_start,2,164,"{""airtime_us"": 1316}"
543816,packet_delivered,2,164,"{""latency_us"": 1318}"
545000,voice_frame_generated,3,165,"{""sequence"": 27}"
545000,tx_start,3,165,"{""airtime_us"": 1316}"
546316,packet_delivered,3,165,"{""latency_us"": 1318}"
547500,voice_frame_generated,4,166,"{""sequence"": 27}"
547500,tx_start,4,166,"{""airtime_us"": 1316}"
548816,packet_delivered,4,166,"{""latency_us"": 1318}"
550000,voice_frame_generated,5,167,"{""sequence"": 27}"
550000,tx_start,5,167,"{""airtime_us"": 1316}"
551316,packet_delivered,5,167,"{""latency_us"": 1318}"
552500,voice_frame_generated,6,168,"{""sequence"": 27}"
552500,tx_start,6,168,"{""airtime_us"": 1316}"
553816,packet_delivered,6,168,"{""latency_us"": 1318}"
560000,voice_frame_generated,1,169,"{""sequence"": 28}"
560000,tx_start,1,169,"{""airtime_us"": 1316}"
561316,packet_delivered,1,169,"{""latency_us"": 1318}"
562500,voice_frame_generated,2,170,"{""sequence"": 28}"
562500,tx_start,2,170,"{""airtime_us"": 1316}"
563816,packet_delivered,2,170,"{""latency_us"": 1318}"
565000,voice_frame_generated,3,171,"{""sequence"": 28}"
565000,tx_start,3,171,"{""airtime_us"": 1316}"
566316,packet_delivered,3,171,"{""latency_us"": 1318}"
567500,voice_frame_generated,4,172,"{""sequence"": 28}"
567500,tx_start,4,172,"{""airtime_us"": 1316}"
568816,packet_delivered,4,172,"{""latency_us"": 1318}"
570000,voice_frame_generated,5,173,"{""sequence"": 28}"
570000,tx_start,5,173,"{""airtime_us"": 1316}"
571316,packet_delivered,5,173,"{""latency_us"": 1318}"
572500,voice_frame_generated,6,174,"{""sequence"": 28}"
572500,tx_start,6,174,"{""airtime_us"": 1316}"
573816,packet_delivered,6,174,"{""latency_us"": 1318}"
580000,voice_frame_generated,1,175,"{""sequence"": 29}"
580000,tx_start,1,175,"{""airtime_us"": 1316}"
581316,packet_delivered,1,175,"{""latency_us"": 1318}"
582500,voice_frame_generated,2,176,"{""sequence"": 29}"
582500,tx_start,2,176,"{""airtime_us"": 1316}"
583816,packet_delivered,2,176,"{""latency_us"": 1318}"
585000,voice_frame_generated,3,177,"{""sequence"": 29}"
585000,tx_start,3,177,"{""airtime_us"": 1316}"
586316,packet_delivered,3,177,"{""latency_us"": 1318}"
587500,voice_frame_generated,4,178,"{""sequence"": 29}"
587500,tx_start,4,178,"{""airtime_us"": 1316}"
588816,packet_delivered,4,178,"{""latency_us"": 1318}"
590000,voice_frame_generated,5,179,"{""sequence"": 29}"
590000,tx_start,5,179,"{""airtime_us"": 1316}"
591316,packet_delivered,5,179,"{""latency_us"": 1318}"
592500,voice_frame_generated,6,180,"{""sequence"": 29}"
592500,tx_start,6,180,"{""airtime_us"": 1316}"
593816,packet_delivered,6,180,"{""latency_us"": 1318}"
600000,voice_frame_generated,1,181,"{""sequence"": 30}"
600000,tx_start,1,181,"{""airtime_us"": 1316}"
601316,packet_delivered,1,181,"{""latency_us"": 1318}"
602500,voice_frame_generated,2,182,"{""sequence"": 30}"
602500,tx_start,2,182,"{""airtime_us"": 1316}"
603816,packet_delivered,2,182,"{""latency_us"": 1318}"
605000,voice_frame_generated,3,183,"{""sequence"": 30}"
605000,tx_start,3,183,"{""airtime_us"": 1316}"
606316,packet_delivered,3,183,"{""latency_us"": 1318}"
607500,voice_frame_generated,4,184,"{""sequence"": 30}"
607500,tx_start,4,184,"{""airtime_us"": 1316}"
608816,packet_delivered,4,184,"{""latency_us"": 1318}"
610000,voice_frame_generated,5,185,"{""sequence"": 30}"
610000,tx_start,5,185,"{""airtime_us"": 1316}"
611316,packet_delivered,5,185,"{""latency_us"": 1318}"
612500,voice_frame_generated,6,186,"{""sequence"": 30}"
612500,tx_start,6,186,"{""airtime_us"": 1316}"
613816,packet_delivered,6,186,"{""latency_us"": 1318}"
620000,voice_frame_generated,1,187,"{""sequence"": 31}"
620000,tx_start,1,187,"{""airtime_us"": 1316}"
621316,packet_delivered,1,187,"{""latency_us"": 1318}"
622500,voice_frame_generated,2,188,"{""sequence"": 31}"
622500,tx_start,2,188,"{""airtime_us"": 1316}"
623816,packet_delivered,2,188,"{""latency_us"": 1318}"
625000,voice_frame_generated,3,189,"{""sequence"": 31}"
625000,tx_start,3,189,"{""airtime_us"": 1316}"
626316,packet_delivered,3,189,"{""latency_us"": 1318}"
627500,voice_frame_generated,4,190,"{""sequence"": 31}"
627500,tx_start,4,190,"{""airtime_us"": 1316}"
628816,packet_delivered,4,190,"{""latency_us"": 1318}"
630000,voice_frame_generated,5,191,"{""sequence"": 31}"
630000,tx_start,5,191,"{""airtime_us"": 1316}"
631316,packet_delivered,5,191,"{""latency_us"": 1318}"
632500,voice_frame_generated,6,192,"{""sequence"": 31}"
632500,tx_start,6,192,"{""airtime_us"": 1316}"
633816,packet_delivered,6,192,"{""latency_us"": 1318}"
640000,voice_frame_generated,1,193,"{""sequence"": 32}"
640000,tx_start,1,193,"{""airtime_us"": 1316}"
641316,packet_delivered,1,193,"{""latency_us"": 1318}"
642500,voice_frame_generated,2,194,"{""sequence"": 32}"
642500,tx_start,2,194,"{""airtime_us"": 1316}"
643816,packet_delivered,2,194,"{""latency_us"": 1318}"
645000,voice_frame_generated,3,195,"{""sequence"": 32}"
645000,tx_start,3,195,"{""airtime_us"": 1316}"
646316,packet_delivered,3,195,"{""latency_us"": 1318}"
647500,voice_frame_generated,4,196,"{""sequence"": 32}"
647500,tx_start,4,196,"{""airtime_us"": 1316}"
648816,packet_delivered,4,196,"{""latency_us"": 1318}"
650000,voice_frame_generated,5,197,"{""sequence"": 32}"
650000,tx_start,5,197,"{""airtime_us"": 1316}"
651316,packet_delivered,5,197,"{""latency_us"": 1318}"
652500,voice_frame_generated,6,198,"{""sequence"": 32}"
652500,tx_start,6,198,"{""airtime_us"": 1316}"
653816,packet_delivered,6,198,"{""latency_us"": 1318}"
660000,voice_frame_generated,1,199,"{""sequence"": 33}"
660000,tx_start,1,199,"{""airtime_us"": 1316}"
661316,packet_delivered,1,199,"{""latency_us"": 1318}"
662500,voice_frame_generated,2,200,"{""sequence"": 33}"
662500,tx_start,2,200,"{""airtime_us"": 1316}"
663816,packet_delivered,2,200,"{""latency_us"": 1318}"
665000,voice_frame_generated,3,201,"{""sequence"": 33}"
665000,tx_start,3,201,"{""airtime_us"": 1316}"
666316,packet_delivered,3,201,"{""latency_us"": 1318}"
667500,voice_frame_generated,4,202,"{""sequence"": 33}"
667500,tx_start,4,202,"{""airtime_us"": 1316}"
668816,packet_delivered,4,202,"{""latency_us"": 1318}"
670000,voice_frame_generated,5,203,"{""sequence"": 33}"
670000,tx_start,5,203,"{""airtime_us"": 1316}"
671316,packet_delivered,5,203,"{""latency_us"": 1318}"
672500,voice_frame_generated,6,204,"{""sequence"": 33}"
672500,tx_start,6,204,"{""airtime_us"": 1316}"
673816,packet_delivered,6,204,"{""latency_us"": 1318}"
680000,voice_frame_generated,1,205,"{""sequence"": 34}"
680000,tx_start,1,205,"{""airtime_us"": 1316}"
681316,packet_delivered,1,205,"{""latency_us"": 1318}"
682500,voice_frame_generated,2,206,"{""sequence"": 34}"
682500,tx_start,2,206,"{""airtime_us"": 1316}"
683816,packet_delivered,2,206,"{""latency_us"": 1318}"
685000,voice_frame_generated,3,207,"{""sequence"": 34}"
685000,tx_start,3,207,"{""airtime_us"": 1316}"
686316,packet_delivered,3,207,"{""latency_us"": 1318}"
687500,voice_frame_generated,4,208,"{""sequence"": 34}"
687500,tx_start,4,208,"{""airtime_us"": 1316}"
688816,packet_delivered,4,208,"{""latency_us"": 1318}"
690000,voice_frame_generated,5,209,"{""sequence"": 34}"
690000,tx_start,5,209,"{""airtime_us"": 1316}"
691316,packet_delivered,5,209,"{""latency_us"": 1318}"
692500,voice_frame_generated,6,210,"{""sequence"": 34}"
692500,tx_start,6,210,"{""airtime_us"": 1316}"
693816,packet_delivered,6,210,"{""latency_us"": 1318}"
700000,voice_frame_generated,1,211,"{""sequence"": 35}"
700000,tx_start,1,211,"{""airtime_us"": 1316}"
701316,packet_delivered,1,211,"{""latency_us"": 1318}"
702500,voice_frame_generated,2,212,"{""sequence"": 35}"
702500,tx_start,2,212,"{""airtime_us"": 1316}"
703816,packet_delivered,2,212,"{""latency_us"": 1318}"
705000,voice_frame_generated,3,213,"{""sequence"": 35}"
705000,tx_start,3,213,"{""airtime_us"": 1316}"
706316,packet_delivered,3,213,"{""latency_us"": 1318}"
707500,voice_frame_generated,4,214,"{""sequence"": 35}"
707500,tx_start,4,214,"{""airtime_us"": 1316}"
708816,packet_delivered,4,214,"{""latency_us"": 1318}"
710000,voice_frame_generated,5,215,"{""sequence"": 35}"
710000,tx_start,5,215,"{""airtime_us"": 1316}"
711316,packet_delivered,5,215,"{""latency_us"": 1318}"
712500,voice_frame_generated,6,216,"{""sequence"": 35}"
712500,tx_start,6,216,"{""airtime_us"": 1316}"
713816,packet_delivered,6,216,"{""latency_us"": 1318}"
720000,voice_frame_generated,1,217,"{""sequence"": 36}"
720000,tx_start,1,217,"{""airtime_us"": 1316}"
721316,packet_delivered,1,217,"{""latency_us"": 1318}"
722500,voice_frame_generated,2,218,"{""sequence"": 36}"
722500,tx_start,2,218,"{""airtime_us"": 1316}"
723816,packet_delivered,2,218,"{""latency_us"": 1318}"
725000,voice_frame_generated,3,219,"{""sequence"": 36}"
725000,tx_start,3,219,"{""airtime_us"": 1316}"
726316,packet_delivered,3,219,"{""latency_us"": 1318}"
727500,voice_frame_generated,4,220,"{""sequence"": 36}"
727500,tx_start,4,220,"{""airtime_us"": 1316}"
728816,packet_delivered,4,220,"{""latency_us"": 1318}"
730000,voice_frame_generated,5,221,"{""sequence"": 36}"
730000,tx_start,5,221,"{""airtime_us"": 1316}"
731316,packet_delivered,5,221,"{""latency_us"": 1318}"
732500,voice_frame_generated,6,222,"{""sequence"": 36}"
732500,tx_start,6,222,"{""airtime_us"": 1316}"
733816,packet_delivered,6,222,"{""latency_us"": 1318}"
740000,voice_frame_generated,1,223,"{""sequence"": 37}"
740000,tx_start,1,223,"{""airtime_us"": 1316}"
741316,packet_delivered,1,223,"{""latency_us"": 1318}"
742500,voice_frame_generated,2,224,"{""sequence"": 37}"
742500,tx_start,2,224,"{""airtime_us"": 1316}"
743816,packet_delivered,2,224,"{""latency_us"": 1318}"
745000,voice_frame_generated,3,225,"{""sequence"": 37}"
745000,tx_start,3,225,"{""airtime_us"": 1316}"
746316,packet_delivered,3,225,"{""latency_us"": 1318}"
747500,voice_frame_generated,4,226,"{""sequence"": 37}"
747500,tx_start,4,226,"{""airtime_us"": 1316}"
748816,packet_delivered,4,226,"{""latency_us"": 1318}"
750000,voice_frame_generated,5,227,"{""sequence"": 37}"
750000,tx_start,5,227,"{""airtime_us"": 1316}"
751316,packet_delivered,5,227,"{""latency_us"": 1318}"
752500,voice_frame_generated,6,228,"{""sequence"": 37}"
752500,tx_start,6,228,"{""airtime_us"": 1316}"
753816,packet_delivered,6,228,"{""latency_us"": 1318}"
760000,voice_frame_generated,1,229,"{""sequence"": 38}"
760000,tx_start,1,229,"{""airtime_us"": 1316}"
761316,packet_delivered,1,229,"{""latency_us"": 1318}"
762500,voice_frame_generated,2,230,"{""sequence"": 38}"
762500,tx_start,2,230,"{""airtime_us"": 1316}"
763816,packet_delivered,2,230,"{""latency_us"": 1318}"
765000,voice_frame_generated,3,231,"{""sequence"": 38}"
765000,tx_start,3,231,"{""airtime_us"": 1316}"
766316,packet_delivered,3,231,"{""latency_us"": 1318}"
767500,voice_frame_generated,4,232,"{""sequence"": 38}"
767500,tx_start,4,232,"{""airtime_us"": 1316}"
768816,packet_delivered,4,232,"{""latency_us"": 1318}"
770000,voice_frame_generated,5,233,"{""sequence"": 38}"
770000,tx_start,5,233,"{""airtime_us"": 1316}"
771316,packet_delivered,5,233,"{""latency_us"": 1318}"
772500,voice_frame_generated,6,234,"{""sequence"": 38}"
772500,tx_start,6,234,"{""airtime_us"": 1316}"
773816,packet_delivered,6,234,"{""latency_us"": 1318}"
780000,voice_frame_generated,1,235,"{""sequence"": 39}"
780000,tx_start,1,235,"{""airtime_us"": 1316}"
781316,packet_delivered,1,235,"{""latency_us"": 1318}"
782500,voice_frame_generated,2,236,"{""sequence"": 39}"
782500,tx_start,2,236,"{""airtime_us"": 1316}"
783816,packet_delivered,2,236,"{""latency_us"": 1318}"
785000,voice_frame_generated,3,237,"{""sequence"": 39}"
785000,tx_start,3,237,"{""airtime_us"": 1316}"
786316,packet_delivered,3,237,"{""latency_us"": 1318}"
787500,voice_frame_generated,4,238,"{""sequence"": 39}"
787500,tx_start,4,238,"{""airtime_us"": 1316}"
788816,packet_delivered,4,238,"{""latency_us"": 1318}"
790000,voice_frame_generated,5,239,"{""sequence"": 39}"
790000,tx_start,5,239,"{""airtime_us"": 1316}"
791316,packet_delivered,5,239,"{""latency_us"": 1318}"
792500,voice_frame_generated,6,240,"{""sequence"": 39}"
792500,tx_start,6,240,"{""airtime_us"": 1316}"
793816,packet_delivered,6,240,"{""latency_us"": 1318}"
800000,voice_frame_generated,1,241,"{""sequence"": 40}"
800000,tx_start,1,241,"{""airtime_us"": 1316}"
801316,packet_delivered,1,241,"{""latency_us"": 1318}"
802500,voice_frame_generated,2,242,"{""sequence"": 40}"
802500,tx_start,2,242,"{""airtime_us"": 1316}"
803816,packet_delivered,2,242,"{""latency_us"": 1318}"
805000,voice_frame_generated,3,243,"{""sequence"": 40}"
805000,tx_start,3,243,"{""airtime_us"": 1316}"
806316,packet_delivered,3,243,"{""latency_us"": 1318}"
807500,voice_frame_generated,4,244,"{""sequence"": 40}"
807500,tx_start,4,244,"{""airtime_us"": 1316}"
808816,packet_delivered,4,244,"{""latency_us"": 1318}"
810000,voice_frame_generated,5,245,"{""sequence"": 40}"
810000,tx_start,5,245,"{""airtime_us"": 1316}"
811316,packet_delivered,5,245,"{""latency_us"": 1318}"
812500,voice_frame_generated,6,246,"{""sequence"": 40}"
812500,tx_start,6,246,"{""airtime_us"": 1316}"
813816,packet_delivered,6,246,"{""latency_us"": 1318}"
820000,voice_frame_generated,1,247,"{""sequence"": 41}"
820000,tx_start,1,247,"{""airtime_us"": 1316}"
821316,packet_delivered,1,247,"{""latency_us"": 1318}"
822500,voice_frame_generated,2,248,"{""sequence"": 41}"
822500,tx_start,2,248,"{""airtime_us"": 1316}"
823816,packet_delivered,2,248,"{""latency_us"": 1318}"
825000,voice_frame_generated,3,249,"{""sequence"": 41}"
825000,tx_start,3,249,"{""airtime_us"": 1316}"
826316,packet_delivered,3,249,"{""latency_us"": 1318}"
827500,voice_frame_generated,4,250,"{""sequence"": 41}"
827500,tx_start,4,250,"{""airtime_us"": 1316}"
828816,packet_delivered,4,250,"{""latency_us"": 1318}"
830000,voice_frame_generated,5,251,"{""sequence"": 41}"
830000,tx_start,5,251,"{""airtime_us"": 1316}"
831316,packet_delivered,5,251,"{""latency_us"": 1318}"
832500,voice_frame_generated,6,252,"{""sequence"": 41}"
832500,tx_start,6,252,"{""airtime_us"": 1316}"
833816,packet_delivered,6,252,"{""latency_us"": 1318}"
840000,voice_frame_generated,1,253,"{""sequence"": 42}"
840000,tx_start,1,253,"{""airtime_us"": 1316}"
841316,packet_delivered,1,253,"{""latency_us"": 1318}"
842500,voice_frame_generated,2,254,"{""sequence"": 42}"
842500,tx_start,2,254,"{""airtime_us"": 1316}"
843816,packet_delivered,2,254,"{""latency_us"": 1318}"
845000,voice_frame_generated,3,255,"{""sequence"": 42}"
845000,tx_start,3,255,"{""airtime_us"": 1316}"
846316,packet_delivered,3,255,"{""latency_us"": 1318}"
847500,voice_frame_generated,4,256,"{""sequence"": 42}"
847500,tx_start,4,256,"{""airtime_us"": 1316}"
848816,packet_delivered,4,256,"{""latency_us"": 1318}"
850000,voice_frame_generated,5,257,"{""sequence"": 42}"
850000,tx_start,5,257,"{""airtime_us"": 1316}"
851316,packet_delivered,5,257,"{""latency_us"": 1318}"
852500,voice_frame_generated,6,258,"{""sequence"": 42}"
852500,tx_start,6,258,"{""airtime_us"": 1316}"
853816,packet_delivered,6,258,"{""latency_us"": 1318}"
860000,voice_frame_generated,1,259,"{""sequence"": 43}"
860000,tx_start,1,259,"{""airtime_us"": 1316}"
861316,packet_delivered,1,259,"{""latency_us"": 1318}"
862500,voice_frame_generated,2,260,"{""sequence"": 43}"
862500,tx_start,2,260,"{""airtime_us"": 1316}"
863816,packet_delivered,2,260,"{""latency_us"": 1318}"
865000,voice_frame_generated,3,261,"{""sequence"": 43}"
865000,tx_start,3,261,"{""airtime_us"": 1316}"
866316,packet_delivered,3,261,"{""latency_us"": 1318}"
867500,voice_frame_generated,4,262,"{""sequence"": 43}"
867500,tx_start,4,262,"{""airtime_us"": 1316}"
868816,packet_delivered,4,262,"{""latency_us"": 1318}"
870000,voice_frame_generated,5,263,"{""sequence"": 43}"
870000,tx_start,5,263,"{""airtime_us"": 1316}"
871316,packet_delivered,5,263,"{""latency_us"": 1318}"
872500,voice_frame_generated,6,264,"{""sequence"": 43}"
872500,tx_start,6,264,"{""airtime_us"": 1316}"
873816,packet_delivered,6,264,"{""latency_us"": 1318}"
880000,voice_frame_generated,1,265,"{""sequence"": 44}"
880000,tx_start,1,265,"{""airtime_us"": 1316}"
881316,packet_delivered,1,265,"{""latency_us"": 1318}"
882500,voice_frame_generated,2,266,"{""sequence"": 44}"
882500,tx_start,2,266,"{""airtime_us"": 1316}"
883816,packet_delivered,2,266,"{""latency_us"": 1318}"
885000,voice_frame_generated,3,267,"{""sequence"": 44}"
885000,tx_start,3,267,"{""airtime_us"": 1316}"
886316,packet_delivered,3,267,"{""latency_us"": 1318}"
887500,voice_frame_generated,4,268,"{""sequence"": 44}"
887500,tx_start,4,268,"{""airtime_us"": 1316}"
888816,packet_delivered,4,268,"{""latency_us"": 1318}"
890000,voice_frame_generated,5,269,"{""sequence"": 44}"
890000,tx_start,5,269,"{""airtime_us"": 1316}"
891316,packet_delivered,5,269,"{""latency_us"": 1318}"
892500,voice_frame_generated,6,270,"{""sequence"": 44}"
892500,tx_start,6,270,"{""airtime_us"": 1316}"
893816,packet_delivered,6,270,"{""latency_us"": 1318}"
900000,voice_frame_generated,1,271,"{""sequence"": 45}"
900000,tx_start,1,271,"{""airtime_us"": 1316}"
901316,packet_delivered,1,271,"{""latency_us"": 1318}"
902500,voice_frame_generated,2,272,"{""sequence"": 45}"
902500,tx_start,2,272,"{""airtime_us"": 1316}"
903816,packet_delivered,2,272,"{""latency_us"": 1318}"
905000,voice_frame_generated,3,273,"{""sequence"": 45}"
905000,tx_start,3,273,"{""airtime_us"": 1316}"
906316,packet_delivered,3,273,"{""latency_us"": 1318}"
907500,voice_frame_generated,4,274,"{""sequence"": 45}"
907500,tx_start,4,274,"{""airtime_us"": 1316}"
908816,packet_delivered,4,274,"{""latency_us"": 1318}"
910000,voice_frame_generated,5,275,"{""sequence"": 45}"
910000,tx_start,5,275,"{""airtime_us"": 1316}"
911316,packet_delivered,5,275,"{""latency_us"": 1318}"
912500,voice_frame_generated,6,276,"{""sequence"": 45}"
912500,tx_start,6,276,"{""airtime_us"": 1316}"
913816,packet_delivered,6,276,"{""latency_us"": 1318}"
920000,voice_frame_generated,1,277,"{""sequence"": 46}"
920000,tx_start,1,277,"{""airtime_us"": 1316}"
921316,packet_delivered,1,277,"{""latency_us"": 1318}"
922500,voice_frame_generated,2,278,"{""sequence"": 46}"
922500,tx_start,2,278,"{""airtime_us"": 1316}"
923816,packet_delivered,2,278,"{""latency_us"": 1318}"
925000,voice_frame_generated,3,279,"{""sequence"": 46}"
925000,tx_start,3,279,"{""airtime_us"": 1316}"
926316,packet_delivered,3,279,"{""latency_us"": 1318}"
927500,voice_frame_generated,4,280,"{""sequence"": 46}"
927500,tx_start,4,280,"{""airtime_us"": 1316}"
928816,packet_delivered,4,280,"{""latency_us"": 1318}"
930000,voice_frame_generated,5,281,"{""sequence"": 46}"
930000,tx_start,5,281,"{""airtime_us"": 1316}"
931316,packet_delivered,5,281,"{""latency_us"": 1318}"
932500,voice_frame_generated,6,282,"{""sequence"": 46}"
932500,tx_start,6,282,"{""airtime_us"": 1316}"
933816,packet_delivered,6,282,"{""latency_us"": 1318}"
940000,voice_frame_generated,1,283,"{""sequence"": 47}"
940000,tx_start,1,283,"{""airtime_us"": 1316}"
941316,packet_delivered,1,283,"{""latency_us"": 1318}"
942500,voice_frame_generated,2,284,"{""sequence"": 47}"
942500,tx_start,2,284,"{""airtime_us"": 1316}"
943816,packet_delivered,2,284,"{""latency_us"": 1318}"
945000,voice_frame_generated,3,285,"{""sequence"": 47}"
945000,tx_start,3,285,"{""airtime_us"": 1316}"
946316,packet_delivered,3,285,"{""latency_us"": 1318}"
947500,voice_frame_generated,4,286,"{""sequence"": 47}"
947500,tx_start,4,286,"{""airtime_us"": 1316}"
948816,packet_delivered,4,286,"{""latency_us"": 1318}"
950000,voice_frame_generated,5,287,"{""sequence"": 47}"
950000,tx_start,5,287,"{""airtime_us"": 1316}"
951316,packet_delivered,5,287,"{""latency_us"": 1318}"
952500,voice_frame_generated,6,288,"{""sequence"": 47}"
952500,tx_start,6,288,"{""airtime_us"": 1316}"
953816,packet_delivered,6,288,"{""latency_us"": 1318}"
960000,voice_frame_generated,1,289,"{""sequence"": 48}"
960000,tx_start,1,289,"{""airtime_us"": 1316}"
961316,packet_delivered,1,289,"{""latency_us"": 1318}"
962500,voice_frame_generated,2,290,"{""sequence"": 48}"
962500,tx_start,2,290,"{""airtime_us"": 1316}"
963816,packet_delivered,2,290,"{""latency_us"": 1318}"
965000,voice_frame_generated,3,291,"{""sequence"": 48}"
965000,tx_start,3,291,"{""airtime_us"": 1316}"
966316,packet_delivered,3,291,"{""latency_us"": 1318}"
967500,voice_frame_generated,4,292,"{""sequence"": 48}"
967500,tx_start,4,292,"{""airtime_us"": 1316}"
968816,packet_delivered,4,292,"{""latency_us"": 1318}"
970000,voice_frame_generated,5,293,"{""sequence"": 48}"
970000,tx_start,5,293,"{""airtime_us"": 1316}"
971316,packet_delivered,5,293,"{""latency_us"": 1318}"
972500,voice_frame_generated,6,294,"{""sequence"": 48}"
972500,tx_start,6,294,"{""airtime_us"": 1316}"
973816,packet_delivered,6,294,"{""latency_us"": 1318}"
980000,voice_frame_generated,1,295,"{""sequence"": 49}"
980000,tx_start,1,295,"{""airtime_us"": 1316}"
981316,packet_delivered,1,295,"{""latency_us"": 1318}"
982500,voice_frame_generated,2,296,"{""sequence"": 49}"
982500,tx_start,2,296,"{""airtime_us"": 1316}"
983816,packet_delivered,2,296,"{""latency_us"": 1318}"
985000,voice_frame_generated,3,297,"{""sequence"": 49}"
985000,tx_start,3,297,"{""airtime_us"": 1316}"
986316,packet_delivered,3,297,"{""latency_us"": 1318}"
987500,voice_frame_generated,4,298,"{""sequence"": 49}"
987500,tx_start,4,298,"{""airtime_us"": 1316}"
988816,packet_delivered,4,298,"{""latency_us"": 1318}"
990000,voice_frame_generated,5,299,"{""sequence"": 49}"
990000,tx_start,5,299,"{""airtime_us"": 1316}"
991316,packet_delivered,5,299,"{""latency_us"": 1318}"
992500,voice_frame_generated,6,300,"{""sequence"": 49}"
992500,tx_start,6,300,"{""airtime_us"": 1316}"
993816,packet_delivered,6,300,"{""latency_us"": 1318}"
1000000,voice_frame_generated,1,301,"{""sequence"": 50}"
1000000,tx_start,1,301,"{""airtime_us"": 1316}"
1001316,packet_delivered,1,301,"{""latency_us"": 1318}"
1002500,voice_frame_generated,2,302,"{""sequence"": 50}"
1002500,tx_start,2,302,"{""airtime_us"": 1316}"
1003816,packet_delivered,2,302,"{""latency_us"": 1318}"
1005000,voice_frame_generated,3,303,"{""sequence"": 50}"
1005000,tx_start,3,303,"{""airtime_us"": 1316}"
1006316,packet_delivered,3,303,"{""latency_us"": 1318}"
1007500,voice_frame_generated,4,304,"{""sequence"": 50}"
1007500,tx_start,4,304,"{""airtime_us"": 1316}"
1008816,packet_delivered,4,304,"{""latency_us"": 1318}"
1010000,voice_frame_generated,5,305,"{""sequence"": 50}"
1010000,tx_start,5,305,"{""airtime_us"": 1316}"
1011316,packet_delivered,5,305,"{""latency_us"": 1318}"
1012500,voice_frame_generated,6,306,"{""sequence"": 50}"
1012500,tx_start,6,306,"{""airtime_us"": 1316}"
1013816,packet_delivered,6,306,"{""latency_us"": 1318}"
1020000,voice_frame_generated,1,307,"{""sequence"": 51}"
1020000,tx_start,1,307,"{""airtime_us"": 1316}"
1021316,packet_delivered,1,307,"{""latency_us"": 1318}"
1022500,voice_frame_generated,2,308,"{""sequence"": 51}"
1022500,tx_start,2,308,"{""airtime_us"": 1316}"
1023816,packet_delivered,2,308,"{""latency_us"": 1318}"
1025000,voice_frame_generated,3,309,"{""sequence"": 51}"
1025000,tx_start,3,309,"{""airtime_us"": 1316}"
1026316,packet_delivered,3,309,"{""latency_us"": 1318}"
1027500,voice_frame_generated,4,310,"{""sequence"": 51}"
1027500,tx_start,4,310,"{""airtime_us"": 1316}"
1028816,packet_delivered,4,310,"{""latency_us"": 1318}"
1030000,voice_frame_generated,5,311,"{""sequence"": 51}"
1030000,tx_start,5,311,"{""airtime_us"": 1316}"
1031316,packet_delivered,5,311,"{""latency_us"": 1318}"
1032500,voice_frame_generated,6,312,"{""sequence"": 51}"
1032500,tx_start,6,312,"{""airtime_us"": 1316}"
1033816,packet_delivered,6,312,"{""latency_us"": 1318}"
1040000,voice_frame_generated,1,313,"{""sequence"": 52}"
1040000,tx_start,1,313,"{""airtime_us"": 1316}"
1041316,packet_delivered,1,313,"{""latency_us"": 1318}"
1042500,voice_frame_generated,2,314,"{""sequence"": 52}"
1042500,tx_start,2,314,"{""airtime_us"": 1316}"
1043816,packet_delivered,2,314,"{""latency_us"": 1318}"
1045000,voice_frame_generated,3,315,"{""sequence"": 52}"
1045000,tx_start,3,315,"{""airtime_us"": 1316}"
1046316,packet_delivered,3,315,"{""latency_us"": 1318}"
1047500,voice_frame_generated,4,316,"{""sequence"": 52}"
1047500,tx_start,4,316,"{""airtime_us"": 1316}"
1048816,packet_delivered,4,316,"{""latency_us"": 1318}"
1050000,voice_frame_generated,5,317,"{""sequence"": 52}"
1050000,tx_start,5,317,"{""airtime_us"": 1316}"
1051316,packet_delivered,5,317,"{""latency_us"": 1318}"
1052500,voice_frame_generated,6,318,"{""sequence"": 52}"
1052500,tx_start,6,318,"{""airtime_us"": 1316}"
1053816,packet_delivered,6,318,"{""latency_us"": 1318}"
1060000,voice_frame_generated,1,319,"{""sequence"": 53}"
1060000,tx_start,1,319,"{""airtime_us"": 1316}"
1061316,packet_delivered,1,319,"{""latency_us"": 1318}"
1062500,voice_frame_generated,2,320,"{""sequence"": 53}"
1062500,tx_start,2,320,"{""airtime_us"": 1316}"
1063816,packet_delivered,2,320,"{""latency_us"": 1318}"
1065000,voice_frame_generated,3,321,"{""sequence"": 53}"
1065000,tx_start,3,321,"{""airtime_us"": 1316}"
1066316,packet_delivered,3,321,"{""latency_us"": 1318}"
1067500,voice_frame_generated,4,322,"{""sequence"": 53}"
1067500,tx_start,4,322,"{""airtime_us"": 1316}"
1068816,packet_delivered,4,322,"{""latency_us"": 1318}"
1070000,voice_frame_generated,5,323,"{""sequence"": 53}"
1070000,tx_start,5,323,"{""airtime_us"": 1316}"
1071316,packet_delivered,5,323,"{""latency_us"": 1318}"
1072500,voice_frame_generated,6,324,"{""sequence"": 53}"
1072500,tx_start,6,324,"{""airtime_us"": 1316}"
1073816,packet_delivered,6,324,"{""latency_us"": 1318}"
1080000,voice_frame_generated,1,325,"{""sequence"": 54}"
1080000,tx_start,1,325,"{""airtime_us"": 1316}"
1081316,packet_delivered,1,325,"{""latency_us"": 1318}"
1082500,voice_frame_generated,2,326,"{""sequence"": 54}"
1082500,tx_start,2,326,"{""airtime_us"": 1316}"
1083816,packet_delivered,2,326,"{""latency_us"": 1318}"
1085000,voice_frame_generated,3,327,"{""sequence"": 54}"
1085000,tx_start,3,327,"{""airtime_us"": 1316}"
1086316,packet_delivered,3,327,"{""latency_us"": 1318}"
1087500,voice_frame_generated,4,328,"{""sequence"": 54}"
1087500,tx_start,4,328,"{""airtime_us"": 1316}"
1088816,packet_delivered,4,328,"{""latency_us"": 1318}"
1090000,voice_frame_generated,5,329,"{""sequence"": 54}"
1090000,tx_start,5,329,"{""airtime_us"": 1316}"
1091316,packet_delivered,5,329,"{""latency_us"": 1318}"
1092500,voice_frame_generated,6,330,"{""sequence"": 54}"
1092500,tx_start,6,330,"{""airtime_us"": 1316}"
1093816,packet_delivered,6,330,"{""latency_us"": 1318}"
1100000,voice_frame_generated,1,331,"{""sequence"": 55}"
1100000,tx_start,1,331,"{""airtime_us"": 1316}"
1101316,packet_delivered,1,331,"{""latency_us"": 1318}"
1102500,voice_frame_generated,2,332,"{""sequence"": 55}"
1102500,tx_start,2,332,"{""airtime_us"": 1316}"
1103816,packet_delivered,2,332,"{""latency_us"": 1318}"
1105000,voice_frame_generated,3,333,"{""sequence"": 55}"
1105000,tx_start,3,333,"{""airtime_us"": 1316}"
1106316,packet_delivered,3,333,"{""latency_us"": 1318}"
1107500,voice_frame_generated,4,334,"{""sequence"": 55}"
1107500,tx_start,4,334,"{""airtime_us"": 1316}"
1108816,packet_delivered,4,334,"{""latency_us"": 1318}"
1110000,voice_frame_generated,5,335,"{""sequence"": 55}"
1110000,tx_start,5,335,"{""airtime_us"": 1316}"
1111316,packet_delivered,5,335,"{""latency_us"": 1318}"
1112500,voice_frame_generated,6,336,"{""sequence"": 55}"
1112500,tx_start,6,336,"{""airtime_us"": 1316}"
1113816,packet_delivered,6,336,"{""latency_us"": 1318}"
1120000,voice_frame_generated,1,337,"{""sequence"": 56}"
1120000,tx_start,1,337,"{""airtime_us"": 1316}"
1121316,packet_delivered,1,337,"{""latency_us"": 1318}"
1122500,voice_frame_generated,2,338,"{""sequence"": 56}"
1122500,tx_start,2,338,"{""airtime_us"": 1316}"
1123816,packet_delivered,2,338,"{""latency_us"": 1318}"
1125000,voice_frame_generated,3,339,"{""sequence"": 56}"
1125000,tx_start,3,339,"{""airtime_us"": 1316}"
1126316,packet_delivered,3,339,"{""latency_us"": 1318}"
1127500,voice_frame_generated,4,340,"{""sequence"": 56}"
1127500,tx_start,4,340,"{""airtime_us"": 1316}"
1128816,packet_delivered,4,340,"{""latency_us"": 1318}"
1130000,voice_frame_generated,5,341,"{""sequence"": 56}"
1130000,tx_start,5,341,"{""airtime_us"": 1316}"
1131316,packet_delivered,5,341,"{""latency_us"": 1318}"
1132500,voice_frame_generated,6,342,"{""sequence"": 56}"
1132500,tx_start,6,342,"{""airtime_us"": 1316}"
1133816,packet_delivered,6,342,"{""latency_us"": 1318}"
1140000,voice_frame_generated,1,343,"{""sequence"": 57}"
1140000,tx_start,1,343,"{""airtime_us"": 1316}"
1141316,packet_delivered,1,343,"{""latency_us"": 1318}"
1142500,voice_frame_generated,2,344,"{""sequence"": 57}"
1142500,tx_start,2,344,"{""airtime_us"": 1316}"
1143816,packet_delivered,2,344,"{""latency_us"": 1318}"
1145000,voice_frame_generated,3,345,"{""sequence"": 57}"
1145000,tx_start,3,345,"{""airtime_us"": 1316}"
1146316,packet_delivered,3,345,"{""latency_us"": 1318}"
1147500,voice_frame_generated,4,346,"{""sequence"": 57}"
1147500,tx_start,4,346,"{""airtime_us"": 1316}"
1148816,packet_delivered,4,346,"{""latency_us"": 1318}"
1150000,voice_frame_generated,5,347,"{""sequence"": 57}"
1150000,tx_start,5,347,"{""airtime_us"": 1316}"
1151316,packet_delivered,5,347,"{""latency_us"": 1318}"
1152500,voice_frame_generated,6,348,"{""sequence"": 57}"
1152500,tx_start,6,348,"{""airtime_us"": 1316}"
1153816,packet_delivered,6,348,"{""latency_us"": 1318}"
1160000,voice_frame_generated,1,349,"{""sequence"": 58}"
1160000,tx_start,1,349,"{""airtime_us"": 1316}"
1161316,packet_delivered,1,349,"{""latency_us"": 1318}"
1162500,voice_frame_generated,2,350,"{""sequence"": 58}"
1162500,tx_start,2,350,"{""airtime_us"": 1316}"
1163816,packet_delivered,2,350,"{""latency_us"": 1318}"
1165000,voice_frame_generated,3,351,"{""sequence"": 58}"
1165000,tx_start,3,351,"{""airtime_us"": 1316}"
1166316,packet_delivered,3,351,"{""latency_us"": 1318}"
1167500,voice_frame_generated,4,352,"{""sequence"": 58}"
1167500,tx_start,4,352,"{""airtime_us"": 1316}"
1168816,packet_delivered,4,352,"{""latency_us"": 1318}"
1170000,voice_frame_generated,5,353,"{""sequence"": 58}"
1170000,tx_start,5,353,"{""airtime_us"": 1316}"
1171316,packet_delivered,5,353,"{""latency_us"": 1318}"
1172500,voice_frame_generated,6,354,"{""sequence"": 58}"
1172500,tx_start,6,354,"{""airtime_us"": 1316}"
1173816,packet_delivered,6,354,"{""latency_us"": 1318}"
1180000,voice_frame_generated,1,355,"{""sequence"": 59}"
1180000,tx_start,1,355,"{""airtime_us"": 1316}"
1181316,packet_delivered,1,355,"{""latency_us"": 1318}"
1182500,voice_frame_generated,2,356,"{""sequence"": 59}"
1182500,tx_start,2,356,"{""airtime_us"": 1316}"
1183816,packet_delivered,2,356,"{""latency_us"": 1318}"
1185000,voice_frame_generated,3,357,"{""sequence"": 59}"
1185000,tx_start,3,357,"{""airtime_us"": 1316}"
1186316,packet_delivered,3,357,"{""latency_us"": 1318}"
1187500,voice_frame_generated,4,358,"{""sequence"": 59}"
1187500,tx_start,4,358,"{""airtime_us"": 1316}"
1188816,packet_delivered,4,358,"{""latency_us"": 1318}"
1190000,voice_frame_generated,5,359,"{""sequence"": 59}"
1190000,tx_start,5,359,"{""airtime_us"": 1316}"
1191316,packet_delivered,5,359,"{""latency_us"": 1318}"
1192500,voice_frame_generated,6,360,"{""sequence"": 59}"
1192500,tx_start,6,360,"{""airtime_us"": 1316}"
1193816,packet_delivered,6,360,"{""latency_us"": 1318}"
1200000,voice_frame_generated,1,361,"{""sequence"": 60}"
1200000,tx_start,1,361,"{""airtime_us"": 1316}"
1201316,packet_delivered,1,361,"{""latency_us"": 1318}"
1202500,voice_frame_generated,2,362,"{""sequence"": 60}"
1202500,tx_start,2,362,"{""airtime_us"": 1316}"
1203816,packet_delivered,2,362,"{""latency_us"": 1318}"
1205000,voice_frame_generated,3,363,"{""sequence"": 60}"
1205000,tx_start,3,363,"{""airtime_us"": 1316}"
1206316,packet_delivered,3,363,"{""latency_us"": 1318}"
1207500,voice_frame_generated,4,364,"{""sequence"": 60}"
1207500,tx_start,4,364,"{""airtime_us"": 1316}"
1208816,packet_delivered,4,364,"{""latency_us"": 1318}"
1210000,voice_frame_generated,5,365,"{""sequence"": 60}"
1210000,tx_start,5,365,"{""airtime_us"": 1316}"
1211316,packet_delivered,5,365,"{""latency_us"": 1318}"
1212500,voice_frame_generated,6,366,"{""sequence"": 60}"
1212500,tx_start,6,366,"{""airtime_us"": 1316}"
1213816,packet_delivered,6,366,"{""latency_us"": 1318}"
1220000,voice_frame_generated,1,367,"{""sequence"": 61}"
1220000,tx_start,1,367,"{""airtime_us"": 1316}"
1221316,packet_delivered,1,367,"{""latency_us"": 1318}"
1222500,voice_frame_generated,2,368,"{""sequence"": 61}"
1222500,tx_start,2,368,"{""airtime_us"": 1316}"
1223816,packet_delivered,2,368,"{""latency_us"": 1318}"
1225000,voice_frame_generated,3,369,"{""sequence"": 61}"
1225000,tx_start,3,369,"{""airtime_us"": 1316}"
1226316,packet_delivered,3,369,"{""latency_us"": 1318}"
1227500,voice_frame_generated,4,370,"{""sequence"": 61}"
1227500,tx_start,4,370,"{""airtime_us"": 1316}"
1228816,packet_delivered,4,370,"{""latency_us"": 1318}"
1230000,voice_frame_generated,5,371,"{""sequence"": 61}"
1230000,tx_start,5,371,"{""airtime_us"": 1316}"
1231316,packet_delivered,5,371,"{""latency_us"": 1318}"
1232500,voice_frame_generated,6,372,"{""sequence"": 61}"
1232500,tx_start,6,372,"{""airtime_us"": 1316}"
1233816,packet_delivered,6,372,"{""latency_us"": 1318}"
1240000,voice_frame_generated,1,373,"{""sequence"": 62}"
1240000,tx_start,1,373,"{""airtime_us"": 1316}"
1241316,packet_delivered,1,373,"{""latency_us"": 1318}"
1242500,voice_frame_generated,2,374,"{""sequence"": 62}"
1242500,tx_start,2,374,"{""airtime_us"": 1316}"
1243816,packet_delivered,2,374,"{""latency_us"": 1318}"
1245000,voice_frame_generated,3,375,"{""sequence"": 62}"
1245000,tx_start,3,375,"{""airtime_us"": 1316}"
1246316,packet_delivered,3,375,"{""latency_us"": 1318}"
1247500,voice_frame_generated,4,376,"{""sequence"": 62}"
1247500,tx_start,4,376,"{""airtime_us"": 1316}"
1248816,packet_delivered,4,376,"{""latency_us"": 1318}"
1250000,voice_frame_generated,5,377,"{""sequence"": 62}"
1250000,tx_start,5,377,"{""airtime_us"": 1316}"
1251316,packet_delivered,5,377,"{""latency_us"": 1318}"
1252500,voice_frame_generated,6,378,"{""sequence"": 62}"
1252500,tx_start,6,378,"{""airtime_us"": 1316}"
1253816,packet_delivered,6,378,"{""latency_us"": 1318}"
1260000,voice_frame_generated,1,379,"{""sequence"": 63}"
1260000,tx_start,1,379,"{""airtime_us"": 1316}"
1261316,packet_delivered,1,379,"{""latency_us"": 1318}"
1262500,voice_frame_generated,2,380,"{""sequence"": 63}"
1262500,tx_start,2,380,"{""airtime_us"": 1316}"
1263816,packet_delivered,2,380,"{""latency_us"": 1318}"
1265000,voice_frame_generated,3,381,"{""sequence"": 63}"
1265000,tx_start,3,381,"{""airtime_us"": 1316}"
1266316,packet_delivered,3,381,"{""latency_us"": 1318}"
1267500,voice_frame_generated,4,382,"{""sequence"": 63}"
1267500,tx_start,4,382,"{""airtime_us"": 1316}"
1268816,packet_delivered,4,382,"{""latency_us"": 1318}"
1270000,voice_frame_generated,5,383,"{""sequence"": 63}"
1270000,tx_start,5,383,"{""airtime_us"": 1316}"
1271316,packet_delivered,5,383,"{""latency_us"": 1318}"
1272500,voice_frame_generated,6,384,"{""sequence"": 63}"
1272500,tx_start,6,384,"{""airtime_us"": 1316}"
1273816,packet_delivered,6,384,"{""latency_us"": 1318}"
1280000,voice_frame_generated,1,385,"{""sequence"": 64}"
1280000,tx_start,1,385,"{""airtime_us"": 1316}"
1281316,packet_delivered,1,385,"{""latency_us"": 1318}"
1282500,voice_frame_generated,2,386,"{""sequence"": 64}"
1282500,tx_start,2,386,"{""airtime_us"": 1316}"
1283816,packet_delivered,2,386,"{""latency_us"": 1318}"
1285000,voice_frame_generated,3,387,"{""sequence"": 64}"
1285000,tx_start,3,387,"{""airtime_us"": 1316}"
1286316,packet_delivered,3,387,"{""latency_us"": 1318}"
1287500,voice_frame_generated,4,388,"{""sequence"": 64}"
1287500,tx_start,4,388,"{""airtime_us"": 1316}"
1288816,packet_delivered,4,388,"{""latency_us"": 1318}"
1290000,voice_frame_generated,5,389,"{""sequence"": 64}"
1290000,tx_start,5,389,"{""airtime_us"": 1316}"
1291316,packet_delivered,5,389,"{""latency_us"": 1318}"
1292500,voice_frame_generated,6,390,"{""sequence"": 64}"
1292500,tx_start,6,390,"{""airtime_us"": 1316}"
1293816,packet_delivered,6,390,"{""latency_us"": 1318}"
1300000,voice_frame_generated,1,391,"{""sequence"": 65}"
1300000,tx_start,1,391,"{""airtime_us"": 1316}"
1301316,packet_delivered,1,391,"{""latency_us"": 1318}"
1302500,voice_frame_generated,2,392,"{""sequence"": 65}"
1302500,tx_start,2,392,"{""airtime_us"": 1316}"
1303816,packet_delivered,2,392,"{""latency_us"": 1318}"
1305000,voice_frame_generated,3,393,"{""sequence"": 65}"
1305000,tx_start,3,393,"{""airtime_us"": 1316}"
1306316,packet_delivered,3,393,"{""latency_us"": 1318}"
1307500,voice_frame_generated,4,394,"{""sequence"": 65}"
1307500,tx_start,4,394,"{""airtime_us"": 1316}"
1308816,packet_delivered,4,394,"{""latency_us"": 1318}"
1310000,voice_frame_generated,5,395,"{""sequence"": 65}"
1310000,tx_start,5,395,"{""airtime_us"": 1316}"
1311316,packet_delivered,5,395,"{""latency_us"": 1318}"
1312500,voice_frame_generated,6,396,"{""sequence"": 65}"
1312500,tx_start,6,396,"{""airtime_us"": 1316}"
1313816,packet_delivered,6,396,"{""latency_us"": 1318}"
1320000,voice_frame_generated,1,397,"{""sequence"": 66}"
1320000,tx_start,1,397,"{""airtime_us"": 1316}"
1321316,packet_delivered,1,397,"{""latency_us"": 1318}"
1322500,voice_frame_generated,2,398,"{""sequence"": 66}"
1322500,tx_start,2,398,"{""airtime_us"": 1316}"
1323816,packet_delivered,2,398,"{""latency_us"": 1318}"
1325000,voice_frame_generated,3,399,"{""sequence"": 66}"
1325000,tx_start,3,399,"{""airtime_us"": 1316}"
1326316,packet_delivered,3,399,"{""latency_us"": 1318}"
1327500,voice_frame_generated,4,400,"{""sequence"": 66}"
1327500,tx_start,4,400,"{""airtime_us"": 1316}"
1328816,packet_delivered,4,400,"{""latency_us"": 1318}"
1330000,voice_frame_generated,5,401,"{""sequence"": 66}"
1330000,tx_start,5,401,"{""airtime_us"": 1316}"
1331316,packet_delivered,5,401,"{""latency_us"": 1318}"
1332500,voice_frame_generated,6,402,"{""sequence"": 66}"
1332500,tx_start,6,402,"{""airtime_us"": 1316}"
1333816,packet_delivered,6,402,"{""latency_us"": 1318}"
1340000,voice_frame_generated,1,403,"{""sequence"": 67}"
1340000,tx_start,1,403,"{""airtime_us"": 1316}"
1341316,packet_delivered,1,403,"{""latency_us"": 1318}"
1342500,voice_frame_generated,2,404,"{""sequence"": 67}"
1342500,tx_start,2,404,"{""airtime_us"": 1316}"
1343816,packet_delivered,2,404,"{""latency_us"": 1318}"
1345000,voice_frame_generated,3,405,"{""sequence"": 67}"
1345000,tx_start,3,405,"{""airtime_us"": 1316}"
1346316,packet_delivered,3,405,"{""latency_us"": 1318}"
1347500,voice_frame_generated,4,406,"{""sequence"": 67}"
1347500,tx_start,4,406,"{""airtime_us"": 1316}"
1348816,packet_delivered,4,406,"{""latency_us"": 1318}"
1350000,voice_frame_generated,5,407,"{""sequence"": 67}"
1350000,tx_start,5,407,"{""airtime_us"": 1316}"
1351316,packet_delivered,5,407,"{""latency_us"": 1318}"
1352500,voice_frame_generated,6,408,"{""sequence"": 67}"
1352500,tx_start,6,408,"{""airtime_us"": 1316}"
1353816,packet_delivered,6,408,"{""latency_us"": 1318}"
1360000,voice_frame_generated,1,409,"{""sequence"": 68}"
1360000,tx_start,1,409,"{""airtime_us"": 1316}"
1361316,packet_delivered,1,409,"{""latency_us"": 1318}"
1362500,voice_frame_generated,2,410,"{""sequence"": 68}"
1362500,tx_start,2,410,"{""airtime_us"": 1316}"
1363816,packet_delivered,2,410,"{""latency_us"": 1318}"
1365000,voice_frame_generated,3,411,"{""sequence"": 68}"
1365000,tx_start,3,411,"{""airtime_us"": 1316}"
1366316,packet_delivered,3,411,"{""latency_us"": 1318}"
1367500,voice_frame_generated,4,412,"{""sequence"": 68}"
1367500,tx_start,4,412,"{""airtime_us"": 1316}"
1368816,packet_delivered,4,412,"{""latency_us"": 1318}"
1370000,voice_frame_generated,5,413,"{""sequence"": 68}"
1370000,tx_start,5,413,"{""airtime_us"": 1316}"
1371316,packet_delivered,5,413,"{""latency_us"": 1318}"
1372500,voice_frame_generated,6,414,"{""sequence"": 68}"
1372500,tx_start,6,414,"{""airtime_us"": 1316}"
1373816,packet_delivered,6,414,"{""latency_us"": 1318}"
1380000,voice_frame_generated,1,415,"{""sequence"": 69}"
1380000,tx_start,1,415,"{""airtime_us"": 1316}"
1381316,packet_delivered,1,415,"{""latency_us"": 1318}"
1382500,voice_frame_generated,2,416,"{""sequence"": 69}"
1382500,tx_start,2,416,"{""airtime_us"": 1316}"
1383816,packet_delivered,2,416,"{""latency_us"": 1318}"
1385000,voice_frame_generated,3,417,"{""sequence"": 69}"
1385000,tx_start,3,417,"{""airtime_us"": 1316}"
1386316,packet_delivered,3,417,"{""latency_us"": 1318}"
1387500,voice_frame_generated,4,418,"{""sequence"": 69}"
1387500,tx_start,4,418,"{""airtime_us"": 1316}"
1388816,packet_delivered,4,418,"{""latency_us"": 1318}"
1390000,voice_frame_generated,5,419,"{""sequence"": 69}"
1390000,tx_start,5,419,"{""airtime_us"": 1316}"
1391316,packet_delivered,5,419,"{""latency_us"": 1318}"
1392500,voice_frame_generated,6,420,"{""sequence"": 69}"
1392500,tx_start,6,420,"{""airtime_us"": 1316}"
1393816,packet_delivered,6,420,"{""latency_us"": 1318}"
1400000,voice_frame_generated,1,421,"{""sequence"": 70}"
1400000,tx_start,1,421,"{""airtime_us"": 1316}"
1401316,packet_delivered,1,421,"{""latency_us"": 1318}"
1402500,voice_frame_generated,2,422,"{""sequence"": 70}"
1402500,tx_start,2,422,"{""airtime_us"": 1316}"
1403816,packet_delivered,2,422,"{""latency_us"": 1318}"
1405000,voice_frame_generated,3,423,"{""sequence"": 70}"
1405000,tx_start,3,423,"{""airtime_us"": 1316}"
1406316,packet_delivered,3,423,"{""latency_us"": 1318}"
1407500,voice_frame_generated,4,424,"{""sequence"": 70}"
1407500,tx_start,4,424,"{""airtime_us"": 1316}"
1408816,packet_delivered,4,424,"{""latency_us"": 1318}"
1410000,voice_frame_generated,5,425,"{""sequence"": 70}"
1410000,tx_start,5,425,"{""airtime_us"": 1316}"
1411316,packet_delivered,5,425,"{""latency_us"": 1318}"
1412500,voice_frame_generated,6,426,"{""sequence"": 70}"
1412500,tx_start,6,426,"{""airtime_us"": 1316}"
1413816,packet_delivered,6,426,"{""latency_us"": 1318}"
1420000,voice_frame_generated,1,427,"{""sequence"": 71}"
1420000,tx_start,1,427,"{""airtime_us"": 1316}"
1421316,packet_delivered,1,427,"{""latency_us"": 1318}"
1422500,voice_frame_generated,2,428,"{""sequence"": 71}"
1422500,tx_start,2,428,"{""airtime_us"": 1316}"
1423816,packet_delivered,2,428,"{""latency_us"": 1318}"
1425000,voice_frame_generated,3,429,"{""sequence"": 71}"
1425000,tx_start,3,429,"{""airtime_us"": 1316}"
1426316,packet_delivered,3,429,"{""latency_us"": 1318}"
1427500,voice_frame_generated,4,430,"{""sequence"": 71}"
1427500,tx_start,4,430,"{""airtime_us"": 1316}"
1428816,packet_delivered,4,430,"{""latency_us"": 1318}"
1430000,voice_frame_generated,5,431,"{""sequence"": 71}"
1430000,tx_start,5,431,"{""airtime_us"": 1316}"
1431316,packet_delivered,5,431,"{""latency_us"": 1318}"
1432500,voice_frame_generated,6,432,"{""sequence"": 71}"
1432500,tx_start,6,432,"{""airtime_us"": 1316}"
1433816,packet_delivered,6,432,"{""latency_us"": 1318}"
1440000,voice_frame_generated,1,433,"{""sequence"": 72}"
1440000,tx_start,1,433,"{""airtime_us"": 1316}"
1441316,packet_delivered,1,433,"{""latency_us"": 1318}"
1442500,voice_frame_generated,2,434,"{""sequence"": 72}"
1442500,tx_start,2,434,"{""airtime_us"": 1316}"
1443816,packet_delivered,2,434,"{""latency_us"": 1318}"
1445000,voice_frame_generated,3,435,"{""sequence"": 72}"
1445000,tx_start,3,435,"{""airtime_us"": 1316}"
1446316,packet_delivered,3,435,"{""latency_us"": 1318}"
1447500,voice_frame_generated,4,436,"{""sequence"": 72}"
1447500,tx_start,4,436,"{""airtime_us"": 1316}"
1448816,packet_delivered,4,436,"{""latency_us"": 1318}"
1450000,voice_frame_generated,5,437,"{""sequence"": 72}"
1450000,tx_start,5,437,"{""airtime_us"": 1316}"
1451316,packet_delivered,5,437,"{""latency_us"": 1318}"
1452500,voice_frame_generated,6,438,"{""sequence"": 72}"
1452500,tx_start,6,438,"{""airtime_us"": 1316}"
1453816,packet_delivered,6,438,"{""latency_us"": 1318}"
1460000,voice_frame_generated,1,439,"{""sequence"": 73}"
1460000,tx_start,1,439,"{""airtime_us"": 1316}"
1461316,packet_delivered,1,439,"{""latency_us"": 1318}"
1462500,voice_frame_generated,2,440,"{""sequence"": 73}"
1462500,tx_start,2,440,"{""airtime_us"": 1316}"
1463816,packet_delivered,2,440,"{""latency_us"": 1318}"
1465000,voice_frame_generated,3,441,"{""sequence"": 73}"
1465000,tx_start,3,441,"{""airtime_us"": 1316}"
1466316,packet_delivered,3,441,"{""latency_us"": 1318}"
1467500,voice_frame_generated,4,442,"{""sequence"": 73}"
1467500,tx_start,4,442,"{""airtime_us"": 1316}"
1468816,packet_delivered,4,442,"{""latency_us"": 1318}"
1470000,voice_frame_generated,5,443,"{""sequence"": 73}"
1470000,tx_start,5,443,"{""airtime_us"": 1316}"
1471316,packet_delivered,5,443,"{""latency_us"": 1318}"
1472500,voice_frame_generated,6,444,"{""sequence"": 73}"
1472500,tx_start,6,444,"{""airtime_us"": 1316}"
1473816,packet_delivered,6,444,"{""latency_us"": 1318}"
1480000,voice_frame_generated,1,445,"{""sequence"": 74}"
1480000,tx_start,1,445,"{""airtime_us"": 1316}"
1481316,packet_delivered,1,445,"{""latency_us"": 1318}"
1482500,voice_frame_generated,2,446,"{""sequence"": 74}"
1482500,tx_start,2,446,"{""airtime_us"": 1316}"
1483816,packet_delivered,2,446,"{""latency_us"": 1318}"
1485000,voice_frame_generated,3,447,"{""sequence"": 74}"
1485000,tx_start,3,447,"{""airtime_us"": 1316}"
1486316,packet_delivered,3,447,"{""latency_us"": 1318}"
1487500,voice_frame_generated,4,448,"{""sequence"": 74}"
1487500,tx_start,4,448,"{""airtime_us"": 1316}"
1488816,packet_delivered,4,448,"{""latency_us"": 1318}"
1490000,voice_frame_generated,5,449,"{""sequence"": 74}"
1490000,tx_start,5,449,"{""airtime_us"": 1316}"
1491316,packet_delivered,5,449,"{""latency_us"": 1318}"
1492500,voice_frame_generated,6,450,"{""sequence"": 74}"
1492500,tx_start,6,450,"{""airtime_us"": 1316}"
1493816,packet_delivered,6,450,"{""latency_us"": 1318}"
1500000,voice_frame_generated,1,451,"{""sequence"": 75}"
1500000,tx_start,1,451,"{""airtime_us"": 1316}"
1501316,packet_delivered,1,451,"{""latency_us"": 1318}"
1502500,voice_frame_generated,2,452,"{""sequence"": 75}"
1502500,tx_start,2,452,"{""airtime_us"": 1316}"
1503816,packet_delivered,2,452,"{""latency_us"": 1318}"
1505000,voice_frame_generated,3,453,"{""sequence"": 75}"
1505000,tx_start,3,453,"{""airtime_us"": 1316}"
1506316,packet_delivered,3,453,"{""latency_us"": 1318}"
1507500,voice_frame_generated,4,454,"{""sequence"": 75}"
1507500,tx_start,4,454,"{""airtime_us"": 1316}"
1508816,packet_delivered,4,454,"{""latency_us"": 1318}"
1510000,voice_frame_generated,5,455,"{""sequence"": 75}"
1510000,tx_start,5,455,"{""airtime_us"": 1316}"
1511316,packet_delivered,5,455,"{""latency_us"": 1318}"
1512500,voice_frame_generated,6,456,"{""sequence"": 75}"
1512500,tx_start,6,456,"{""airtime_us"": 1316}"
1513816,packet_delivered,6,456,"{""latency_us"": 1318}"
1520000,voice_frame_generated,1,457,"{""sequence"": 76}"
1520000,tx_start,1,457,"{""airtime_us"": 1316}"
1521316,packet_delivered,1,457,"{""latency_us"": 1318}"
1522500,voice_frame_generated,2,458,"{""sequence"": 76}"
1522500,tx_start,2,458,"{""airtime_us"": 1316}"
1523816,packet_delivered,2,458,"{""latency_us"": 1318}"
1525000,voice_frame_generated,3,459,"{""sequence"": 76}"
1525000,tx_start,3,459,"{""airtime_us"": 1316}"
1526316,packet_delivered,3,459,"{""latency_us"": 1318}"
1527500,voice_frame_generated,4,460,"{""sequence"": 76}"
1527500,tx_start,4,460,"{""airtime_us"": 1316}"
1528816,packet_delivered,4,460,"{""latency_us"": 1318}"
1530000,voice_frame_generated,5,461,"{""sequence"": 76}"
1530000,tx_start,5,461,"{""airtime_us"": 1316}"
1531316,packet_delivered,5,461,"{""latency_us"": 1318}"
1532500,voice_frame_generated,6,462,"{""sequence"": 76}"
1532500,tx_start,6,462,"{""airtime_us"": 1316}"
1533816,packet_delivered,6,462,"{""latency_us"": 1318}"
1540000,voice_frame_generated,1,463,"{""sequence"": 77}"
1540000,tx_start,1,463,"{""airtime_us"": 1316}"
1541316,packet_delivered,1,463,"{""latency_us"": 1318}"
1542500,voice_frame_generated,2,464,"{""sequence"": 77}"
1542500,tx_start,2,464,"{""airtime_us"": 1316}"
1543816,packet_delivered,2,464,"{""latency_us"": 1318}"
1545000,voice_frame_generated,3,465,"{""sequence"": 77}"
1545000,tx_start,3,465,"{""airtime_us"": 1316}"
1546316,packet_delivered,3,465,"{""latency_us"": 1318}"
1547500,voice_frame_generated,4,466,"{""sequence"": 77}"
1547500,tx_start,4,466,"{""airtime_us"": 1316}"
1548816,packet_delivered,4,466,"{""latency_us"": 1318}"
1550000,voice_frame_generated,5,467,"{""sequence"": 77}"
1550000,tx_start,5,467,"{""airtime_us"": 1316}"
1551316,packet_delivered,5,467,"{""latency_us"": 1318}"
1552500,voice_frame_generated,6,468,"{""sequence"": 77}"
1552500,tx_start,6,468,"{""airtime_us"": 1316}"
1553816,packet_delivered,6,468,"{""latency_us"": 1318}"
1560000,voice_frame_generated,1,469,"{""sequence"": 78}"
1560000,tx_start,1,469,"{""airtime_us"": 1316}"
1561316,packet_delivered,1,469,"{""latency_us"": 1318}"
1562500,voice_frame_generated,2,470,"{""sequence"": 78}"
1562500,tx_start,2,470,"{""airtime_us"": 1316}"
1563816,packet_delivered,2,470,"{""latency_us"": 1318}"
1565000,voice_frame_generated,3,471,"{""sequence"": 78}"
1565000,tx_start,3,471,"{""airtime_us"": 1316}"
1566316,packet_delivered,3,471,"{""latency_us"": 1318}"
1567500,voice_frame_generated,4,472,"{""sequence"": 78}"
1567500,tx_start,4,472,"{""airtime_us"": 1316}"
1568816,packet_delivered,4,472,"{""latency_us"": 1318}"
1570000,voice_frame_generated,5,473,"{""sequence"": 78}"
1570000,tx_start,5,473,"{""airtime_us"": 1316}"
1571316,packet_delivered,5,473,"{""latency_us"": 1318}"
1572500,voice_frame_generated,6,474,"{""sequence"": 78}"
1572500,tx_start,6,474,"{""airtime_us"": 1316}"
1573816,packet_delivered,6,474,"{""latency_us"": 1318}"
1580000,voice_frame_generated,1,475,"{""sequence"": 79}"
1580000,tx_start,1,475,"{""airtime_us"": 1316}"
1581316,packet_delivered,1,475,"{""latency_us"": 1318}"
1582500,voice_frame_generated,2,476,"{""sequence"": 79}"
1582500,tx_start,2,476,"{""airtime_us"": 1316}"
1583816,packet_delivered,2,476,"{""latency_us"": 1318}"
1585000,voice_frame_generated,3,477,"{""sequence"": 79}"
1585000,tx_start,3,477,"{""airtime_us"": 1316}"
1586316,packet_delivered,3,477,"{""latency_us"": 1318}"
1587500,voice_frame_generated,4,478,"{""sequence"": 79}"
1587500,tx_start,4,478,"{""airtime_us"": 1316}"
1588816,packet_delivered,4,478,"{""latency_us"": 1318}"
1590000,voice_frame_generated,5,479,"{""sequence"": 79}"
1590000,tx_start,5,479,"{""airtime_us"": 1316}"
1591316,packet_delivered,5,479,"{""latency_us"": 1318}"
1592500,voice_frame_generated,6,480,"{""sequence"": 79}"
1592500,tx_start,6,480,"{""airtime_us"": 1316}"
1593816,packet_delivered,6,480,"{""latency_us"": 1318}"
1600000,voice_frame_generated,1,481,"{""sequence"": 80}"
1600000,tx_start,1,481,"{""airtime_us"": 1316}"
1601316,packet_delivered,1,481,"{""latency_us"": 1318}"
1602500,voice_frame_generated,2,482,"{""sequence"": 80}"
1602500,tx_start,2,482,"{""airtime_us"": 1316}"
1603816,packet_delivered,2,482,"{""latency_us"": 1318}"
1605000,voice_frame_generated,3,483,"{""sequence"": 80}"
1605000,tx_start,3,483,"{""airtime_us"": 1316}"
1606316,packet_delivered,3,483,"{""latency_us"": 1318}"
1607500,voice_frame_generated,4,484,"{""sequence"": 80}"
1607500,tx_start,4,484,"{""airtime_us"": 1316}"
1608816,packet_delivered,4,484,"{""latency_us"": 1318}"
1610000,voice_frame_generated,5,485,"{""sequence"": 80}"
1610000,tx_start,5,485,"{""airtime_us"": 1316}"
1611316,packet_delivered,5,485,"{""latency_us"": 1318}"
1612500,voice_frame_generated,6,486,"{""sequence"": 80}"
1612500,tx_start,6,486,"{""airtime_us"": 1316}"
1613816,packet_delivered,6,486,"{""latency_us"": 1318}"
1620000,voice_frame_generated,1,487,"{""sequence"": 81}"
1620000,tx_start,1,487,"{""airtime_us"": 1316}"
1621316,packet_delivered,1,487,"{""latency_us"": 1318}"
1622500,voice_frame_generated,2,488,"{""sequence"": 81}"
1622500,tx_start,2,488,"{""airtime_us"": 1316}"
1623816,packet_delivered,2,488,"{""latency_us"": 1318}"
1625000,voice_frame_generated,3,489,"{""sequence"": 81}"
1625000,tx_start,3,489,"{""airtime_us"": 1316}"
1626316,packet_delivered,3,489,"{""latency_us"": 1318}"
1627500,voice_frame_generated,4,490,"{""sequence"": 81}"
1627500,tx_start,4,490,"{""airtime_us"": 1316}"
1628816,packet_delivered,4,490,"{""latency_us"": 1318}"
1630000,voice_frame_generated,5,491,"{""sequence"": 81}"
1630000,tx_start,5,491,"{""airtime_us"": 1316}"
1631316,packet_delivered,5,491,"{""latency_us"": 1318}"
1632500,voice_frame_generated,6,492,"{""sequence"": 81}"
1632500,tx_start,6,492,"{""airtime_us"": 1316}"
1633816,packet_delivered,6,492,"{""latency_us"": 1318}"
1640000,voice_frame_generated,1,493,"{""sequence"": 82}"
1640000,tx_start,1,493,"{""airtime_us"": 1316}"
1641316,packet_delivered,1,493,"{""latency_us"": 1318}"
1642500,voice_frame_generated,2,494,"{""sequence"": 82}"
1642500,tx_start,2,494,"{""airtime_us"": 1316}"
1643816,packet_delivered,2,494,"{""latency_us"": 1318}"
1645000,voice_frame_generated,3,495,"{""sequence"": 82}"
1645000,tx_start,3,495,"{""airtime_us"": 1316}"
1646316,packet_delivered,3,495,"{""latency_us"": 1318}"
1647500,voice_frame_generated,4,496,"{""sequence"": 82}"
1647500,tx_start,4,496,"{""airtime_us"": 1316}"
1648816,packet_delivered,4,496,"{""latency_us"": 1318}"
1650000,voice_frame_generated,5,497,"{""sequence"": 82}"
1650000,tx_start,5,497,"{""airtime_us"": 1316}"
1651316,packet_delivered,5,497,"{""latency_us"": 1318}"
1652500,voice_frame_generated,6,498,"{""sequence"": 82}"
1652500,tx_start,6,498,"{""airtime_us"": 1316}"
1653816,packet_delivered,6,498,"{""latency_us"": 1318}"
1660000,voice_frame_generated,1,499,"{""sequence"": 83}"
1660000,tx_start,1,499,"{""airtime_us"": 1316}"
1661316,packet_delivered,1,499,"{""latency_us"": 1318}"
1662500,voice_frame_generated,2,500,"{""sequence"": 83}"
1662500,tx_start,2,500,"{""airtime_us"": 1316}"
1663816,packet_delivered,2,500,"{""latency_us"": 1318}"
1665000,voice_frame_generated,3,501,"{""sequence"": 83}"
1665000,tx_start,3,501,"{""airtime_us"": 1316}"
1666316,packet_delivered,3,501,"{""latency_us"": 1318}"
1667500,voice_frame_generated,4,502,"{""sequence"": 83}"
1667500,tx_start,4,502,"{""airtime_us"": 1316}"
1668816,packet_delivered,4,502,"{""latency_us"": 1318}"
1670000,voice_frame_generated,5,503,"{""sequence"": 83}"
1670000,tx_start,5,503,"{""airtime_us"": 1316}"
1671316,packet_delivered,5,503,"{""latency_us"": 1318}"
1672500,voice_frame_generated,6,504,"{""sequence"": 83}"
1672500,tx_start,6,504,"{""airtime_us"": 1316}"
1673816,packet_delivered,6,504,"{""latency_us"": 1318}"
1680000,voice_frame_generated,1,505,"{""sequence"": 84}"
1680000,tx_start,1,505,"{""airtime_us"": 1316}"
1681316,packet_delivered,1,505,"{""latency_us"": 1318}"
1682500,voice_frame_generated,2,506,"{""sequence"": 84}"
1682500,tx_start,2,506,"{""airtime_us"": 1316}"
1683816,packet_delivered,2,506,"{""latency_us"": 1318}"
1685000,voice_frame_generated,3,507,"{""sequence"": 84}"
1685000,tx_start,3,507,"{""airtime_us"": 1316}"
1686316,packet_delivered,3,507,"{""latency_us"": 1318}"
1687500,voice_frame_generated,4,508,"{""sequence"": 84}"
1687500,tx_start,4,508,"{""airtime_us"": 1316}"
1688816,packet_delivered,4,508,"{""latency_us"": 1318}"
1690000,voice_frame_generated,5,509,"{""sequence"": 84}"
1690000,tx_start,5,509,"{""airtime_us"": 1316}"
1691316,packet_delivered,5,509,"{""latency_us"": 1318}"
1692500,voice_frame_generated,6,510,"{""sequence"": 84}"
1692500,tx_start,6,510,"{""airtime_us"": 1316}"
1693816,packet_delivered,6,510,"{""latency_us"": 1318}"
1700000,voice_frame_generated,1,511,"{""sequence"": 85}"
1700000,tx_start,1,511,"{""airtime_us"": 1316}"
1701316,packet_delivered,1,511,"{""latency_us"": 1318}"
1702500,voice_frame_generated,2,512,"{""sequence"": 85}"
1702500,tx_start,2,512,"{""airtime_us"": 1316}"
1703816,packet_delivered,2,512,"{""latency_us"": 1318}"
1705000,voice_frame_generated,3,513,"{""sequence"": 85}"
1705000,tx_start,3,513,"{""airtime_us"": 1316}"
1706316,packet_delivered,3,513,"{""latency_us"": 1318}"
1707500,voice_frame_generated,4,514,"{""sequence"": 85}"
1707500,tx_start,4,514,"{""airtime_us"": 1316}"
1708816,packet_delivered,4,514,"{""latency_us"": 1318}"
1710000,voice_frame_generated,5,515,"{""sequence"": 85}"
1710000,tx_start,5,515,"{""airtime_us"": 1316}"
1711316,packet_delivered,5,515,"{""latency_us"": 1318}"
1712500,voice_frame_generated,6,516,"{""sequence"": 85}"
1712500,tx_start,6,516,"{""airtime_us"": 1316}"
1713816,packet_delivered,6,516,"{""latency_us"": 1318}"
1720000,voice_frame_generated,1,517,"{""sequence"": 86}"
1720000,tx_start,1,517,"{""airtime_us"": 1316}"
1721316,packet_delivered,1,517,"{""latency_us"": 1318}"
1722500,voice_frame_generated,2,518,"{""sequence"": 86}"
1722500,tx_start,2,518,"{""airtime_us"": 1316}"
1723816,packet_delivered,2,518,"{""latency_us"": 1318}"
1725000,voice_frame_generated,3,519,"{""sequence"": 86}"
1725000,tx_start,3,519,"{""airtime_us"": 1316}"
1726316,packet_delivered,3,519,"{""latency_us"": 1318}"
1727500,voice_frame_generated,4,520,"{""sequence"": 86}"
1727500,tx_start,4,520,"{""airtime_us"": 1316}"
1728816,packet_delivered,4,520,"{""latency_us"": 1318}"
1730000,voice_frame_generated,5,521,"{""sequence"": 86}"
1730000,tx_start,5,521,"{""airtime_us"": 1316}"
1731316,packet_delivered,5,521,"{""latency_us"": 1318}"
1732500,voice_frame_generated,6,522,"{""sequence"": 86}"
1732500,tx_start,6,522,"{""airtime_us"": 1316}"
1733816,packet_delivered,6,522,"{""latency_us"": 1318}"
1740000,voice_frame_generated,1,523,"{""sequence"": 87}"
1740000,tx_start,1,523,"{""airtime_us"": 1316}"
1741316,packet_delivered,1,523,"{""latency_us"": 1318}"
1742500,voice_frame_generated,2,524,"{""sequence"": 87}"
1742500,tx_start,2,524,"{""airtime_us"": 1316}"
1743816,packet_delivered,2,524,"{""latency_us"": 1318}"
1745000,voice_frame_generated,3,525,"{""sequence"": 87}"
1745000,tx_start,3,525,"{""airtime_us"": 1316}"
1746316,packet_delivered,3,525,"{""latency_us"": 1318}"
1747500,voice_frame_generated,4,526,"{""sequence"": 87}"
1747500,tx_start,4,526,"{""airtime_us"": 1316}"
1748816,packet_delivered,4,526,"{""latency_us"": 1318}"
1750000,voice_frame_generated,5,527,"{""sequence"": 87}"
1750000,tx_start,5,527,"{""airtime_us"": 1316}"
1751316,packet_delivered,5,527,"{""latency_us"": 1318}"
1752500,voice_frame_generated,6,528,"{""sequence"": 87}"
1752500,tx_start,6,528,"{""airtime_us"": 1316}"
1753816,packet_delivered,6,528,"{""latency_us"": 1318}"
1760000,voice_frame_generated,1,529,"{""sequence"": 88}"
1760000,tx_start,1,529,"{""airtime_us"": 1316}"
1761316,packet_delivered,1,529,"{""latency_us"": 1318}"
1762500,voice_frame_generated,2,530,"{""sequence"": 88}"
1762500,tx_start,2,530,"{""airtime_us"": 1316}"
1763816,packet_delivered,2,530,"{""latency_us"": 1318}"
1765000,voice_frame_generated,3,531,"{""sequence"": 88}"
1765000,tx_start,3,531,"{""airtime_us"": 1316}"
1766316,packet_delivered,3,531,"{""latency_us"": 1318}"
1767500,voice_frame_generated,4,532,"{""sequence"": 88}"
1767500,tx_start,4,532,"{""airtime_us"": 1316}"
1768816,packet_delivered,4,532,"{""latency_us"": 1318}"
1770000,voice_frame_generated,5,533,"{""sequence"": 88}"
1770000,tx_start,5,533,"{""airtime_us"": 1316}"
1771316,packet_delivered,5,533,"{""latency_us"": 1318}"
1772500,voice_frame_generated,6,534,"{""sequence"": 88}"
1772500,tx_start,6,534,"{""airtime_us"": 1316}"
1773816,packet_delivered,6,534,"{""latency_us"": 1318}"
1780000,voice_frame_generated,1,535,"{""sequence"": 89}"
1780000,tx_start,1,535,"{""airtime_us"": 1316}"
1781316,packet_delivered,1,535,"{""latency_us"": 1318}"
1782500,voice_frame_generated,2,536,"{""sequence"": 89}"
1782500,tx_start,2,536,"{""airtime_us"": 1316}"
1783816,packet_delivered,2,536,"{""latency_us"": 1318}"
1785000,voice_frame_generated,3,537,"{""sequence"": 89}"
1785000,tx_start,3,537,"{""airtime_us"": 1316}"
1786316,packet_delivered,3,537,"{""latency_us"": 1318}"
1787500,voice_frame_generated,4,538,"{""sequence"": 89}"
1787500,tx_start,4,538,"{""airtime_us"": 1316}"
1788816,packet_delivered,4,538,"{""latency_us"": 1318}"
1790000,voice_frame_generated,5,539,"{""sequence"": 89}"
1790000,tx_start,5,539,"{""airtime_us"": 1316}"
1791316,packet_delivered,5,539,"{""latency_us"": 1318}"
1792500,voice_frame_generated,6,540,"{""sequence"": 89}"
1792500,tx_start,6,540,"{""airtime_us"": 1316}"
1793816,packet_delivered,6,540,"{""latency_us"": 1318}"
1800000,voice_frame_generated,1,541,"{""sequence"": 90}"
1800000,tx_start,1,541,"{""airtime_us"": 1316}"
1801316,packet_delivered,1,541,"{""latency_us"": 1318}"
1802500,voice_frame_generated,2,542,"{""sequence"": 90}"
1802500,tx_start,2,542,"{""airtime_us"": 1316}"
1803816,packet_delivered,2,542,"{""latency_us"": 1318}"
1805000,voice_frame_generated,3,543,"{""sequence"": 90}"
1805000,tx_start,3,543,"{""airtime_us"": 1316}"
1806316,packet_delivered,3,543,"{""latency_us"": 1318}"
1807500,voice_frame_generated,4,544,"{""sequence"": 90}"
1807500,tx_start,4,544,"{""airtime_us"": 1316}"
1808816,packet_delivered,4,544,"{""latency_us"": 1318}"
1810000,voice_frame_generated,5,545,"{""sequence"": 90}"
1810000,tx_start,5,545,"{""airtime_us"": 1316}"
1811316,packet_delivered,5,545,"{""latency_us"": 1318}"
1812500,voice_frame_generated,6,546,"{""sequence"": 90}"
1812500,tx_start,6,546,"{""airtime_us"": 1316}"
1813816,packet_delivered,6,546,"{""latency_us"": 1318}"
1820000,voice_frame_generated,1,547,"{""sequence"": 91}"
1820000,tx_start,1,547,"{""airtime_us"": 1316}"
1821316,packet_delivered,1,547,"{""latency_us"": 1318}"
1822500,voice_frame_generated,2,548,"{""sequence"": 91}"
1822500,tx_start,2,548,"{""airtime_us"": 1316}"
1823816,packet_delivered,2,548,"{""latency_us"": 1318}"
1825000,voice_frame_generated,3,549,"{""sequence"": 91}"
1825000,tx_start,3,549,"{""airtime_us"": 1316}"
1826316,packet_delivered,3,549,"{""latency_us"": 1318}"
1827500,voice_frame_generated,4,550,"{""sequence"": 91}"
1827500,tx_start,4,550,"{""airtime_us"": 1316}"
1828816,packet_delivered,4,550,"{""latency_us"": 1318}"
1830000,voice_frame_generated,5,551,"{""sequence"": 91}"
1830000,tx_start,5,551,"{""airtime_us"": 1316}"
1831316,packet_delivered,5,551,"{""latency_us"": 1318}"
1832500,voice_frame_generated,6,552,"{""sequence"": 91}"
1832500,tx_start,6,552,"{""airtime_us"": 1316}"
1833816,packet_delivered,6,552,"{""latency_us"": 1318}"
1840000,voice_frame_generated,1,553,"{""sequence"": 92}"
1840000,tx_start,1,553,"{""airtime_us"": 1316}"
1841316,packet_delivered,1,553,"{""latency_us"": 1318}"
1842500,voice_frame_generated,2,554,"{""sequence"": 92}"
1842500,tx_start,2,554,"{""airtime_us"": 1316}"
1843816,packet_delivered,2,554,"{""latency_us"": 1318}"
1845000,voice_frame_generated,3,555,"{""sequence"": 92}"
1845000,tx_start,3,555,"{""airtime_us"": 1316}"
1846316,packet_delivered,3,555,"{""latency_us"": 1318}"
1847500,voice_frame_generated,4,556,"{""sequence"": 92}"
1847500,tx_start,4,556,"{""airtime_us"": 1316}"
1848816,packet_delivered,4,556,"{""latency_us"": 1318}"
1850000,voice_frame_generated,5,557,"{""sequence"": 92}"
1850000,tx_start,5,557,"{""airtime_us"": 1316}"
1851316,packet_delivered,5,557,"{""latency_us"": 1318}"
1852500,voice_frame_generated,6,558,"{""sequence"": 92}"
1852500,tx_start,6,558,"{""airtime_us"": 1316}"
1853816,packet_delivered,6,558,"{""latency_us"": 1318}"
1860000,voice_frame_generated,1,559,"{""sequence"": 93}"
1860000,tx_start,1,559,"{""airtime_us"": 1316}"
1861316,packet_delivered,1,559,"{""latency_us"": 1318}"
1862500,voice_frame_generated,2,560,"{""sequence"": 93}"
1862500,tx_start,2,560,"{""airtime_us"": 1316}"
1863816,packet_delivered,2,560,"{""latency_us"": 1318}"
1865000,voice_frame_generated,3,561,"{""sequence"": 93}"
1865000,tx_start,3,561,"{""airtime_us"": 1316}"
1866316,packet_delivered,3,561,"{""latency_us"": 1318}"
1867500,voice_frame_generated,4,562,"{""sequence"": 93}"
1867500,tx_start,4,562,"{""airtime_us"": 1316}"
1868816,packet_delivered,4,562,"{""latency_us"": 1318}"
1870000,voice_frame_generated,5,563,"{""sequence"": 93}"
1870000,tx_start,5,563,"{""airtime_us"": 1316}"
1871316,packet_delivered,5,563,"{""latency_us"": 1318}"
1872500,voice_frame_generated,6,564,"{""sequence"": 93}"
1872500,tx_start,6,564,"{""airtime_us"": 1316}"
1873816,packet_delivered,6,564,"{""latency_us"": 1318}"
1880000,voice_frame_generated,1,565,"{""sequence"": 94}"
1880000,tx_start,1,565,"{""airtime_us"": 1316}"
1881316,packet_delivered,1,565,"{""latency_us"": 1318}"
1882500,voice_frame_generated,2,566,"{""sequence"": 94}"
1882500,tx_start,2,566,"{""airtime_us"": 1316}"
1883816,packet_delivered,2,566,"{""latency_us"": 1318}"
1885000,voice_frame_generated,3,567,"{""sequence"": 94}"
1885000,tx_start,3,567,"{""airtime_us"": 1316}"
1886316,packet_delivered,3,567,"{""latency_us"": 1318}"
1887500,voice_frame_generated,4,568,"{""sequence"": 94}"
1887500,tx_start,4,568,"{""airtime_us"": 1316}"
1888816,packet_delivered,4,568,"{""latency_us"": 1318}"
1890000,voice_frame_generated,5,569,"{""sequence"": 94}"
1890000,tx_start,5,569,"{""airtime_us"": 1316}"
1891316,packet_delivered,5,569,"{""latency_us"": 1318}"
1892500,voice_frame_generated,6,570,"{""sequence"": 94}"
1892500,tx_start,6,570,"{""airtime_us"": 1316}"
1893816,packet_delivered,6,570,"{""latency_us"": 1318}"
1900000,voice_frame_generated,1,571,"{""sequence"": 95}"
1900000,tx_start,1,571,"{""airtime_us"": 1316}"
1901316,packet_delivered,1,571,"{""latency_us"": 1318}"
1902500,voice_frame_generated,2,572,"{""sequence"": 95}"
1902500,tx_start,2,572,"{""airtime_us"": 1316}"
1903816,packet_delivered,2,572,"{""latency_us"": 1318}"
1905000,voice_frame_generated,3,573,"{""sequence"": 95}"
1905000,tx_start,3,573,"{""airtime_us"": 1316}"
1906316,packet_delivered,3,573,"{""latency_us"": 1318}"
1907500,voice_frame_generated,4,574,"{""sequence"": 95}"
1907500,tx_start,4,574,"{""airtime_us"": 1316}"
1908816,packet_delivered,4,574,"{""latency_us"": 1318}"
1910000,voice_frame_generated,5,575,"{""sequence"": 95}"
1910000,tx_start,5,575,"{""airtime_us"": 1316}"
1911316,packet_delivered,5,575,"{""latency_us"": 1318}"
1912500,voice_frame_generated,6,576,"{""sequence"": 95}"
1912500,tx_start,6,576,"{""airtime_us"": 1316}"
1913816,packet_delivered,6,576,"{""latency_us"": 1318}"
1920000,voice_frame_generated,1,577,"{""sequence"": 96}"
1920000,tx_start,1,577,"{""airtime_us"": 1316}"
1921316,packet_delivered,1,577,"{""latency_us"": 1318}"
1922500,voice_frame_generated,2,578,"{""sequence"": 96}"
1922500,tx_start,2,578,"{""airtime_us"": 1316}"
1923816,packet_delivered,2,578,"{""latency_us"": 1318}"
1925000,voice_frame_generated,3,579,"{""sequence"": 96}"
1925000,tx_start,3,579,"{""airtime_us"": 1316}"
1926316,packet_delivered,3,579,"{""latency_us"": 1318}"
1927500,voice_frame_generated,4,580,"{""sequence"": 96}"
1927500,tx_start,4,580,"{""airtime_us"": 1316}"
1928816,packet_delivered,4,580,"{""latency_us"": 1318}"
1930000,voice_frame_generated,5,581,"{""sequence"": 96}"
1930000,tx_start,5,581,"{""airtime_us"": 1316}"
1931316,packet_delivered,5,581,"{""latency_us"": 1318}"
1932500,voice_frame_generated,6,582,"{""sequence"": 96}"
1932500,tx_start,6,582,"{""airtime_us"": 1316}"
1933816,packet_delivered,6,582,"{""latency_us"": 1318}"
1940000,voice_frame_generated,1,583,"{""sequence"": 97}"
1940000,tx_start,1,583,"{""airtime_us"": 1316}"
1941316,packet_delivered,1,583,"{""latency_us"": 1318}"
1942500,voice_frame_generated,2,584,"{""sequence"": 97}"
1942500,tx_start,2,584,"{""airtime_us"": 1316}"
1943816,packet_delivered,2,584,"{""latency_us"": 1318}"
1945000,voice_frame_generated,3,585,"{""sequence"": 97}"
1945000,tx_start,3,585,"{""airtime_us"": 1316}"
1946316,packet_delivered,3,585,"{""latency_us"": 1318}"
1947500,voice_frame_generated,4,586,"{""sequence"": 97}"
1947500,tx_start,4,586,"{""airtime_us"": 1316}"
1948816,packet_delivered,4,586,"{""latency_us"": 1318}"
1950000,voice_frame_generated,5,587,"{""sequence"": 97}"
1950000,tx_start,5,587,"{""airtime_us"": 1316}"
1951316,packet_delivered,5,587,"{""latency_us"": 1318}"
1952500,voice_frame_generated,6,588,"{""sequence"": 97}"
1952500,tx_start,6,588,"{""airtime_us"": 1316}"
1953816,packet_delivered,6,588,"{""latency_us"": 1318}"
1960000,voice_frame_generated,1,589,"{""sequence"": 98}"
1960000,tx_start,1,589,"{""airtime_us"": 1316}"
1961316,packet_delivered,1,589,"{""latency_us"": 1318}"
1962500,voice_frame_generated,2,590,"{""sequence"": 98}"
1962500,tx_start,2,590,"{""airtime_us"": 1316}"
1963816,packet_delivered,2,590,"{""latency_us"": 1318}"
1965000,voice_frame_generated,3,591,"{""sequence"": 98}"
1965000,tx_start,3,591,"{""airtime_us"": 1316}"
1966316,packet_delivered,3,591,"{""latency_us"": 1318}"
1967500,voice_frame_generated,4,592,"{""sequence"": 98}"
1967500,tx_start,4,592,"{""airtime_us"": 1316}"
1968816,packet_delivered,4,592,"{""latency_us"": 1318}"
1970000,voice_frame_generated,5,593,"{""sequence"": 98}"
1970000,tx_start,5,593,"{""airtime_us"": 1316}"
1971316,packet_delivered,5,593,"{""latency_us"": 1318}"
1972500,voice_frame_generated,6,594,"{""sequence"": 98}"
1972500,tx_start,6,594,"{""airtime_us"": 1316}"
1973816,packet_delivered,6,594,"{""latency_us"": 1318}"
1980000,voice_frame_generated,1,595,"{""sequence"": 99}"
1980000,tx_start,1,595,"{""airtime_us"": 1316}"
1981316,packet_delivered,1,595,"{""latency_us"": 1318}"
1982500,voice_frame_generated,2,596,"{""sequence"": 99}"
1982500,tx_start,2,596,"{""airtime_us"": 1316}"
1983816,packet_delivered,2,596,"{""latency_us"": 1318}"
1985000,voice_frame_generated,3,597,"{""sequence"": 99}"
1985000,tx_start,3,597,"{""airtime_us"": 1316}"
1986316,packet_delivered,3,597,"{""latency_us"": 1318}"
1987500,voice_frame_generated,4,598,"{""sequence"": 99}"
1987500,tx_start,4,598,"{""airtime_us"": 1316}"
1988816,packet_delivered,4,598,"{""latency_us"": 1318}"
1990000,voice_frame_generated,5,599,"{""sequence"": 99}"
1990000,tx_start,5,599,"{""airtime_us"": 1316}"
1991316,packet_delivered,5,599,"{""latency_us"": 1318}"
1992500,voice_frame_generated,6,600,"{""sequence"": 99}"
1992500,tx_start,6,600,"{""airtime_us"": 1316}"
1993816,packet_delivered,6,600,"{""latency_us"": 1318}"
2000000,voice_frame_generated,1,601,"{""sequence"": 100}"
2000000,tx_start,1,601,"{""airtime_us"": 1316}"
2001316,packet_delivered,1,601,"{""latency_us"": 1318}"
2002500,voice_frame_generated,2,602,"{""sequence"": 100}"
2002500,tx_start,2,602,"{""airtime_us"": 1316}"
2003816,packet_delivered,2,602,"{""latency_us"": 1318}"
2005000,voice_frame_generated,3,603,"{""sequence"": 100}"
2005000,tx_start,3,603,"{""airtime_us"": 1316}"
2006316,packet_delivered,3,603,"{""latency_us"": 1318}"
2007500,voice_frame_generated,4,604,"{""sequence"": 100}"
2007500,tx_start,4,604,"{""airtime_us"": 1316}"
2008816,packet_delivered,4,604,"{""latency_us"": 1318}"
2010000,voice_frame_generated,5,605,"{""sequence"": 100}"
2010000,tx_start,5,605,"{""airtime_us"": 1316}"
2011316,packet_delivered,5,605,"{""latency_us"": 1318}"
2012500,voice_frame_generated,6,606,"{""sequence"": 100}"
2012500,tx_start,6,606,"{""airtime_us"": 1316}"
2013816,packet_delivered,6,606,"{""latency_us"": 1318}"
2020000,voice_frame_generated,1,607,"{""sequence"": 101}"
2020000,tx_start,1,607,"{""airtime_us"": 1316}"
2021316,packet_delivered,1,607,"{""latency_us"": 1318}"
2022500,voice_frame_generated,2,608,"{""sequence"": 101}"
2022500,tx_start,2,608,"{""airtime_us"": 1316}"
2023816,packet_delivered,2,608,"{""latency_us"": 1318}"
2025000,voice_frame_generated,3,609,"{""sequence"": 101}"
2025000,tx_start,3,609,"{""airtime_us"": 1316}"
2026316,packet_delivered,3,609,"{""latency_us"": 1318}"
2027500,voice_frame_generated,4,610,"{""sequence"": 101}"
2027500,tx_start,4,610,"{""airtime_us"": 1316}"
2028816,packet_delivered,4,610,"{""latency_us"": 1318}"
2030000,voice_frame_generated,5,611,"{""sequence"": 101}"
2030000,tx_start,5,611,"{""airtime_us"": 1316}"
2031316,packet_delivered,5,611,"{""latency_us"": 1318}"
2032500,voice_frame_generated,6,612,"{""sequence"": 101}"
2032500,tx_start,6,612,"{""airtime_us"": 1316}"
2033816,packet_delivered,6,612,"{""latency_us"": 1318}"
2040000,voice_frame_generated,1,613,"{""sequence"": 102}"
2040000,tx_start,1,613,"{""airtime_us"": 1316}"
2041316,packet_delivered,1,613,"{""latency_us"": 1318}"
2042500,voice_frame_generated,2,614,"{""sequence"": 102}"
2042500,tx_start,2,614,"{""airtime_us"": 1316}"
2043816,packet_delivered,2,614,"{""latency_us"": 1318}"
2045000,voice_frame_generated,3,615,"{""sequence"": 102}"
2045000,tx_start,3,615,"{""airtime_us"": 1316}"
2046316,packet_delivered,3,615,"{""latency_us"": 1318}"
2047500,voice_frame_generated,4,616,"{""sequence"": 102}"
2047500,tx_start,4,616,"{""airtime_us"": 1316}"
2048816,packet_delivered,4,616,"{""latency_us"": 1318}"
2050000,voice_frame_generated,5,617,"{""sequence"": 102}"
2050000,tx_start,5,617,"{""airtime_us"": 1316}"
2051316,packet_delivered,5,617,"{""latency_us"": 1318}"
2052500,voice_frame_generated,6,618,"{""sequence"": 102}"
2052500,tx_start,6,618,"{""airtime_us"": 1316}"
2053816,packet_delivered,6,618,"{""latency_us"": 1318}"
2060000,voice_frame_generated,1,619,"{""sequence"": 103}"
2060000,tx_start,1,619,"{""airtime_us"": 1316}"
2061316,packet_delivered,1,619,"{""latency_us"": 1318}"
2062500,voice_frame_generated,2,620,"{""sequence"": 103}"
2062500,tx_start,2,620,"{""airtime_us"": 1316}"
2063816,packet_delivered,2,620,"{""latency_us"": 1318}"
2065000,voice_frame_generated,3,621,"{""sequence"": 103}"
2065000,tx_start,3,621,"{""airtime_us"": 1316}"
2066316,packet_delivered,3,621,"{""latency_us"": 1318}"
2067500,voice_frame_generated,4,622,"{""sequence"": 103}"
2067500,tx_start,4,622,"{""airtime_us"": 1316}"
2068816,packet_delivered,4,622,"{""latency_us"": 1318}"
2070000,voice_frame_generated,5,623,"{""sequence"": 103}"
2070000,tx_start,5,623,"{""airtime_us"": 1316}"
2071316,packet_delivered,5,623,"{""latency_us"": 1318}"
2072500,voice_frame_generated,6,624,"{""sequence"": 103}"
2072500,tx_start,6,624,"{""airtime_us"": 1316}"
2073816,packet_delivered,6,624,"{""latency_us"": 1318}"
2080000,voice_frame_generated,1,625,"{""sequence"": 104}"
2080000,tx_start,1,625,"{""airtime_us"": 1316}"
2081316,packet_delivered,1,625,"{""latency_us"": 1318}"
2082500,voice_frame_generated,2,626,"{""sequence"": 104}"
2082500,tx_start,2,626,"{""airtime_us"": 1316}"
2083816,packet_delivered,2,626,"{""latency_us"": 1318}"
2085000,voice_frame_generated,3,627,"{""sequence"": 104}"
2085000,tx_start,3,627,"{""airtime_us"": 1316}"
2086316,packet_delivered,3,627,"{""latency_us"": 1318}"
2087500,voice_frame_generated,4,628,"{""sequence"": 104}"
2087500,tx_start,4,628,"{""airtime_us"": 1316}"
2088816,packet_delivered,4,628,"{""latency_us"": 1318}"
2090000,voice_frame_generated,5,629,"{""sequence"": 104}"
2090000,tx_start,5,629,"{""airtime_us"": 1316}"
2091316,packet_delivered,5,629,"{""latency_us"": 1318}"
2092500,voice_frame_generated,6,630,"{""sequence"": 104}"
2092500,tx_start,6,630,"{""airtime_us"": 1316}"
2093816,packet_delivered,6,630,"{""latency_us"": 1318}"
2100000,voice_frame_generated,1,631,"{""sequence"": 105}"
2100000,tx_start,1,631,"{""airtime_us"": 1316}"
2101316,packet_delivered,1,631,"{""latency_us"": 1318}"
2102500,voice_frame_generated,2,632,"{""sequence"": 105}"
2102500,tx_start,2,632,"{""airtime_us"": 1316}"
2103816,packet_delivered,2,632,"{""latency_us"": 1318}"
2105000,voice_frame_generated,3,633,"{""sequence"": 105}"
2105000,tx_start,3,633,"{""airtime_us"": 1316}"
2106316,packet_delivered,3,633,"{""latency_us"": 1318}"
2107500,voice_frame_generated,4,634,"{""sequence"": 105}"
2107500,tx_start,4,634,"{""airtime_us"": 1316}"
2108816,packet_delivered,4,634,"{""latency_us"": 1318}"
2110000,voice_frame_generated,5,635,"{""sequence"": 105}"
2110000,tx_start,5,635,"{""airtime_us"": 1316}"
2111316,packet_delivered,5,635,"{""latency_us"": 1318}"
2112500,voice_frame_generated,6,636,"{""sequence"": 105}"
2112500,tx_start,6,636,"{""airtime_us"": 1316}"
2113816,packet_delivered,6,636,"{""latency_us"": 1318}"
2120000,voice_frame_generated,1,637,"{""sequence"": 106}"
2120000,tx_start,1,637,"{""airtime_us"": 1316}"
2121316,packet_delivered,1,637,"{""latency_us"": 1318}"
2122500,voice_frame_generated,2,638,"{""sequence"": 106}"
2122500,tx_start,2,638,"{""airtime_us"": 1316}"
2123816,packet_delivered,2,638,"{""latency_us"": 1318}"
2125000,voice_frame_generated,3,639,"{""sequence"": 106}"
2125000,tx_start,3,639,"{""airtime_us"": 1316}"
2126316,packet_delivered,3,639,"{""latency_us"": 1318}"
2127500,voice_frame_generated,4,640,"{""sequence"": 106}"
2127500,tx_start,4,640,"{""airtime_us"": 1316}"
2128816,packet_delivered,4,640,"{""latency_us"": 1318}"
2130000,voice_frame_generated,5,641,"{""sequence"": 106}"
2130000,tx_start,5,641,"{""airtime_us"": 1316}"
2131316,packet_delivered,5,641,"{""latency_us"": 1318}"
2132500,voice_frame_generated,6,642,"{""sequence"": 106}"
2132500,tx_start,6,642,"{""airtime_us"": 1316}"
2133816,packet_delivered,6,642,"{""latency_us"": 1318}"
2140000,voice_frame_generated,1,643,"{""sequence"": 107}"
2140000,tx_start,1,643,"{""airtime_us"": 1316}"
2141316,packet_delivered,1,643,"{""latency_us"": 1318}"
2142500,voice_frame_generated,2,644,"{""sequence"": 107}"
2142500,tx_start,2,644,"{""airtime_us"": 1316}"
2143816,packet_delivered,2,644,"{""latency_us"": 1318}"
2145000,voice_frame_generated,3,645,"{""sequence"": 107}"
2145000,tx_start,3,645,"{""airtime_us"": 1316}"
2146316,packet_delivered,3,645,"{""latency_us"": 1318}"
2147500,voice_frame_generated,4,646,"{""sequence"": 107}"
2147500,tx_start,4,646,"{""airtime_us"": 1316}"
2148816,packet_delivered,4,646,"{""latency_us"": 1318}"
2150000,voice_frame_generated,5,647,"{""sequence"": 107}"
2150000,tx_start,5,647,"{""airtime_us"": 1316}"
2151316,packet_delivered,5,647,"{""latency_us"": 1318}"
2152500,voice_frame_generated,6,648,"{""sequence"": 107}"
2152500,tx_start,6,648,"{""airtime_us"": 1316}"
2153816,packet_delivered,6,648,"{""latency_us"": 1318}"
2160000,voice_frame_generated,1,649,"{""sequence"": 108}"
2160000,tx_start,1,649,"{""airtime_us"": 1316}"
2161316,packet_delivered,1,649,"{""latency_us"": 1318}"
2162500,voice_frame_generated,2,650,"{""sequence"": 108}"
2162500,tx_start,2,650,"{""airtime_us"": 1316}"
2163816,packet_delivered,2,650,"{""latency_us"": 1318}"
2165000,voice_frame_generated,3,651,"{""sequence"": 108}"
2165000,tx_start,3,651,"{""airtime_us"": 1316}"
2166316,packet_delivered,3,651,"{""latency_us"": 1318}"
2167500,voice_frame_generated,4,652,"{""sequence"": 108}"
2167500,tx_start,4,652,"{""airtime_us"": 1316}"
2168816,packet_delivered,4,652,"{""latency_us"": 1318}"
2170000,voice_frame_generated,5,653,"{""sequence"": 108}"
2170000,tx_start,5,653,"{""airtime_us"": 1316}"
2171316,packet_delivered,5,653,"{""latency_us"": 1318}"
2172500,voice_frame_generated,6,654,"{""sequence"": 108}"
2172500,tx_start,6,654,"{""airtime_us"": 1316}"
2173816,packet_delivered,6,654,"{""latency_us"": 1318}"
2180000,voice_frame_generated,1,655,"{""sequence"": 109}"
2180000,tx_start,1,655,"{""airtime_us"": 1316}"
2181316,packet_delivered,1,655,"{""latency_us"": 1318}"
2182500,voice_frame_generated,2,656,"{""sequence"": 109}"
2182500,tx_start,2,656,"{""airtime_us"": 1316}"
2183816,packet_delivered,2,656,"{""latency_us"": 1318}"
2185000,voice_frame_generated,3,657,"{""sequence"": 109}"
2185000,tx_start,3,657,"{""airtime_us"": 1316}"
2186316,packet_delivered,3,657,"{""latency_us"": 1318}"
2187500,voice_frame_generated,4,658,"{""sequence"": 109}"
2187500,tx_start,4,658,"{""airtime_us"": 1316}"
2188816,packet_delivered,4,658,"{""latency_us"": 1318}"
2190000,voice_frame_generated,5,659,"{""sequence"": 109}"
2190000,tx_start,5,659,"{""airtime_us"": 1316}"
2191316,packet_delivered,5,659,"{""latency_us"": 1318}"
2192500,voice_frame_generated,6,660,"{""sequence"": 109}"
2192500,tx_start,6,660,"{""airtime_us"": 1316}"
2193816,packet_delivered,6,660,"{""latency_us"": 1318}"
2200000,voice_frame_generated,1,661,"{""sequence"": 110}"
2200000,tx_start,1,661,"{""airtime_us"": 1316}"
2201316,packet_delivered,1,661,"{""latency_us"": 1318}"
2202500,voice_frame_generated,2,662,"{""sequence"": 110}"
2202500,tx_start,2,662,"{""airtime_us"": 1316}"
2203816,packet_delivered,2,662,"{""latency_us"": 1318}"
2205000,voice_frame_generated,3,663,"{""sequence"": 110}"
2205000,tx_start,3,663,"{""airtime_us"": 1316}"
2206316,packet_delivered,3,663,"{""latency_us"": 1318}"
2207500,voice_frame_generated,4,664,"{""sequence"": 110}"
2207500,tx_start,4,664,"{""airtime_us"": 1316}"
2208816,packet_delivered,4,664,"{""latency_us"": 1318}"
2210000,voice_frame_generated,5,665,"{""sequence"": 110}"
2210000,tx_start,5,665,"{""airtime_us"": 1316}"
2211316,packet_delivered,5,665,"{""latency_us"": 1318}"
2212500,voice_frame_generated,6,666,"{""sequence"": 110}"
2212500,tx_start,6,666,"{""airtime_us"": 1316}"
2213816,packet_delivered,6,666,"{""latency_us"": 1318}"
2220000,voice_frame_generated,1,667,"{""sequence"": 111}"
2220000,tx_start,1,667,"{""airtime_us"": 1316}"
2221316,packet_delivered,1,667,"{""latency_us"": 1318}"
2222500,voice_frame_generated,2,668,"{""sequence"": 111}"
2222500,tx_start,2,668,"{""airtime_us"": 1316}"
2223816,packet_delivered,2,668,"{""latency_us"": 1318}"
2225000,voice_frame_generated,3,669,"{""sequence"": 111}"
2225000,tx_start,3,669,"{""airtime_us"": 1316}"
2226316,packet_delivered,3,669,"{""latency_us"": 1318}"
2227500,voice_frame_generated,4,670,"{""sequence"": 111}"
2227500,tx_start,4,670,"{""airtime_us"": 1316}"
2228816,packet_delivered,4,670,"{""latency_us"": 1318}"
2230000,voice_frame_generated,5,671,"{""sequence"": 111}"
2230000,tx_start,5,671,"{""airtime_us"": 1316}"
2231316,packet_delivered,5,671,"{""latency_us"": 1318}"
2232500,voice_frame_generated,6,672,"{""sequence"": 111}"
2232500,tx_start,6,672,"{""airtime_us"": 1316}"
2233816,packet_delivered,6,672,"{""latency_us"": 1318}"
2240000,voice_frame_generated,1,673,"{""sequence"": 112}"
2240000,tx_start,1,673,"{""airtime_us"": 1316}"
2241316,packet_delivered,1,673,"{""latency_us"": 1318}"
2242500,voice_frame_generated,2,674,"{""sequence"": 112}"
2242500,tx_start,2,674,"{""airtime_us"": 1316}"
2243816,packet_delivered,2,674,"{""latency_us"": 1318}"
2245000,voice_frame_generated,3,675,"{""sequence"": 112}"
2245000,tx_start,3,675,"{""airtime_us"": 1316}"
2246316,packet_delivered,3,675,"{""latency_us"": 1318}"
2247500,voice_frame_generated,4,676,"{""sequence"": 112}"
2247500,tx_start,4,676,"{""airtime_us"": 1316}"
2248816,packet_delivered,4,676,"{""latency_us"": 1318}"
2250000,voice_frame_generated,5,677,"{""sequence"": 112}"
2250000,tx_start,5,677,"{""airtime_us"": 1316}"
2251316,packet_delivered,5,677,"{""latency_us"": 1318}"
2252500,voice_frame_generated,6,678,"{""sequence"": 112}"
2252500,tx_start,6,678,"{""airtime_us"": 1316}"
2253816,packet_delivered,6,678,"{""latency_us"": 1318}"
2260000,voice_frame_generated,1,679,"{""sequence"": 113}"
2260000,tx_start,1,679,"{""airtime_us"": 1316}"
2261316,packet_delivered,1,679,"{""latency_us"": 1318}"
2262500,voice_frame_generated,2,680,"{""sequence"": 113}"
2262500,tx_start,2,680,"{""airtime_us"": 1316}"
2263816,packet_delivered,2,680,"{""latency_us"": 1318}"
2265000,voice_frame_generated,3,681,"{""sequence"": 113}"
2265000,tx_start,3,681,"{""airtime_us"": 1316}"
2266316,packet_delivered,3,681,"{""latency_us"": 1318}"
2267500,voice_frame_generated,4,682,"{""sequence"": 113}"
2267500,tx_start,4,682,"{""airtime_us"": 1316}"
2268816,packet_delivered,4,682,"{""latency_us"": 1318}"
2270000,voice_frame_generated,5,683,"{""sequence"": 113}"
2270000,tx_start,5,683,"{""airtime_us"": 1316}"
2271316,packet_delivered,5,683,"{""latency_us"": 1318}"
2272500,voice_frame_generated,6,684,"{""sequence"": 113}"
2272500,tx_start,6,684,"{""airtime_us"": 1316}"
2273816,packet_delivered,6,684,"{""latency_us"": 1318}"
2280000,voice_frame_generated,1,685,"{""sequence"": 114}"
2280000,tx_start,1,685,"{""airtime_us"": 1316}"
2281316,packet_delivered,1,685,"{""latency_us"": 1318}"
2282500,voice_frame_generated,2,686,"{""sequence"": 114}"
2282500,tx_start,2,686,"{""airtime_us"": 1316}"
2283816,packet_delivered,2,686,"{""latency_us"": 1318}"
2285000,voice_frame_generated,3,687,"{""sequence"": 114}"
2285000,tx_start,3,687,"{""airtime_us"": 1316}"
2286316,packet_delivered,3,687,"{""latency_us"": 1318}"
2287500,voice_frame_generated,4,688,"{""sequence"": 114}"
2287500,tx_start,4,688,"{""airtime_us"": 1316}"
2288816,packet_delivered,4,688,"{""latency_us"": 1318}"
2290000,voice_frame_generated,5,689,"{""sequence"": 114}"
2290000,tx_start,5,689,"{""airtime_us"": 1316}"
2291316,packet_delivered,5,689,"{""latency_us"": 1318}"
2292500,voice_frame_generated,6,690,"{""sequence"": 114}"
2292500,tx_start,6,690,"{""airtime_us"": 1316}"
2293816,packet_delivered,6,690,"{""latency_us"": 1318}"
2300000,voice_frame_generated,1,691,"{""sequence"": 115}"
2300000,tx_start,1,691,"{""airtime_us"": 1316}"
2301316,packet_delivered,1,691,"{""latency_us"": 1318}"
2302500,voice_frame_generated,2,692,"{""sequence"": 115}"
2302500,tx_start,2,692,"{""airtime_us"": 1316}"
2303816,packet_delivered,2,692,"{""latency_us"": 1318}"
2305000,voice_frame_generated,3,693,"{""sequence"": 115}"
2305000,tx_start,3,693,"{""airtime_us"": 1316}"
2306316,packet_delivered,3,693,"{""latency_us"": 1318}"
2307500,voice_frame_generated,4,694,"{""sequence"": 115}"
2307500,tx_start,4,694,"{""airtime_us"": 1316}"
2308816,packet_delivered,4,694,"{""latency_us"": 1318}"
2310000,voice_frame_generated,5,695,"{""sequence"": 115}"
2310000,tx_start,5,695,"{""airtime_us"": 1316}"
2311316,packet_delivered,5,695,"{""latency_us"": 1318}"
2312500,voice_frame_generated,6,696,"{""sequence"": 115}"
2312500,tx_start,6,696,"{""airtime_us"": 1316}"
2313816,packet_delivered,6,696,"{""latency_us"": 1318}"
2320000,voice_frame_generated,1,697,"{""sequence"": 116}"
2320000,tx_start,1,697,"{""airtime_us"": 1316}"
2321316,packet_delivered,1,697,"{""latency_us"": 1318}"
2322500,voice_frame_generated,2,698,"{""sequence"": 116}"
2322500,tx_start,2,698,"{""airtime_us"": 1316}"
2323816,packet_delivered,2,698,"{""latency_us"": 1318}"
2325000,voice_frame_generated,3,699,"{""sequence"": 116}"
2325000,tx_start,3,699,"{""airtime_us"": 1316}"
2326316,packet_delivered,3,699,"{""latency_us"": 1318}"
2327500,voice_frame_generated,4,700,"{""sequence"": 116}"
2327500,tx_start,4,700,"{""airtime_us"": 1316}"
2328816,packet_delivered,4,700,"{""latency_us"": 1318}"
2330000,voice_frame_generated,5,701,"{""sequence"": 116}"
2330000,tx_start,5,701,"{""airtime_us"": 1316}"
2331316,packet_delivered,5,701,"{""latency_us"": 1318}"
2332500,voice_frame_generated,6,702,"{""sequence"": 116}"
2332500,tx_start,6,702,"{""airtime_us"": 1316}"
2333816,packet_delivered,6,702,"{""latency_us"": 1318}"
2340000,voice_frame_generated,1,703,"{""sequence"": 117}"
2340000,tx_start,1,703,"{""airtime_us"": 1316}"
2341316,packet_delivered,1,703,"{""latency_us"": 1318}"
2342500,voice_frame_generated,2,704,"{""sequence"": 117}"
2342500,tx_start,2,704,"{""airtime_us"": 1316}"
2343816,packet_delivered,2,704,"{""latency_us"": 1318}"
2345000,voice_frame_generated,3,705,"{""sequence"": 117}"
2345000,tx_start,3,705,"{""airtime_us"": 1316}"
2346316,packet_delivered,3,705,"{""latency_us"": 1318}"
2347500,voice_frame_generated,4,706,"{""sequence"": 117}"
2347500,tx_start,4,706,"{""airtime_us"": 1316}"
2348816,packet_delivered,4,706,"{""latency_us"": 1318}"
2350000,voice_frame_generated,5,707,"{""sequence"": 117}"
2350000,tx_start,5,707,"{""airtime_us"": 1316}"
2351316,packet_delivered,5,707,"{""latency_us"": 1318}"
2352500,voice_frame_generated,6,708,"{""sequence"": 117}"
2352500,tx_start,6,708,"{""airtime_us"": 1316}"
2353816,packet_delivered,6,708,"{""latency_us"": 1318}"
2360000,voice_frame_generated,1,709,"{""sequence"": 118}"
2360000,tx_start,1,709,"{""airtime_us"": 1316}"
2361316,packet_delivered,1,709,"{""latency_us"": 1318}"
2362500,voice_frame_generated,2,710,"{""sequence"": 118}"
2362500,tx_start,2,710,"{""airtime_us"": 1316}"
2363816,packet_delivered,2,710,"{""latency_us"": 1318}"
2365000,voice_frame_generated,3,711,"{""sequence"": 118}"
2365000,tx_start,3,711,"{""airtime_us"": 1316}"
2366316,packet_delivered,3,711,"{""latency_us"": 1318}"
2367500,voice_frame_generated,4,712,"{""sequence"": 118}"
2367500,tx_start,4,712,"{""airtime_us"": 1316}"
2368816,packet_delivered,4,712,"{""latency_us"": 1318}"
2370000,voice_frame_generated,5,713,"{""sequence"": 118}"
2370000,tx_start,5,713,"{""airtime_us"": 1316}"
2371316,packet_delivered,5,713,"{""latency_us"": 1318}"
2372500,voice_frame_generated,6,714,"{""sequence"": 118}"
2372500,tx_start,6,714,"{""airtime_us"": 1316}"
2373816,packet_delivered,6,714,"{""latency_us"": 1318}"
2380000,voice_frame_generated,1,715,"{""sequence"": 119}"
2380000,tx_start,1,715,"{""airtime_us"": 1316}"
2381316,packet_delivered,1,715,"{""latency_us"": 1318}"
2382500,voice_frame_generated,2,716,"{""sequence"": 119}"
2382500,tx_start,2,716,"{""airtime_us"": 1316}"
2383816,packet_delivered,2,716,"{""latency_us"": 1318}"
2385000,voice_frame_generated,3,717,"{""sequence"": 119}"
2385000,tx_start,3,717,"{""airtime_us"": 1316}"
2386316,packet_delivered,3,717,"{""latency_us"": 1318}"
2387500,voice_frame_generated,4,718,"{""sequence"": 119}"
2387500,tx_start,4,718,"{""airtime_us"": 1316}"
2388816,packet_delivered,4,718,"{""latency_us"": 1318}"
2390000,voice_frame_generated,5,719,"{""sequence"": 119}"
2390000,tx_start,5,719,"{""airtime_us"": 1316}"
2391316,packet_delivered,5,719,"{""latency_us"": 1318}"
2392500,voice_frame_generated,6,720,"{""sequence"": 119}"
2392500,tx_start,6,720,"{""airtime_us"": 1316}"
2393816,packet_delivered,6,720,"{""latency_us"": 1318}"
2400000,voice_frame_generated,1,721,"{""sequence"": 120}"
2400000,tx_start,1,721,"{""airtime_us"": 1316}"
2401316,packet_delivered,1,721,"{""latency_us"": 1318}"
2402500,voice_frame_generated,2,722,"{""sequence"": 120}"
2402500,tx_start,2,722,"{""airtime_us"": 1316}"
2403816,packet_delivered,2,722,"{""latency_us"": 1318}"
2405000,voice_frame_generated,3,723,"{""sequence"": 120}"
2405000,tx_start,3,723,"{""airtime_us"": 1316}"
2406316,packet_delivered,3,723,"{""latency_us"": 1318}"
2407500,voice_frame_generated,4,724,"{""sequence"": 120}"
2407500,tx_start,4,724,"{""airtime_us"": 1316}"
2408816,packet_delivered,4,724,"{""latency_us"": 1318}"
2410000,voice_frame_generated,5,725,"{""sequence"": 120}"
2410000,tx_start,5,725,"{""airtime_us"": 1316}"
2411316,packet_delivered,5,725,"{""latency_us"": 1318}"
2412500,voice_frame_generated,6,726,"{""sequence"": 120}"
2412500,tx_start,6,726,"{""airtime_us"": 1316}"
2413816,packet_delivered,6,726,"{""latency_us"": 1318}"
2420000,voice_frame_generated,1,727,"{""sequence"": 121}"
2420000,tx_start,1,727,"{""airtime_us"": 1316}"
2421316,packet_delivered,1,727,"{""latency_us"": 1318}"
2422500,voice_frame_generated,2,728,"{""sequence"": 121}"
2422500,tx_start,2,728,"{""airtime_us"": 1316}"
2423816,packet_delivered,2,728,"{""latency_us"": 1318}"
2425000,voice_frame_generated,3,729,"{""sequence"": 121}"
2425000,tx_start,3,729,"{""airtime_us"": 1316}"
2426316,packet_delivered,3,729,"{""latency_us"": 1318}"
2427500,voice_frame_generated,4,730,"{""sequence"": 121}"
2427500,tx_start,4,730,"{""airtime_us"": 1316}"
2428816,packet_delivered,4,730,"{""latency_us"": 1318}"
2430000,voice_frame_generated,5,731,"{""sequence"": 121}"
2430000,tx_start,5,731,"{""airtime_us"": 1316}"
2431316,packet_delivered,5,731,"{""latency_us"": 1318}"
2432500,voice_frame_generated,6,732,"{""sequence"": 121}"
2432500,tx_start,6,732,"{""airtime_us"": 1316}"
2433816,packet_delivered,6,732,"{""latency_us"": 1318}"
2440000,voice_frame_generated,1,733,"{""sequence"": 122}"
2440000,tx_start,1,733,"{""airtime_us"": 1316}"
2441316,packet_delivered,1,733,"{""latency_us"": 1318}"
2442500,voice_frame_generated,2,734,"{""sequence"": 122}"
2442500,tx_start,2,734,"{""airtime_us"": 1316}"
2443816,packet_delivered,2,734,"{""latency_us"": 1318}"
2445000,voice_frame_generated,3,735,"{""sequence"": 122}"
2445000,tx_start,3,735,"{""airtime_us"": 1316}"
2446316,packet_delivered,3,735,"{""latency_us"": 1318}"
2447500,voice_frame_generated,4,736,"{""sequence"": 122}"
2447500,tx_start,4,736,"{""airtime_us"": 1316}"
2448816,packet_delivered,4,736,"{""latency_us"": 1318}"
2450000,voice_frame_generated,5,737,"{""sequence"": 122}"
2450000,tx_start,5,737,"{""airtime_us"": 1316}"
2451316,packet_delivered,5,737,"{""latency_us"": 1318}"
2452500,voice_frame_generated,6,738,"{""sequence"": 122}"
2452500,tx_start,6,738,"{""airtime_us"": 1316}"
2453816,packet_delivered,6,738,"{""latency_us"": 1318}"
2460000,voice_frame_generated,1,739,"{""sequence"": 123}"
2460000,tx_start,1,739,"{""airtime_us"": 1316}"
2461316,packet_delivered,1,739,"{""latency_us"": 1318}"
2462500,voice_frame_generated,2,740,"{""sequence"": 123}"
2462500,tx_start,2,740,"{""airtime_us"": 1316}"
2463816,packet_delivered,2,740,"{""latency_us"": 1318}"
2465000,voice_frame_generated,3,741,"{""sequence"": 123}"
2465000,tx_start,3,741,"{""airtime_us"": 1316}"
2466316,packet_delivered,3,741,"{""latency_us"": 1318}"
2467500,voice_frame_generated,4,742,"{""sequence"": 123}"
2467500,tx_start,4,742,"{""airtime_us"": 1316}"
2468816,packet_delivered,4,742,"{""latency_us"": 1318}"
2470000,voice_frame_generated,5,743,"{""sequence"": 123}"
2470000,tx_start,5,743,"{""airtime_us"": 1316}"
2471316,packet_delivered,5,743,"{""latency_us"": 1318}"
2472500,voice_frame_generated,6,744,"{""sequence"": 123}"
2472500,tx_start,6,744,"{""airtime_us"": 1316}"
2473816,packet_delivered,6,744,"{""latency_us"": 1318}"
2480000,voice_frame_generated,1,745,"{""sequence"": 124}"
2480000,tx_start,1,745,"{""airtime_us"": 1316}"
2481316,packet_delivered,1,745,"{""latency_us"": 1318}"
2482500,voice_frame_generated,2,746,"{""sequence"": 124}"
2482500,tx_start,2,746,"{""airtime_us"": 1316}"
2483816,packet_delivered,2,746,"{""latency_us"": 1318}"
2485000,voice_frame_generated,3,747,"{""sequence"": 124}"
2485000,tx_start,3,747,"{""airtime_us"": 1316}"
2486316,packet_delivered,3,747,"{""latency_us"": 1318}"
2487500,voice_frame_generated,4,748,"{""sequence"": 124}"
2487500,tx_start,4,748,"{""airtime_us"": 1316}"
2488816,packet_delivered,4,748,"{""latency_us"": 1318}"
2490000,voice_frame_generated,5,749,"{""sequence"": 124}"
2490000,tx_start,5,749,"{""airtime_us"": 1316}"
2491316,packet_delivered,5,749,"{""latency_us"": 1318}"
2492500,voice_frame_generated,6,750,"{""sequence"": 124}"
2492500,tx_start,6,750,"{""airtime_us"": 1316}"
2493816,packet_delivered,6,750,"{""latency_us"": 1318}"
2500000,voice_frame_generated,1,751,"{""sequence"": 125}"
2500000,tx_start,1,751,"{""airtime_us"": 1316}"
2501316,packet_delivered,1,751,"{""latency_us"": 1318}"
2502500,voice_frame_generated,2,752,"{""sequence"": 125}"
2502500,tx_start,2,752,"{""airtime_us"": 1316}"
2503816,packet_delivered,2,752,"{""latency_us"": 1318}"
2505000,voice_frame_generated,3,753,"{""sequence"": 125}"
2505000,tx_start,3,753,"{""airtime_us"": 1316}"
2506316,packet_delivered,3,753,"{""latency_us"": 1318}"
2507500,voice_frame_generated,4,754,"{""sequence"": 125}"
2507500,tx_start,4,754,"{""airtime_us"": 1316}"
2508816,packet_delivered,4,754,"{""latency_us"": 1318}"
2510000,voice_frame_generated,5,755,"{""sequence"": 125}"
2510000,tx_start,5,755,"{""airtime_us"": 1316}"
2511316,packet_delivered,5,755,"{""latency_us"": 1318}"
2512500,voice_frame_generated,6,756,"{""sequence"": 125}"
2512500,tx_start,6,756,"{""airtime_us"": 1316}"
2513816,packet_delivered,6,756,"{""latency_us"": 1318}"
2520000,voice_frame_generated,1,757,"{""sequence"": 126}"
2520000,tx_start,1,757,"{""airtime_us"": 1316}"
2521316,packet_delivered,1,757,"{""latency_us"": 1318}"
2522500,voice_frame_generated,2,758,"{""sequence"": 126}"
2522500,tx_start,2,758,"{""airtime_us"": 1316}"
2523816,packet_delivered,2,758,"{""latency_us"": 1318}"
2525000,voice_frame_generated,3,759,"{""sequence"": 126}"
2525000,tx_start,3,759,"{""airtime_us"": 1316}"
2526316,packet_delivered,3,759,"{""latency_us"": 1318}"
2527500,voice_frame_generated,4,760,"{""sequence"": 126}"
2527500,tx_start,4,760,"{""airtime_us"": 1316}"
2528816,packet_delivered,4,760,"{""latency_us"": 1318}"
2530000,voice_frame_generated,5,761,"{""sequence"": 126}"
2530000,tx_start,5,761,"{""airtime_us"": 1316}"
2531316,packet_delivered,5,761,"{""latency_us"": 1318}"
2532500,voice_frame_generated,6,762,"{""sequence"": 126}"
2532500,tx_start,6,762,"{""airtime_us"": 1316}"
2533816,packet_delivered,6,762,"{""latency_us"": 1318}"
2540000,voice_frame_generated,1,763,"{""sequence"": 127}"
2540000,tx_start,1,763,"{""airtime_us"": 1316}"
2541316,packet_delivered,1,763,"{""latency_us"": 1318}"
2542500,voice_frame_generated,2,764,"{""sequence"": 127}"
2542500,tx_start,2,764,"{""airtime_us"": 1316}"
2543816,packet_delivered,2,764,"{""latency_us"": 1318}"
2545000,voice_frame_generated,3,765,"{""sequence"": 127}"
2545000,tx_start,3,765,"{""airtime_us"": 1316}"
2546316,packet_delivered,3,765,"{""latency_us"": 1318}"
2547500,voice_frame_generated,4,766,"{""sequence"": 127}"
2547500,tx_start,4,766,"{""airtime_us"": 1316}"
2548816,packet_delivered,4,766,"{""latency_us"": 1318}"
2550000,voice_frame_generated,5,767,"{""sequence"": 127}"
2550000,tx_start,5,767,"{""airtime_us"": 1316}"
2551316,packet_delivered,5,767,"{""latency_us"": 1318}"
2552500,voice_frame_generated,6,768,"{""sequence"": 127}"
2552500,tx_start,6,768,"{""airtime_us"": 1316}"
2553816,packet_delivered,6,768,"{""latency_us"": 1318}"
2560000,voice_frame_generated,1,769,"{""sequence"": 128}"
2560000,tx_start,1,769,"{""airtime_us"": 1316}"
2561316,packet_delivered,1,769,"{""latency_us"": 1318}"
2562500,voice_frame_generated,2,770,"{""sequence"": 128}"
2562500,tx_start,2,770,"{""airtime_us"": 1316}"
2563816,packet_delivered,2,770,"{""latency_us"": 1318}"
2565000,voice_frame_generated,3,771,"{""sequence"": 128}"
2565000,tx_start,3,771,"{""airtime_us"": 1316}"
2566316,packet_delivered,3,771,"{""latency_us"": 1318}"
2567500,voice_frame_generated,4,772,"{""sequence"": 128}"
2567500,tx_start,4,772,"{""airtime_us"": 1316}"
2568816,packet_delivered,4,772,"{""latency_us"": 1318}"
2570000,voice_frame_generated,5,773,"{""sequence"": 128}"
2570000,tx_start,5,773,"{""airtime_us"": 1316}"
2571316,packet_delivered,5,773,"{""latency_us"": 1318}"
2572500,voice_frame_generated,6,774,"{""sequence"": 128}"
2572500,tx_start,6,774,"{""airtime_us"": 1316}"
2573816,packet_delivered,6,774,"{""latency_us"": 1318}"
2580000,voice_frame_generated,1,775,"{""sequence"": 129}"
2580000,tx_start,1,775,"{""airtime_us"": 1316}"
2581316,packet_delivered,1,775,"{""latency_us"": 1318}"
2582500,voice_frame_generated,2,776,"{""sequence"": 129}"
2582500,tx_start,2,776,"{""airtime_us"": 1316}"
2583816,packet_delivered,2,776,"{""latency_us"": 1318}"
2585000,voice_frame_generated,3,777,"{""sequence"": 129}"
2585000,tx_start,3,777,"{""airtime_us"": 1316}"
2586316,packet_delivered,3,777,"{""latency_us"": 1318}"
2587500,voice_frame_generated,4,778,"{""sequence"": 129}"
2587500,tx_start,4,778,"{""airtime_us"": 1316}"
2588816,packet_delivered,4,778,"{""latency_us"": 1318}"
2590000,voice_frame_generated,5,779,"{""sequence"": 129}"
2590000,tx_start,5,779,"{""airtime_us"": 1316}"
2591316,packet_delivered,5,779,"{""latency_us"": 1318}"
2592500,voice_frame_generated,6,780,"{""sequence"": 129}"
2592500,tx_start,6,780,"{""airtime_us"": 1316}"
2593816,packet_delivered,6,780,"{""latency_us"": 1318}"
2600000,voice_frame_generated,1,781,"{""sequence"": 130}"
2600000,tx_start,1,781,"{""airtime_us"": 1316}"
2601316,packet_delivered,1,781,"{""latency_us"": 1318}"
2602500,voice_frame_generated,2,782,"{""sequence"": 130}"
2602500,tx_start,2,782,"{""airtime_us"": 1316}"
2603816,packet_delivered,2,782,"{""latency_us"": 1318}"
2605000,voice_frame_generated,3,783,"{""sequence"": 130}"
2605000,tx_start,3,783,"{""airtime_us"": 1316}"
2606316,packet_delivered,3,783,"{""latency_us"": 1318}"
2607500,voice_frame_generated,4,784,"{""sequence"": 130}"
2607500,tx_start,4,784,"{""airtime_us"": 1316}"
2608816,packet_delivered,4,784,"{""latency_us"": 1318}"
2610000,voice_frame_generated,5,785,"{""sequence"": 130}"
2610000,tx_start,5,785,"{""airtime_us"": 1316}"
2611316,packet_delivered,5,785,"{""latency_us"": 1318}"
2612500,voice_frame_generated,6,786,"{""sequence"": 130}"
2612500,tx_start,6,786,"{""airtime_us"": 1316}"
2613816,packet_delivered,6,786,"{""latency_us"": 1318}"
2620000,voice_frame_generated,1,787,"{""sequence"": 131}"
2620000,tx_start,1,787,"{""airtime_us"": 1316}"
2621316,packet_delivered,1,787,"{""latency_us"": 1318}"
2622500,voice_frame_generated,2,788,"{""sequence"": 131}"
2622500,tx_start,2,788,"{""airtime_us"": 1316}"
2623816,packet_delivered,2,788,"{""latency_us"": 1318}"
2625000,voice_frame_generated,3,789,"{""sequence"": 131}"
2625000,tx_start,3,789,"{""airtime_us"": 1316}"
2626316,packet_delivered,3,789,"{""latency_us"": 1318}"
2627500,voice_frame_generated,4,790,"{""sequence"": 131}"
2627500,tx_start,4,790,"{""airtime_us"": 1316}"
2628816,packet_delivered,4,790,"{""latency_us"": 1318}"
2630000,voice_frame_generated,5,791,"{""sequence"": 131}"
2630000,tx_start,5,791,"{""airtime_us"": 1316}"
2631316,packet_delivered,5,791,"{""latency_us"": 1318}"
2632500,voice_frame_generated,6,792,"{""sequence"": 131}"
2632500,tx_start,6,792,"{""airtime_us"": 1316}"
2633816,packet_delivered,6,792,"{""latency_us"": 1318}"
2640000,voice_frame_generated,1,793,"{""sequence"": 132}"
2640000,tx_start,1,793,"{""airtime_us"": 1316}"
2641316,packet_delivered,1,793,"{""latency_us"": 1318}"
2642500,voice_frame_generated,2,794,"{""sequence"": 132}"
2642500,tx_start,2,794,"{""airtime_us"": 1316}"
2643816,packet_delivered,2,794,"{""latency_us"": 1318}"
2645000,voice_frame_generated,3,795,"{""sequence"": 132}"
2645000,tx_start,3,795,"{""airtime_us"": 1316}"
2646316,packet_delivered,3,795,"{""latency_us"": 1318}"
2647500,voice_frame_generated,4,796,"{""sequence"": 132}"
2647500,tx_start,4,796,"{""airtime_us"": 1316}"
2648816,packet_delivered,4,796,"{""latency_us"": 1318}"
2650000,voice_frame_generated,5,797,"{""sequence"": 132}"
2650000,tx_start,5,797,"{""airtime_us"": 1316}"
2651316,packet_delivered,5,797,"{""latency_us"": 1318}"
2652500,voice_frame_generated,6,798,"{""sequence"": 132}"
2652500,tx_start,6,798,"{""airtime_us"": 1316}"
2653816,packet_delivered,6,798,"{""latency_us"": 1318}"
2660000,voice_frame_generated,1,799,"{""sequence"": 133}"
2660000,tx_start,1,799,"{""airtime_us"": 1316}"
2661316,packet_delivered,1,799,"{""latency_us"": 1318}"
2662500,voice_frame_generated,2,800,"{""sequence"": 133}"
2662500,tx_start,2,800,"{""airtime_us"": 1316}"
2663816,packet_delivered,2,800,"{""latency_us"": 1318}"
2665000,voice_frame_generated,3,801,"{""sequence"": 133}"
2665000,tx_start,3,801,"{""airtime_us"": 1316}"
2666316,packet_delivered,3,801,"{""latency_us"": 1318}"
2667500,voice_frame_generated,4,802,"{""sequence"": 133}"
2667500,tx_start,4,802,"{""airtime_us"": 1316}"
2668816,packet_delivered,4,802,"{""latency_us"": 1318}"
2670000,voice_frame_generated,5,803,"{""sequence"": 133}"
2670000,tx_start,5,803,"{""airtime_us"": 1316}"
2671316,packet_delivered,5,803,"{""latency_us"": 1318}"
2672500,voice_frame_generated,6,804,"{""sequence"": 133}"
2672500,tx_start,6,804,"{""airtime_us"": 1316}"
2673816,packet_delivered,6,804,"{""latency_us"": 1318}"
2680000,voice_frame_generated,1,805,"{""sequence"": 134}"
2680000,tx_start,1,805,"{""airtime_us"": 1316}"
2681316,packet_delivered,1,805,"{""latency_us"": 1318}"
2682500,voice_frame_generated,2,806,"{""sequence"": 134}"
2682500,tx_start,2,806,"{""airtime_us"": 1316}"
2683816,packet_delivered,2,806,"{""latency_us"": 1318}"
2685000,voice_frame_generated,3,807,"{""sequence"": 134}"
2685000,tx_start,3,807,"{""airtime_us"": 1316}"
2686316,packet_delivered,3,807,"{""latency_us"": 1318}"
2687500,voice_frame_generated,4,808,"{""sequence"": 134}"
2687500,tx_start,4,808,"{""airtime_us"": 1316}"
2688816,packet_delivered,4,808,"{""latency_us"": 1318}"
2690000,voice_frame_generated,5,809,"{""sequence"": 134}"
2690000,tx_start,5,809,"{""airtime_us"": 1316}"
2691316,packet_delivered,5,809,"{""latency_us"": 1318}"
2692500,voice_frame_generated,6,810,"{""sequence"": 134}"
2692500,tx_start,6,810,"{""airtime_us"": 1316}"
2693816,packet_delivered,6,810,"{""latency_us"": 1318}"
2700000,voice_frame_generated,1,811,"{""sequence"": 135}"
2700000,tx_start,1,811,"{""airtime_us"": 1316}"
2701316,packet_delivered,1,811,"{""latency_us"": 1318}"
2702500,voice_frame_generated,2,812,"{""sequence"": 135}"
2702500,tx_start,2,812,"{""airtime_us"": 1316}"
2703816,packet_delivered,2,812,"{""latency_us"": 1318}"
2705000,voice_frame_generated,3,813,"{""sequence"": 135}"
2705000,tx_start,3,813,"{""airtime_us"": 1316}"
2706316,packet_delivered,3,813,"{""latency_us"": 1318}"
2707500,voice_frame_generated,4,814,"{""sequence"": 135}"
2707500,tx_start,4,814,"{""airtime_us"": 1316}"
2708816,packet_delivered,4,814,"{""latency_us"": 1318}"
2710000,voice_frame_generated,5,815,"{""sequence"": 135}"
2710000,tx_start,5,815,"{""airtime_us"": 1316}"
2711316,packet_delivered,5,815,"{""latency_us"": 1318}"
2712500,voice_frame_generated,6,816,"{""sequence"": 135}"
2712500,tx_start,6,816,"{""airtime_us"": 1316}"
2713816,packet_delivered,6,816,"{""latency_us"": 1318}"
2720000,voice_frame_generated,1,817,"{""sequence"": 136}"
2720000,tx_start,1,817,"{""airtime_us"": 1316}"
2721316,packet_delivered,1,817,"{""latency_us"": 1318}"
2722500,voice_frame_generated,2,818,"{""sequence"": 136}"
2722500,tx_start,2,818,"{""airtime_us"": 1316}"
2723816,packet_delivered,2,818,"{""latency_us"": 1318}"
2725000,voice_frame_generated,3,819,"{""sequence"": 136}"
2725000,tx_start,3,819,"{""airtime_us"": 1316}"
2726316,packet_delivered,3,819,"{""latency_us"": 1318}"
2727500,voice_frame_generated,4,820,"{""sequence"": 136}"
2727500,tx_start,4,820,"{""airtime_us"": 1316}"
2728816,packet_delivered,4,820,"{""latency_us"": 1318}"
2730000,voice_frame_generated,5,821,"{""sequence"": 136}"
2730000,tx_start,5,821,"{""airtime_us"": 1316}"
2731316,packet_delivered,5,821,"{""latency_us"": 1318}"
2732500,voice_frame_generated,6,822,"{""sequence"": 136}"
2732500,tx_start,6,822,"{""airtime_us"": 1316}"
2733816,packet_delivered,6,822,"{""latency_us"": 1318}"
2740000,voice_frame_generated,1,823,"{""sequence"": 137}"
2740000,tx_start,1,823,"{""airtime_us"": 1316}"
2741316,packet_delivered,1,823,"{""latency_us"": 1318}"
2742500,voice_frame_generated,2,824,"{""sequence"": 137}"
2742500,tx_start,2,824,"{""airtime_us"": 1316}"
2743816,packet_delivered,2,824,"{""latency_us"": 1318}"
2745000,voice_frame_generated,3,825,"{""sequence"": 137}"
2745000,tx_start,3,825,"{""airtime_us"": 1316}"
2746316,packet_delivered,3,825,"{""latency_us"": 1318}"
2747500,voice_frame_generated,4,826,"{""sequence"": 137}"
2747500,tx_start,4,826,"{""airtime_us"": 1316}"
2748816,packet_delivered,4,826,"{""latency_us"": 1318}"
2750000,voice_frame_generated,5,827,"{""sequence"": 137}"
2750000,tx_start,5,827,"{""airtime_us"": 1316}"
2751316,packet_delivered,5,827,"{""latency_us"": 1318}"
2752500,voice_frame_generated,6,828,"{""sequence"": 137}"
2752500,tx_start,6,828,"{""airtime_us"": 1316}"
2753816,packet_delivered,6,828,"{""latency_us"": 1318}"
2760000,voice_frame_generated,1,829,"{""sequence"": 138}"
2760000,tx_start,1,829,"{""airtime_us"": 1316}"
2761316,packet_delivered,1,829,"{""latency_us"": 1318}"
2762500,voice_frame_generated,2,830,"{""sequence"": 138}"
2762500,tx_start,2,830,"{""airtime_us"": 1316}"
2763816,packet_delivered,2,830,"{""latency_us"": 1318}"
2765000,voice_frame_generated,3,831,"{""sequence"": 138}"
2765000,tx_start,3,831,"{""airtime_us"": 1316}"
2766316,packet_delivered,3,831,"{""latency_us"": 1318}"
2767500,voice_frame_generated,4,832,"{""sequence"": 138}"
2767500,tx_start,4,832,"{""airtime_us"": 1316}"
2768816,packet_delivered,4,832,"{""latency_us"": 1318}"
2770000,voice_frame_generated,5,833,"{""sequence"": 138}"
2770000,tx_start,5,833,"{""airtime_us"": 1316}"
2771316,packet_delivered,5,833,"{""latency_us"": 1318}"
2772500,voice_frame_generated,6,834,"{""sequence"": 138}"
2772500,tx_start,6,834,"{""airtime_us"": 1316}"
2773816,packet_delivered,6,834,"{""latency_us"": 1318}"
2780000,voice_frame_generated,1,835,"{""sequence"": 139}"
2780000,tx_start,1,835,"{""airtime_us"": 1316}"
2781316,packet_delivered,1,835,"{""latency_us"": 1318}"
2782500,voice_frame_generated,2,836,"{""sequence"": 139}"
2782500,tx_start,2,836,"{""airtime_us"": 1316}"
2783816,packet_delivered,2,836,"{""latency_us"": 1318}"
2785000,voice_frame_generated,3,837,"{""sequence"": 139}"
2785000,tx_start,3,837,"{""airtime_us"": 1316}"
2786316,packet_delivered,3,837,"{""latency_us"": 1318}"
2787500,voice_frame_generated,4,838,"{""sequence"": 139}"
2787500,tx_start,4,838,"{""airtime_us"": 1316}"
2788816,packet_delivered,4,838,"{""latency_us"": 1318}"
2790000,voice_frame_generated,5,839,"{""sequence"": 139}"
2790000,tx_start,5,839,"{""airtime_us"": 1316}"
2791316,packet_delivered,5,839,"{""latency_us"": 1318}"
2792500,voice_frame_generated,6,840,"{""sequence"": 139}"
2792500,tx_start,6,840,"{""airtime_us"": 1316}"
2793816,packet_delivered,6,840,"{""latency_us"": 1318}"
2800000,voice_frame_generated,1,841,"{""sequence"": 140}"
2800000,tx_start,1,841,"{""airtime_us"": 1316}"
2801316,packet_delivered,1,841,"{""latency_us"": 1318}"
2802500,voice_frame_generated,2,842,"{""sequence"": 140}"
2802500,tx_start,2,842,"{""airtime_us"": 1316}"
2803816,packet_delivered,2,842,"{""latency_us"": 1318}"
2805000,voice_frame_generated,3,843,"{""sequence"": 140}"
2805000,tx_start,3,843,"{""airtime_us"": 1316}"
2806316,packet_delivered,3,843,"{""latency_us"": 1318}"
2807500,voice_frame_generated,4,844,"{""sequence"": 140}"
2807500,tx_start,4,844,"{""airtime_us"": 1316}"
2808816,packet_delivered,4,844,"{""latency_us"": 1318}"
2810000,voice_frame_generated,5,845,"{""sequence"": 140}"
2810000,tx_start,5,845,"{""airtime_us"": 1316}"
2811316,packet_delivered,5,845,"{""latency_us"": 1318}"
2812500,voice_frame_generated,6,846,"{""sequence"": 140}"
2812500,tx_start,6,846,"{""airtime_us"": 1316}"
2813816,packet_delivered,6,846,"{""latency_us"": 1318}"
2820000,voice_frame_generated,1,847,"{""sequence"": 141}"
2820000,tx_start,1,847,"{""airtime_us"": 1316}"
2821316,packet_delivered,1,847,"{""latency_us"": 1318}"
2822500,voice_frame_generated,2,848,"{""sequence"": 141}"
2822500,tx_start,2,848,"{""airtime_us"": 1316}"
2823816,packet_delivered,2,848,"{""latency_us"": 1318}"
2825000,voice_frame_generated,3,849,"{""sequence"": 141}"
2825000,tx_start,3,849,"{""airtime_us"": 1316}"
2826316,packet_delivered,3,849,"{""latency_us"": 1318}"
2827500,voice_frame_generated,4,850,"{""sequence"": 141}"
2827500,tx_start,4,850,"{""airtime_us"": 1316}"
2828816,packet_delivered,4,850,"{""latency_us"": 1318}"
2830000,voice_frame_generated,5,851,"{""sequence"": 141}"
2830000,tx_start,5,851,"{""airtime_us"": 1316}"
2831316,packet_delivered,5,851,"{""latency_us"": 1318}"
2832500,voice_frame_generated,6,852,"{""sequence"": 141}"
2832500,tx_start,6,852,"{""airtime_us"": 1316}"
2833816,packet_delivered,6,852,"{""latency_us"": 1318}"
2840000,voice_frame_generated,1,853,"{""sequence"": 142}"
2840000,tx_start,1,853,"{""airtime_us"": 1316}"
2841316,packet_delivered,1,853,"{""latency_us"": 1318}"
2842500,voice_frame_generated,2,854,"{""sequence"": 142}"
2842500,tx_start,2,854,"{""airtime_us"": 1316}"
2843816,packet_delivered,2,854,"{""latency_us"": 1318}"
2845000,voice_frame_generated,3,855,"{""sequence"": 142}"
2845000,tx_start,3,855,"{""airtime_us"": 1316}"
2846316,packet_delivered,3,855,"{""latency_us"": 1318}"
2847500,voice_frame_generated,4,856,"{""sequence"": 142}"
2847500,tx_start,4,856,"{""airtime_us"": 1316}"
2848816,packet_delivered,4,856,"{""latency_us"": 1318}"
2850000,voice_frame_generated,5,857,"{""sequence"": 142}"
2850000,tx_start,5,857,"{""airtime_us"": 1316}"
2851316,packet_delivered,5,857,"{""latency_us"": 1318}"
2852500,voice_frame_generated,6,858,"{""sequence"": 142}"
2852500,tx_start,6,858,"{""airtime_us"": 1316}"
2853816,packet_delivered,6,858,"{""latency_us"": 1318}"
2860000,voice_frame_generated,1,859,"{""sequence"": 143}"
2860000,tx_start,1,859,"{""airtime_us"": 1316}"
2861316,packet_delivered,1,859,"{""latency_us"": 1318}"
2862500,voice_frame_generated,2,860,"{""sequence"": 143}"
2862500,tx_start,2,860,"{""airtime_us"": 1316}"
2863816,packet_delivered,2,860,"{""latency_us"": 1318}"
2865000,voice_frame_generated,3,861,"{""sequence"": 143}"
2865000,tx_start,3,861,"{""airtime_us"": 1316}"
2866316,packet_delivered,3,861,"{""latency_us"": 1318}"
2867500,voice_frame_generated,4,862,"{""sequence"": 143}"
2867500,tx_start,4,862,"{""airtime_us"": 1316}"
2868816,packet_delivered,4,862,"{""latency_us"": 1318}"
2870000,voice_frame_generated,5,863,"{""sequence"": 143}"
2870000,tx_start,5,863,"{""airtime_us"": 1316}"
2871316,packet_delivered,5,863,"{""latency_us"": 1318}"
2872500,voice_frame_generated,6,864,"{""sequence"": 143}"
2872500,tx_start,6,864,"{""airtime_us"": 1316}"
2873816,packet_delivered,6,864,"{""latency_us"": 1318}"
2880000,voice_frame_generated,1,865,"{""sequence"": 144}"
2880000,tx_start,1,865,"{""airtime_us"": 1316}"
2881316,packet_delivered,1,865,"{""latency_us"": 1318}"
2882500,voice_frame_generated,2,866,"{""sequence"": 144}"
2882500,tx_start,2,866,"{""airtime_us"": 1316}"
2883816,packet_delivered,2,866,"{""latency_us"": 1318}"
2885000,voice_frame_generated,3,867,"{""sequence"": 144}"
2885000,tx_start,3,867,"{""airtime_us"": 1316}"
2886316,packet_delivered,3,867,"{""latency_us"": 1318}"
2887500,voice_frame_generated,4,868,"{""sequence"": 144}"
2887500,tx_start,4,868,"{""airtime_us"": 1316}"
2888816,packet_delivered,4,868,"{""latency_us"": 1318}"
2890000,voice_frame_generated,5,869,"{""sequence"": 144}"
2890000,tx_start,5,869,"{""airtime_us"": 1316}"
2891316,packet_delivered,5,869,"{""latency_us"": 1318}"
2892500,voice_frame_generated,6,870,"{""sequence"": 144}"
2892500,tx_start,6,870,"{""airtime_us"": 1316}"
2893816,packet_delivered,6,870,"{""latency_us"": 1318}"
2900000,voice_frame_generated,1,871,"{""sequence"": 145}"
2900000,tx_start,1,871,"{""airtime_us"": 1316}"
2901316,packet_delivered,1,871,"{""latency_us"": 1318}"
2902500,voice_frame_generated,2,872,"{""sequence"": 145}"
2902500,tx_start,2,872,"{""airtime_us"": 1316}"
2903816,packet_delivered,2,872,"{""latency_us"": 1318}"
2905000,voice_frame_generated,3,873,"{""sequence"": 145}"
2905000,tx_start,3,873,"{""airtime_us"": 1316}"
2906316,packet_delivered,3,873,"{""latency_us"": 1318}"
2907500,voice_frame_generated,4,874,"{""sequence"": 145}"
2907500,tx_start,4,874,"{""airtime_us"": 1316}"
2908816,packet_delivered,4,874,"{""latency_us"": 1318}"
2910000,voice_frame_generated,5,875,"{""sequence"": 145}"
2910000,tx_start,5,875,"{""airtime_us"": 1316}"
2911316,packet_delivered,5,875,"{""latency_us"": 1318}"
2912500,voice_frame_generated,6,876,"{""sequence"": 145}"
2912500,tx_start,6,876,"{""airtime_us"": 1316}"
2913816,packet_delivered,6,876,"{""latency_us"": 1318}"
2920000,voice_frame_generated,1,877,"{""sequence"": 146}"
2920000,tx_start,1,877,"{""airtime_us"": 1316}"
2921316,packet_delivered,1,877,"{""latency_us"": 1318}"
2922500,voice_frame_generated,2,878,"{""sequence"": 146}"
2922500,tx_start,2,878,"{""airtime_us"": 1316}"
2923816,packet_delivered,2,878,"{""latency_us"": 1318}"
2925000,voice_frame_generated,3,879,"{""sequence"": 146}"
2925000,tx_start,3,879,"{""airtime_us"": 1316}"
2926316,packet_delivered,3,879,"{""latency_us"": 1318}"
2927500,voice_frame_generated,4,880,"{""sequence"": 146}"
2927500,tx_start,4,880,"{""airtime_us"": 1316}"
2928816,packet_delivered,4,880,"{""latency_us"": 1318}"
2930000,voice_frame_generated,5,881,"{""sequence"": 146}"
2930000,tx_start,5,881,"{""airtime_us"": 1316}"
2931316,packet_delivered,5,881,"{""latency_us"": 1318}"
2932500,voice_frame_generated,6,882,"{""sequence"": 146}"
2932500,tx_start,6,882,"{""airtime_us"": 1316}"
2933816,packet_delivered,6,882,"{""latency_us"": 1318}"
2940000,voice_frame_generated,1,883,"{""sequence"": 147}"
2940000,tx_start,1,883,"{""airtime_us"": 1316}"
2941316,packet_delivered,1,883,"{""latency_us"": 1318}"
2942500,voice_frame_generated,2,884,"{""sequence"": 147}"
2942500,tx_start,2,884,"{""airtime_us"": 1316}"
2943816,packet_delivered,2,884,"{""latency_us"": 1318}"
2945000,voice_frame_generated,3,885,"{""sequence"": 147}"
2945000,tx_start,3,885,"{""airtime_us"": 1316}"
2946316,packet_delivered,3,885,"{""latency_us"": 1318}"
2947500,voice_frame_generated,4,886,"{""sequence"": 147}"
2947500,tx_start,4,886,"{""airtime_us"": 1316}"
2948816,packet_delivered,4,886,"{""latency_us"": 1318}"
2950000,voice_frame_generated,5,887,"{""sequence"": 147}"
2950000,tx_start,5,887,"{""airtime_us"": 1316}"
2951316,packet_delivered,5,887,"{""latency_us"": 1318}"
2952500,voice_frame_generated,6,888,"{""sequence"": 147}"
2952500,tx_start,6,888,"{""airtime_us"": 1316}"
2953816,packet_delivered,6,888,"{""latency_us"": 1318}"
2960000,voice_frame_generated,1,889,"{""sequence"": 148}"
2960000,tx_start,1,889,"{""airtime_us"": 1316}"
2961316,packet_delivered,1,889,"{""latency_us"": 1318}"
2962500,voice_frame_generated,2,890,"{""sequence"": 148}"
2962500,tx_start,2,890,"{""airtime_us"": 1316}"
2963816,packet_delivered,2,890,"{""latency_us"": 1318}"
2965000,voice_frame_generated,3,891,"{""sequence"": 148}"
2965000,tx_start,3,891,"{""airtime_us"": 1316}"
2966316,packet_delivered,3,891,"{""latency_us"": 1318}"
2967500,voice_frame_generated,4,892,"{""sequence"": 148}"
2967500,tx_start,4,892,"{""airtime_us"": 1316}"
2968816,packet_delivered,4,892,"{""latency_us"": 1318}"
2970000,voice_frame_generated,5,893,"{""sequence"": 148}"
2970000,tx_start,5,893,"{""airtime_us"": 1316}"
2971316,packet_delivered,5,893,"{""latency_us"": 1318}"
2972500,voice_frame_generated,6,894,"{""sequence"": 148}"
2972500,tx_start,6,894,"{""airtime_us"": 1316}"
2973816,packet_delivered,6,894,"{""latency_us"": 1318}"
2980000,voice_frame_generated,1,895,"{""sequence"": 149}"
2980000,tx_start,1,895,"{""airtime_us"": 1316}"
2981316,packet_delivered,1,895,"{""latency_us"": 1318}"
2982500,voice_frame_generated,2,896,"{""sequence"": 149}"
2982500,tx_start,2,896,"{""airtime_us"": 1316}"
2983816,packet_delivered,2,896,"{""latency_us"": 1318}"
2985000,voice_frame_generated,3,897,"{""sequence"": 149}"
2985000,tx_start,3,897,"{""airtime_us"": 1316}"
2986316,packet_delivered,3,897,"{""latency_us"": 1318}"
2987500,voice_frame_generated,4,898,"{""sequence"": 149}"
2987500,tx_start,4,898,"{""airtime_us"": 1316}"
2988816,packet_delivered,4,898,"{""latency_us"": 1318}"
2990000,voice_frame_generated,5,899,"{""sequence"": 149}"
2990000,tx_start,5,899,"{""airtime_us"": 1316}"
2991316,packet_delivered,5,899,"{""latency_us"": 1318}"
2992500,voice_frame_generated,6,900,"{""sequence"": 149}"
2992500,tx_start,6,900,"{""airtime_us"": 1316}"
2993816,packet_delivered,6,900,"{""latency_us"": 1318}"
3000000,voice_frame_generated,1,901,"{""sequence"": 150}"
3000000,tx_start,1,901,"{""airtime_us"": 1316}"
3001316,packet_delivered,1,901,"{""latency_us"": 1318}"
3002500,voice_frame_generated,2,902,"{""sequence"": 150}"
3002500,tx_start,2,902,"{""airtime_us"": 1316}"
3003816,packet_delivered,2,902,"{""latency_us"": 1318}"
3005000,voice_frame_generated,3,903,"{""sequence"": 150}"
3005000,tx_start,3,903,"{""airtime_us"": 1316}"
3006316,packet_delivered,3,903,"{""latency_us"": 1318}"
3007500,voice_frame_generated,4,904,"{""sequence"": 150}"
3007500,tx_start,4,904,"{""airtime_us"": 1316}"
3008816,packet_delivered,4,904,"{""latency_us"": 1318}"
3010000,voice_frame_generated,5,905,"{""sequence"": 150}"
3010000,tx_start,5,905,"{""airtime_us"": 1316}"
3011316,packet_delivered,5,905,"{""latency_us"": 1318}"
3012500,voice_frame_generated,6,906,"{""sequence"": 150}"
3012500,tx_start,6,906,"{""airtime_us"": 1316}"
3013816,packet_delivered,6,906,"{""latency_us"": 1318}"
3020000,voice_frame_generated,1,907,"{""sequence"": 151}"
3020000,tx_start,1,907,"{""airtime_us"": 1316}"
3021316,packet_delivered,1,907,"{""latency_us"": 1318}"
3022500,voice_frame_generated,2,908,"{""sequence"": 151}"
3022500,tx_start,2,908,"{""airtime_us"": 1316}"
3023816,packet_delivered,2,908,"{""latency_us"": 1318}"
3025000,voice_frame_generated,3,909,"{""sequence"": 151}"
3025000,tx_start,3,909,"{""airtime_us"": 1316}"
3026316,packet_delivered,3,909,"{""latency_us"": 1318}"
3027500,voice_frame_generated,4,910,"{""sequence"": 151}"
3027500,tx_start,4,910,"{""airtime_us"": 1316}"
3028816,packet_delivered,4,910,"{""latency_us"": 1318}"
3030000,voice_frame_generated,5,911,"{""sequence"": 151}"
3030000,tx_start,5,911,"{""airtime_us"": 1316}"
3031316,packet_delivered,5,911,"{""latency_us"": 1318}"
3032500,voice_frame_generated,6,912,"{""sequence"": 151}"
3032500,tx_start,6,912,"{""airtime_us"": 1316}"
3033816,packet_delivered,6,912,"{""latency_us"": 1318}"
3040000,voice_frame_generated,1,913,"{""sequence"": 152}"
3040000,tx_start,1,913,"{""airtime_us"": 1316}"
3041316,packet_delivered,1,913,"{""latency_us"": 1318}"
3042500,voice_frame_generated,2,914,"{""sequence"": 152}"
3042500,tx_start,2,914,"{""airtime_us"": 1316}"
3043816,packet_delivered,2,914,"{""latency_us"": 1318}"
3045000,voice_frame_generated,3,915,"{""sequence"": 152}"
3045000,tx_start,3,915,"{""airtime_us"": 1316}"
3046316,packet_delivered,3,915,"{""latency_us"": 1318}"
3047500,voice_frame_generated,4,916,"{""sequence"": 152}"
3047500,tx_start,4,916,"{""airtime_us"": 1316}"
3048816,packet_delivered,4,916,"{""latency_us"": 1318}"
3050000,voice_frame_generated,5,917,"{""sequence"": 152}"
3050000,tx_start,5,917,"{""airtime_us"": 1316}"
3051316,packet_delivered,5,917,"{""latency_us"": 1318}"
3052500,voice_frame_generated,6,918,"{""sequence"": 152}"
3052500,tx_start,6,918,"{""airtime_us"": 1316}"
3053816,packet_delivered,6,918,"{""latency_us"": 1318}"
3060000,voice_frame_generated,1,919,"{""sequence"": 153}"
3060000,tx_start,1,919,"{""airtime_us"": 1316}"
3061316,packet_delivered,1,919,"{""latency_us"": 1318}"
3062500,voice_frame_generated,2,920,"{""sequence"": 153}"
3062500,tx_start,2,920,"{""airtime_us"": 1316}"
3063816,packet_delivered,2,920,"{""latency_us"": 1318}"
3065000,voice_frame_generated,3,921,"{""sequence"": 153}"
3065000,tx_start,3,921,"{""airtime_us"": 1316}"
3066316,packet_delivered,3,921,"{""latency_us"": 1318}"
3067500,voice_frame_generated,4,922,"{""sequence"": 153}"
3067500,tx_start,4,922,"{""airtime_us"": 1316}"
3068816,packet_delivered,4,922,"{""latency_us"": 1318}"
3070000,voice_frame_generated,5,923,"{""sequence"": 153}"
3070000,tx_start,5,923,"{""airtime_us"": 1316}"
3071316,packet_delivered,5,923,"{""latency_us"": 1318}"
3072500,voice_frame_generated,6,924,"{""sequence"": 153}"
3072500,tx_start,6,924,"{""airtime_us"": 1316}"
3073816,packet_delivered,6,924,"{""latency_us"": 1318}"
3080000,voice_frame_generated,1,925,"{""sequence"": 154}"
3080000,tx_start,1,925,"{""airtime_us"": 1316}"
3081316,packet_delivered,1,925,"{""latency_us"": 1318}"
3082500,voice_frame_generated,2,926,"{""sequence"": 154}"
3082500,tx_start,2,926,"{""airtime_us"": 1316}"
3083816,packet_delivered,2,926,"{""latency_us"": 1318}"
3085000,voice_frame_generated,3,927,"{""sequence"": 154}"
3085000,tx_start,3,927,"{""airtime_us"": 1316}"
3086316,packet_delivered,3,927,"{""latency_us"": 1318}"
3087500,voice_frame_generated,4,928,"{""sequence"": 154}"
3087500,tx_start,4,928,"{""airtime_us"": 1316}"
3088816,packet_delivered,4,928,"{""latency_us"": 1318}"
3090000,voice_frame_generated,5,929,"{""sequence"": 154}"
3090000,tx_start,5,929,"{""airtime_us"": 1316}"
3091316,packet_delivered,5,929,"{""latency_us"": 1318}"
3092500,voice_frame_generated,6,930,"{""sequence"": 154}"
3092500,tx_start,6,930,"{""airtime_us"": 1316}"
3093816,packet_delivered,6,930,"{""latency_us"": 1318}"
3100000,voice_frame_generated,1,931,"{""sequence"": 155}"
3100000,tx_start,1,931,"{""airtime_us"": 1316}"
3101316,packet_delivered,1,931,"{""latency_us"": 1318}"
3102500,voice_frame_generated,2,932,"{""sequence"": 155}"
3102500,tx_start,2,932,"{""airtime_us"": 1316}"
3103816,packet_delivered,2,932,"{""latency_us"": 1318}"
3105000,voice_frame_generated,3,933,"{""sequence"": 155}"
3105000,tx_start,3,933,"{""airtime_us"": 1316}"
3106316,packet_delivered,3,933,"{""latency_us"": 1318}"
3107500,voice_frame_generated,4,934,"{""sequence"": 155}"
3107500,tx_start,4,934,"{""airtime_us"": 1316}"
3108816,packet_delivered,4,934,"{""latency_us"": 1318}"
3110000,voice_frame_generated,5,935,"{""sequence"": 155}"
3110000,tx_start,5,935,"{""airtime_us"": 1316}"
3111316,packet_delivered,5,935,"{""latency_us"": 1318}"
3112500,voice_frame_generated,6,936,"{""sequence"": 155}"
3112500,tx_start,6,936,"{""airtime_us"": 1316}"
3113816,packet_delivered,6,936,"{""latency_us"": 1318}"
3120000,voice_frame_generated,1,937,"{""sequence"": 156}"
3120000,tx_start,1,937,"{""airtime_us"": 1316}"
3121316,packet_delivered,1,937,"{""latency_us"": 1318}"
3122500,voice_frame_generated,2,938,"{""sequence"": 156}"
3122500,tx_start,2,938,"{""airtime_us"": 1316}"
3123816,packet_delivered,2,938,"{""latency_us"": 1318}"
3125000,voice_frame_generated,3,939,"{""sequence"": 156}"
3125000,tx_start,3,939,"{""airtime_us"": 1316}"
3126316,packet_delivered,3,939,"{""latency_us"": 1318}"
3127500,voice_frame_generated,4,940,"{""sequence"": 156}"
3127500,tx_start,4,940,"{""airtime_us"": 1316}"
3128816,packet_delivered,4,940,"{""latency_us"": 1318}"
3130000,voice_frame_generated,5,941,"{""sequence"": 156}"
3130000,tx_start,5,941,"{""airtime_us"": 1316}"
3131316,packet_delivered,5,941,"{""latency_us"": 1318}"
3132500,voice_frame_generated,6,942,"{""sequence"": 156}"
3132500,tx_start,6,942,"{""airtime_us"": 1316}"
3133816,packet_delivered,6,942,"{""latency_us"": 1318}"
3140000,voice_frame_generated,1,943,"{""sequence"": 157}"
3140000,tx_start,1,943,"{""airtime_us"": 1316}"
3141316,packet_delivered,1,943,"{""latency_us"": 1318}"
3142500,voice_frame_generated,2,944,"{""sequence"": 157}"
3142500,tx_start,2,944,"{""airtime_us"": 1316}"
3143816,packet_delivered,2,944,"{""latency_us"": 1318}"
3145000,voice_frame_generated,3,945,"{""sequence"": 157}"
3145000,tx_start,3,945,"{""airtime_us"": 1316}"
3146316,packet_delivered,3,945,"{""latency_us"": 1318}"
3147500,voice_frame_generated,4,946,"{""sequence"": 157}"
3147500,tx_start,4,946,"{""airtime_us"": 1316}"
3148816,packet_delivered,4,946,"{""latency_us"": 1318}"
3150000,voice_frame_generated,5,947,"{""sequence"": 157}"
3150000,tx_start,5,947,"{""airtime_us"": 1316}"
3151316,packet_delivered,5,947,"{""latency_us"": 1318}"
3152500,voice_frame_generated,6,948,"{""sequence"": 157}"
3152500,tx_start,6,948,"{""airtime_us"": 1316}"
3153816,packet_delivered,6,948,"{""latency_us"": 1318}"
3160000,voice_frame_generated,1,949,"{""sequence"": 158}"
3160000,tx_start,1,949,"{""airtime_us"": 1316}"
3161316,packet_delivered,1,949,"{""latency_us"": 1318}"
3162500,voice_frame_generated,2,950,"{""sequence"": 158}"
3162500,tx_start,2,950,"{""airtime_us"": 1316}"
3163816,packet_delivered,2,950,"{""latency_us"": 1318}"
3165000,voice_frame_generated,3,951,"{""sequence"": 158}"
3165000,tx_start,3,951,"{""airtime_us"": 1316}"
3166316,packet_delivered,3,951,"{""latency_us"": 1318}"
3167500,voice_frame_generated,4,952,"{""sequence"": 158}"
3167500,tx_start,4,952,"{""airtime_us"": 1316}"
3168816,packet_delivered,4,952,"{""latency_us"": 1318}"
3170000,voice_frame_generated,5,953,"{""sequence"": 158}"
3170000,tx_start,5,953,"{""airtime_us"": 1316}"
3171316,packet_delivered,5,953,"{""latency_us"": 1318}"
3172500,voice_frame_generated,6,954,"{""sequence"": 158}"
3172500,tx_start,6,954,"{""airtime_us"": 1316}"
3173816,packet_delivered,6,954,"{""latency_us"": 1318}"
3180000,voice_frame_generated,1,955,"{""sequence"": 159}"
3180000,tx_start,1,955,"{""airtime_us"": 1316}"
3181316,packet_delivered,1,955,"{""latency_us"": 1318}"
3182500,voice_frame_generated,2,956,"{""sequence"": 159}"
3182500,tx_start,2,956,"{""airtime_us"": 1316}"
3183816,packet_delivered,2,956,"{""latency_us"": 1318}"
3185000,voice_frame_generated,3,957,"{""sequence"": 159}"
3185000,tx_start,3,957,"{""airtime_us"": 1316}"
3186316,packet_delivered,3,957,"{""latency_us"": 1318}"
3187500,voice_frame_generated,4,958,"{""sequence"": 159}"
3187500,tx_start,4,958,"{""airtime_us"": 1316}"
3188816,packet_delivered,4,958,"{""latency_us"": 1318}"
3190000,voice_frame_generated,5,959,"{""sequence"": 159}"
3190000,tx_start,5,959,"{""airtime_us"": 1316}"
3191316,packet_delivered,5,959,"{""latency_us"": 1318}"
3192500,voice_frame_generated,6,960,"{""sequence"": 159}"
3192500,tx_start,6,960,"{""airtime_us"": 1316}"
3193816,packet_delivered,6,960,"{""latency_us"": 1318}"
3200000,voice_frame_generated,1,961,"{""sequence"": 160}"
3200000,tx_start,1,961,"{""airtime_us"": 1316}"
3201316,packet_delivered,1,961,"{""latency_us"": 1318}"
3202500,voice_frame_generated,2,962,"{""sequence"": 160}"
3202500,tx_start,2,962,"{""airtime_us"": 1316}"
3203816,packet_delivered,2,962,"{""latency_us"": 1318}"
3205000,voice_frame_generated,3,963,"{""sequence"": 160}"
3205000,tx_start,3,963,"{""airtime_us"": 1316}"
3206316,packet_delivered,3,963,"{""latency_us"": 1318}"
3207500,voice_frame_generated,4,964,"{""sequence"": 160}"
3207500,tx_start,4,964,"{""airtime_us"": 1316}"
3208816,packet_delivered,4,964,"{""latency_us"": 1318}"
3210000,voice_frame_generated,5,965,"{""sequence"": 160}"
3210000,tx_start,5,965,"{""airtime_us"": 1316}"
3211316,packet_delivered,5,965,"{""latency_us"": 1318}"
3212500,voice_frame_generated,6,966,"{""sequence"": 160}"
3212500,tx_start,6,966,"{""airtime_us"": 1316}"
3213816,packet_delivered,6,966,"{""latency_us"": 1318}"
3220000,voice_frame_generated,1,967,"{""sequence"": 161}"
3220000,tx_start,1,967,"{""airtime_us"": 1316}"
3221316,packet_delivered,1,967,"{""latency_us"": 1318}"
3222500,voice_frame_generated,2,968,"{""sequence"": 161}"
3222500,tx_start,2,968,"{""airtime_us"": 1316}"
3223816,packet_delivered,2,968,"{""latency_us"": 1318}"
3225000,voice_frame_generated,3,969,"{""sequence"": 161}"
3225000,tx_start,3,969,"{""airtime_us"": 1316}"
3226316,packet_delivered,3,969,"{""latency_us"": 1318}"
3227500,voice_frame_generated,4,970,"{""sequence"": 161}"
3227500,tx_start,4,970,"{""airtime_us"": 1316}"
3228816,packet_delivered,4,970,"{""latency_us"": 1318}"
3230000,voice_frame_generated,5,971,"{""sequence"": 161}"
3230000,tx_start,5,971,"{""airtime_us"": 1316}"
3231316,packet_delivered,5,971,"{""latency_us"": 1318}"
3232500,voice_frame_generated,6,972,"{""sequence"": 161}"
3232500,tx_start,6,972,"{""airtime_us"": 1316}"
3233816,packet_delivered,6,972,"{""latency_us"": 1318}"
3240000,voice_frame_generated,1,973,"{""sequence"": 162}"
3240000,tx_start,1,973,"{""airtime_us"": 1316}"
3241316,packet_delivered,1,973,"{""latency_us"": 1318}"
3242500,voice_frame_generated,2,974,"{""sequence"": 162}"
3242500,tx_start,2,974,"{""airtime_us"": 1316}"
3243816,packet_delivered,2,974,"{""latency_us"": 1318}"
3245000,voice_frame_generated,3,975,"{""sequence"": 162}"
3245000,tx_start,3,975,"{""airtime_us"": 1316}"
3246316,packet_delivered,3,975,"{""latency_us"": 1318}"
3247500,voice_frame_generated,4,976,"{""sequence"": 162}"
3247500,tx_start,4,976,"{""airtime_us"": 1316}"
3248816,packet_delivered,4,976,"{""latency_us"": 1318}"
3250000,voice_frame_generated,5,977,"{""sequence"": 162}"
3250000,tx_start,5,977,"{""airtime_us"": 1316}"
3251316,packet_delivered,5,977,"{""latency_us"": 1318}"
3252500,voice_frame_generated,6,978,"{""sequence"": 162}"
3252500,tx_start,6,978,"{""airtime_us"": 1316}"
3253816,packet_delivered,6,978,"{""latency_us"": 1318}"
3260000,voice_frame_generated,1,979,"{""sequence"": 163}"
3260000,tx_start,1,979,"{""airtime_us"": 1316}"
3261316,packet_delivered,1,979,"{""latency_us"": 1318}"
3262500,voice_frame_generated,2,980,"{""sequence"": 163}"
3262500,tx_start,2,980,"{""airtime_us"": 1316}"
3263816,packet_delivered,2,980,"{""latency_us"": 1318}"
3265000,voice_frame_generated,3,981,"{""sequence"": 163}"
3265000,tx_start,3,981,"{""airtime_us"": 1316}"
3266316,packet_delivered,3,981,"{""latency_us"": 1318}"
3267500,voice_frame_generated,4,982,"{""sequence"": 163}"
3267500,tx_start,4,982,"{""airtime_us"": 1316}"
3268816,packet_delivered,4,982,"{""latency_us"": 1318}"
3270000,voice_frame_generated,5,983,"{""sequence"": 163}"
3270000,tx_start,5,983,"{""airtime_us"": 1316}"
3271316,packet_delivered,5,983,"{""latency_us"": 1318}"
3272500,voice_frame_generated,6,984,"{""sequence"": 163}"
3272500,tx_start,6,984,"{""airtime_us"": 1316}"
3273816,packet_delivered,6,984,"{""latency_us"": 1318}"
3280000,voice_frame_generated,1,985,"{""sequence"": 164}"
3280000,tx_start,1,985,"{""airtime_us"": 1316}"
3281316,packet_delivered,1,985,"{""latency_us"": 1318}"
3282500,voice_frame_generated,2,986,"{""sequence"": 164}"
3282500,tx_start,2,986,"{""airtime_us"": 1316}"
3283816,packet_delivered,2,986,"{""latency_us"": 1318}"
3285000,voice_frame_generated,3,987,"{""sequence"": 164}"
3285000,tx_start,3,987,"{""airtime_us"": 1316}"
3286316,packet_delivered,3,987,"{""latency_us"": 1318}"
3287500,voice_frame_generated,4,988,"{""sequence"": 164}"
3287500,tx_start,4,988,"{""airtime_us"": 1316}"
3288816,packet_delivered,4,988,"{""latency_us"": 1318}"
3290000,voice_frame_generated,5,989,"{""sequence"": 164}"
3290000,tx_start,5,989,"{""airtime_us"": 1316}"
3291316,packet_delivered,5,989,"{""latency_us"": 1318}"
3292500,voice_frame_generated,6,990,"{""sequence"": 164}"
3292500,tx_start,6,990,"{""airtime_us"": 1316}"
3293816,packet_delivered,6,990,"{""latency_us"": 1318}"
3300000,voice_frame_generated,1,991,"{""sequence"": 165}"
3300000,tx_start,1,991,"{""airtime_us"": 1316}"
3301316,packet_delivered,1,991,"{""latency_us"": 1318}"
3302500,voice_frame_generated,2,992,"{""sequence"": 165}"
3302500,tx_start,2,992,"{""airtime_us"": 1316}"
3303816,packet_delivered,2,992,"{""latency_us"": 1318}"
3305000,voice_frame_generated,3,993,"{""sequence"": 165}"
3305000,tx_start,3,993,"{""airtime_us"": 1316}"
3306316,packet_delivered,3,993,"{""latency_us"": 1318}"
3307500,voice_frame_generated,4,994,"{""sequence"": 165}"
3307500,tx_start,4,994,"{""airtime_us"": 1316}"
3308816,packet_delivered,4,994,"{""latency_us"": 1318}"
3310000,voice_frame_generated,5,995,"{""sequence"": 165}"
3310000,tx_start,5,995,"{""airtime_us"": 1316}"
3311316,packet_delivered,5,995,"{""latency_us"": 1318}"
3312500,voice_frame_generated,6,996,"{""sequence"": 165}"
3312500,tx_start,6,996,"{""airtime_us"": 1316}"
3313816,packet_delivered,6,996,"{""latency_us"": 1318}"
3320000,voice_frame_generated,1,997,"{""sequence"": 166}"
3320000,tx_start,1,997,"{""airtime_us"": 1316}"
3321316,packet_delivered,1,997,"{""latency_us"": 1318}"
3322500,voice_frame_generated,2,998,"{""sequence"": 166}"
3322500,tx_start,2,998,"{""airtime_us"": 1316}"
3323816,packet_delivered,2,998,"{""latency_us"": 1318}"
3325000,voice_frame_generated,3,999,"{""sequence"": 166}"
3325000,tx_start,3,999,"{""airtime_us"": 1316}"
3326316,packet_delivered,3,999,"{""latency_us"": 1318}"
3327500,voice_frame_generated,4,1000,"{""sequence"": 166}"
3327500,tx_start,4,1000,"{""airtime_us"": 1316}"
3328816,packet_delivered,4,1000,"{""latency_us"": 1318}"
3330000,voice_frame_generated,5,1001,"{""sequence"": 166}"
3330000,tx_start,5,1001,"{""airtime_us"": 1316}"
3331316,packet_delivered,5,1001,"{""latency_us"": 1318}"
3332500,voice_frame_generated,6,1002,"{""sequence"": 166}"
3332500,tx_start,6,1002,"{""airtime_us"": 1316}"
3333816,packet_delivered,6,1002,"{""latency_us"": 1318}"
3340000,voice_frame_generated,1,1003,"{""sequence"": 167}"
3340000,tx_start,1,1003,"{""airtime_us"": 1316}"
3341316,packet_delivered,1,1003,"{""latency_us"": 1318}"
3342500,voice_frame_generated,2,1004,"{""sequence"": 167}"
3342500,tx_start,2,1004,"{""airtime_us"": 1316}"
3343816,packet_delivered,2,1004,"{""latency_us"": 1318}"
3345000,voice_frame_generated,3,1005,"{""sequence"": 167}"
3345000,tx_start,3,1005,"{""airtime_us"": 1316}"
3346316,packet_delivered,3,1005,"{""latency_us"": 1318}"
3347500,voice_frame_generated,4,1006,"{""sequence"": 167}"
3347500,tx_start,4,1006,"{""airtime_us"": 1316}"
3348816,packet_delivered,4,1006,"{""latency_us"": 1318}"
3350000,voice_frame_generated,5,1007,"{""sequence"": 167}"
3350000,tx_start,5,1007,"{""airtime_us"": 1316}"
3351316,packet_delivered,5,1007,"{""latency_us"": 1318}"
3352500,voice_frame_generated,6,1008,"{""sequence"": 167}"
3352500,tx_start,6,1008,"{""airtime_us"": 1316}"
3353816,packet_delivered,6,1008,"{""latency_us"": 1318}"
3360000,voice_frame_generated,1,1009,"{""sequence"": 168}"
3360000,tx_start,1,1009,"{""airtime_us"": 1316}"
3361316,packet_delivered,1,1009,"{""latency_us"": 1318}"
3362500,voice_frame_generated,2,1010,"{""sequence"": 168}"
3362500,tx_start,2,1010,"{""airtime_us"": 1316}"
3363816,packet_delivered,2,1010,"{""latency_us"": 1318}"
3365000,voice_frame_generated,3,1011,"{""sequence"": 168}"
3365000,tx_start,3,1011,"{""airtime_us"": 1316}"
3366316,packet_delivered,3,1011,"{""latency_us"": 1318}"
3367500,voice_frame_generated,4,1012,"{""sequence"": 168}"
3367500,tx_start,4,1012,"{""airtime_us"": 1316}"
3368816,packet_delivered,4,1012,"{""latency_us"": 1318}"
3370000,voice_frame_generated,5,1013,"{""sequence"": 168}"
3370000,tx_start,5,1013,"{""airtime_us"": 1316}"
3371316,packet_delivered,5,1013,"{""latency_us"": 1318}"
3372500,voice_frame_generated,6,1014,"{""sequence"": 168}"
3372500,tx_start,6,1014,"{""airtime_us"": 1316}"
3373816,packet_delivered,6,1014,"{""latency_us"": 1318}"
3380000,voice_frame_generated,1,1015,"{""sequence"": 169}"
3380000,tx_start,1,1015,"{""airtime_us"": 1316}"
3381316,packet_delivered,1,1015,"{""latency_us"": 1318}"
3382500,voice_frame_generated,2,1016,"{""sequence"": 169}"
3382500,tx_start,2,1016,"{""airtime_us"": 1316}"
3383816,packet_delivered,2,1016,"{""latency_us"": 1318}"
3385000,voice_frame_generated,3,1017,"{""sequence"": 169}"
3385000,tx_start,3,1017,"{""airtime_us"": 1316}"
3386316,packet_delivered,3,1017,"{""latency_us"": 1318}"
3387500,voice_frame_generated,4,1018,"{""sequence"": 169}"
3387500,tx_start,4,1018,"{""airtime_us"": 1316}"
3388816,packet_delivered,4,1018,"{""latency_us"": 1318}"
3390000,voice_frame_generated,5,1019,"{""sequence"": 169}"
3390000,tx_start,5,1019,"{""airtime_us"": 1316}"
3391316,packet_delivered,5,1019,"{""latency_us"": 1318}"
3392500,voice_frame_generated,6,1020,"{""sequence"": 169}"
3392500,tx_start,6,1020,"{""airtime_us"": 1316}"
3393816,packet_delivered,6,1020,"{""latency_us"": 1318}"
3400000,voice_frame_generated,1,1021,"{""sequence"": 170}"
3400000,tx_start,1,1021,"{""airtime_us"": 1316}"
3401316,packet_delivered,1,1021,"{""latency_us"": 1318}"
3402500,voice_frame_generated,2,1022,"{""sequence"": 170}"
3402500,tx_start,2,1022,"{""airtime_us"": 1316}"
3403816,packet_delivered,2,1022,"{""latency_us"": 1318}"
3405000,voice_frame_generated,3,1023,"{""sequence"": 170}"
3405000,tx_start,3,1023,"{""airtime_us"": 1316}"
3406316,packet_delivered,3,1023,"{""latency_us"": 1318}"
3407500,voice_frame_generated,4,1024,"{""sequence"": 170}"
3407500,tx_start,4,1024,"{""airtime_us"": 1316}"
3408816,packet_delivered,4,1024,"{""latency_us"": 1318}"
3410000,voice_frame_generated,5,1025,"{""sequence"": 170}"
3410000,tx_start,5,1025,"{""airtime_us"": 1316}"
3411316,packet_delivered,5,1025,"{""latency_us"": 1318}"
3412500,voice_frame_generated,6,1026,"{""sequence"": 170}"
3412500,tx_start,6,1026,"{""airtime_us"": 1316}"
3413816,packet_delivered,6,1026,"{""latency_us"": 1318}"
3420000,voice_frame_generated,1,1027,"{""sequence"": 171}"
3420000,tx_start,1,1027,"{""airtime_us"": 1316}"
3421316,packet_delivered,1,1027,"{""latency_us"": 1318}"
3422500,voice_frame_generated,2,1028,"{""sequence"": 171}"
3422500,tx_start,2,1028,"{""airtime_us"": 1316}"
3423816,packet_delivered,2,1028,"{""latency_us"": 1318}"
3425000,voice_frame_generated,3,1029,"{""sequence"": 171}"
3425000,tx_start,3,1029,"{""airtime_us"": 1316}"
3426316,packet_delivered,3,1029,"{""latency_us"": 1318}"
3427500,voice_frame_generated,4,1030,"{""sequence"": 171}"
3427500,tx_start,4,1030,"{""airtime_us"": 1316}"
3428816,packet_delivered,4,1030,"{""latency_us"": 1318}"
3430000,voice_frame_generated,5,1031,"{""sequence"": 171}"
3430000,tx_start,5,1031,"{""airtime_us"": 1316}"
3431316,packet_delivered,5,1031,"{""latency_us"": 1318}"
3432500,voice_frame_generated,6,1032,"{""sequence"": 171}"
3432500,tx_start,6,1032,"{""airtime_us"": 1316}"
3433816,packet_delivered,6,1032,"{""latency_us"": 1318}"
3440000,voice_frame_generated,1,1033,"{""sequence"": 172}"
3440000,tx_start,1,1033,"{""airtime_us"": 1316}"
3441316,packet_delivered,1,1033,"{""latency_us"": 1318}"
3442500,voice_frame_generated,2,1034,"{""sequence"": 172}"
3442500,tx_start,2,1034,"{""airtime_us"": 1316}"
3443816,packet_delivered,2,1034,"{""latency_us"": 1318}"
3445000,voice_frame_generated,3,1035,"{""sequence"": 172}"
3445000,tx_start,3,1035,"{""airtime_us"": 1316}"
3446316,packet_delivered,3,1035,"{""latency_us"": 1318}"
3447500,voice_frame_generated,4,1036,"{""sequence"": 172}"
3447500,tx_start,4,1036,"{""airtime_us"": 1316}"
3448816,packet_delivered,4,1036,"{""latency_us"": 1318}"
3450000,voice_frame_generated,5,1037,"{""sequence"": 172}"
3450000,tx_start,5,1037,"{""airtime_us"": 1316}"
3451316,packet_delivered,5,1037,"{""latency_us"": 1318}"
3452500,voice_frame_generated,6,1038,"{""sequence"": 172}"
3452500,tx_start,6,1038,"{""airtime_us"": 1316}"
3453816,packet_delivered,6,1038,"{""latency_us"": 1318}"
3460000,voice_frame_generated,1,1039,"{""sequence"": 173}"
3460000,tx_start,1,1039,"{""airtime_us"": 1316}"
3461316,packet_delivered,1,1039,"{""latency_us"": 1318}"
3462500,voice_frame_generated,2,1040,"{""sequence"": 173}"
3462500,tx_start,2,1040,"{""airtime_us"": 1316}"
3463816,packet_delivered,2,1040,"{""latency_us"": 1318}"
3465000,voice_frame_generated,3,1041,"{""sequence"": 173}"
3465000,tx_start,3,1041,"{""airtime_us"": 1316}"
3466316,packet_delivered,3,1041,"{""latency_us"": 1318}"
3467500,voice_frame_generated,4,1042,"{""sequence"": 173}"
3467500,tx_start,4,1042,"{""airtime_us"": 1316}"
3468816,packet_delivered,4,1042,"{""latency_us"": 1318}"
3470000,voice_frame_generated,5,1043,"{""sequence"": 173}"
3470000,tx_start,5,1043,"{""airtime_us"": 1316}"
3471316,packet_delivered,5,1043,"{""latency_us"": 1318}"
3472500,voice_frame_generated,6,1044,"{""sequence"": 173}"
3472500,tx_start,6,1044,"{""airtime_us"": 1316}"
3473816,packet_delivered,6,1044,"{""latency_us"": 1318}"
3480000,voice_frame_generated,1,1045,"{""sequence"": 174}"
3480000,tx_start,1,1045,"{""airtime_us"": 1316}"
3481316,packet_delivered,1,1045,"{""latency_us"": 1318}"
3482500,voice_frame_generated,2,1046,"{""sequence"": 174}"
3482500,tx_start,2,1046,"{""airtime_us"": 1316}"
3483816,packet_delivered,2,1046,"{""latency_us"": 1318}"
3485000,voice_frame_generated,3,1047,"{""sequence"": 174}"
3485000,tx_start,3,1047,"{""airtime_us"": 1316}"
3486316,packet_delivered,3,1047,"{""latency_us"": 1318}"
3487500,voice_frame_generated,4,1048,"{""sequence"": 174}"
3487500,tx_start,4,1048,"{""airtime_us"": 1316}"
3488816,packet_delivered,4,1048,"{""latency_us"": 1318}"
3490000,voice_frame_generated,5,1049,"{""sequence"": 174}"
3490000,tx_start,5,1049,"{""airtime_us"": 1316}"
3491316,packet_delivered,5,1049,"{""latency_us"": 1318}"
3492500,voice_frame_generated,6,1050,"{""sequence"": 174}"
3492500,tx_start,6,1050,"{""airtime_us"": 1316}"
3493816,packet_delivered,6,1050,"{""latency_us"": 1318}"
3500000,voice_frame_generated,1,1051,"{""sequence"": 175}"
3500000,tx_start,1,1051,"{""airtime_us"": 1316}"
3501316,packet_delivered,1,1051,"{""latency_us"": 1318}"
3502500,voice_frame_generated,2,1052,"{""sequence"": 175}"
3502500,tx_start,2,1052,"{""airtime_us"": 1316}"
3503816,packet_delivered,2,1052,"{""latency_us"": 1318}"
3505000,voice_frame_generated,3,1053,"{""sequence"": 175}"
3505000,tx_start,3,1053,"{""airtime_us"": 1316}"
3506316,packet_delivered,3,1053,"{""latency_us"": 1318}"
3507500,voice_frame_generated,4,1054,"{""sequence"": 175}"
3507500,tx_start,4,1054,"{""airtime_us"": 1316}"
3508816,packet_delivered,4,1054,"{""latency_us"": 1318}"
3510000,voice_frame_generated,5,1055,"{""sequence"": 175}"
3510000,tx_start,5,1055,"{""airtime_us"": 1316}"
3511316,packet_delivered,5,1055,"{""latency_us"": 1318}"
3512500,voice_frame_generated,6,1056,"{""sequence"": 175}"
3512500,tx_start,6,1056,"{""airtime_us"": 1316}"
3513816,packet_delivered,6,1056,"{""latency_us"": 1318}"
3520000,voice_frame_generated,1,1057,"{""sequence"": 176}"
3520000,tx_start,1,1057,"{""airtime_us"": 1316}"
3521316,packet_delivered,1,1057,"{""latency_us"": 1318}"
3522500,voice_frame_generated,2,1058,"{""sequence"": 176}"
3522500,tx_start,2,1058,"{""airtime_us"": 1316}"
3523816,packet_delivered,2,1058,"{""latency_us"": 1318}"
3525000,voice_frame_generated,3,1059,"{""sequence"": 176}"
3525000,tx_start,3,1059,"{""airtime_us"": 1316}"
3526316,packet_delivered,3,1059,"{""latency_us"": 1318}"
3527500,voice_frame_generated,4,1060,"{""sequence"": 176}"
3527500,tx_start,4,1060,"{""airtime_us"": 1316}"
3528816,packet_delivered,4,1060,"{""latency_us"": 1318}"
3530000,voice_frame_generated,5,1061,"{""sequence"": 176}"
3530000,tx_start,5,1061,"{""airtime_us"": 1316}"
3531316,packet_delivered,5,1061,"{""latency_us"": 1318}"
3532500,voice_frame_generated,6,1062,"{""sequence"": 176}"
3532500,tx_start,6,1062,"{""airtime_us"": 1316}"
3533816,packet_delivered,6,1062,"{""latency_us"": 1318}"
3540000,voice_frame_generated,1,1063,"{""sequence"": 177}"
3540000,tx_start,1,1063,"{""airtime_us"": 1316}"
3541316,packet_delivered,1,1063,"{""latency_us"": 1318}"
3542500,voice_frame_generated,2,1064,"{""sequence"": 177}"
3542500,tx_start,2,1064,"{""airtime_us"": 1316}"
3543816,packet_delivered,2,1064,"{""latency_us"": 1318}"
3545000,voice_frame_generated,3,1065,"{""sequence"": 177}"
3545000,tx_start,3,1065,"{""airtime_us"": 1316}"
3546316,packet_delivered,3,1065,"{""latency_us"": 1318}"
3547500,voice_frame_generated,4,1066,"{""sequence"": 177}"
3547500,tx_start,4,1066,"{""airtime_us"": 1316}"
3548816,packet_delivered,4,1066,"{""latency_us"": 1318}"
3550000,voice_frame_generated,5,1067,"{""sequence"": 177}"
3550000,tx_start,5,1067,"{""airtime_us"": 1316}"
3551316,packet_delivered,5,1067,"{""latency_us"": 1318}"
3552500,voice_frame_generated,6,1068,"{""sequence"": 177}"
3552500,tx_start,6,1068,"{""airtime_us"": 1316}"
3553816,packet_delivered,6,1068,"{""latency_us"": 1318}"
3560000,voice_frame_generated,1,1069,"{""sequence"": 178}"
3560000,tx_start,1,1069,"{""airtime_us"": 1316}"
3561316,packet_delivered,1,1069,"{""latency_us"": 1318}"
3562500,voice_frame_generated,2,1070,"{""sequence"": 178}"
3562500,tx_start,2,1070,"{""airtime_us"": 1316}"
3563816,packet_delivered,2,1070,"{""latency_us"": 1318}"
3565000,voice_frame_generated,3,1071,"{""sequence"": 178}"
3565000,tx_start,3,1071,"{""airtime_us"": 1316}"
3566316,packet_delivered,3,1071,"{""latency_us"": 1318}"
3567500,voice_frame_generated,4,1072,"{""sequence"": 178}"
3567500,tx_start,4,1072,"{""airtime_us"": 1316}"
3568816,packet_delivered,4,1072,"{""latency_us"": 1318}"
3570000,voice_frame_generated,5,1073,"{""sequence"": 178}"
3570000,tx_start,5,1073,"{""airtime_us"": 1316}"
3571316,packet_delivered,5,1073,"{""latency_us"": 1318}"
3572500,voice_frame_generated,6,1074,"{""sequence"": 178}"
3572500,tx_start,6,1074,"{""airtime_us"": 1316}"
3573816,packet_delivered,6,1074,"{""latency_us"": 1318}"
3580000,voice_frame_generated,1,1075,"{""sequence"": 179}"
3580000,tx_start,1,1075,"{""airtime_us"": 1316}"
3581316,packet_delivered,1,1075,"{""latency_us"": 1318}"
3582500,voice_frame_generated,2,1076,"{""sequence"": 179}"
3582500,tx_start,2,1076,"{""airtime_us"": 1316}"
3583816,packet_delivered,2,1076,"{""latency_us"": 1318}"
3585000,voice_frame_generated,3,1077,"{""sequence"": 179}"
3585000,tx_start,3,1077,"{""airtime_us"": 1316}"
3586316,packet_delivered,3,1077,"{""latency_us"": 1318}"
3587500,voice_frame_generated,4,1078,"{""sequence"": 179}"
3587500,tx_start,4,1078,"{""airtime_us"": 1316}"
3588816,packet_delivered,4,1078,"{""latency_us"": 1318}"
3590000,voice_frame_generated,5,1079,"{""sequence"": 179}"
3590000,tx_start,5,1079,"{""airtime_us"": 1316}"
3591316,packet_delivered,5,1079,"{""latency_us"": 1318}"
3592500,voice_frame_generated,6,1080,"{""sequence"": 179}"
3592500,tx_start,6,1080,"{""airtime_us"": 1316}"
3593816,packet_delivered,6,1080,"{""latency_us"": 1318}"
3600000,voice_frame_generated,1,1081,"{""sequence"": 180}"
3600000,tx_start,1,1081,"{""airtime_us"": 1316}"
3601316,packet_delivered,1,1081,"{""latency_us"": 1318}"
3602500,voice_frame_generated,2,1082,"{""sequence"": 180}"
3602500,tx_start,2,1082,"{""airtime_us"": 1316}"
3603816,packet_delivered,2,1082,"{""latency_us"": 1318}"
3605000,voice_frame_generated,3,1083,"{""sequence"": 180}"
3605000,tx_start,3,1083,"{""airtime_us"": 1316}"
3606316,packet_delivered,3,1083,"{""latency_us"": 1318}"
3607500,voice_frame_generated,4,1084,"{""sequence"": 180}"
3607500,tx_start,4,1084,"{""airtime_us"": 1316}"
3608816,packet_delivered,4,1084,"{""latency_us"": 1318}"
3610000,voice_frame_generated,5,1085,"{""sequence"": 180}"
3610000,tx_start,5,1085,"{""airtime_us"": 1316}"
3611316,packet_delivered,5,1085,"{""latency_us"": 1318}"
3612500,voice_frame_generated,6,1086,"{""sequence"": 180}"
3612500,tx_start,6,1086,"{""airtime_us"": 1316}"
3613816,packet_delivered,6,1086,"{""latency_us"": 1318}"
3620000,voice_frame_generated,1,1087,"{""sequence"": 181}"
3620000,tx_start,1,1087,"{""airtime_us"": 1316}"
3621316,packet_delivered,1,1087,"{""latency_us"": 1318}"
3622500,voice_frame_generated,2,1088,"{""sequence"": 181}"
3622500,tx_start,2,1088,"{""airtime_us"": 1316}"
3623816,packet_delivered,2,1088,"{""latency_us"": 1318}"
3625000,voice_frame_generated,3,1089,"{""sequence"": 181}"
3625000,tx_start,3,1089,"{""airtime_us"": 1316}"
3626316,packet_delivered,3,1089,"{""latency_us"": 1318}"
3627500,voice_frame_generated,4,1090,"{""sequence"": 181}"
3627500,tx_start,4,1090,"{""airtime_us"": 1316}"
3628816,packet_delivered,4,1090,"{""latency_us"": 1318}"
3630000,voice_frame_generated,5,1091,"{""sequence"": 181}"
3630000,tx_start,5,1091,"{""airtime_us"": 1316}"
3631316,packet_delivered,5,1091,"{""latency_us"": 1318}"
3632500,voice_frame_generated,6,1092,"{""sequence"": 181}"
3632500,tx_start,6,1092,"{""airtime_us"": 1316}"
3633816,packet_delivered,6,1092,"{""latency_us"": 1318}"
3640000,voice_frame_generated,1,1093,"{""sequence"": 182}"
3640000,tx_start,1,1093,"{""airtime_us"": 1316}"
3641316,packet_delivered,1,1093,"{""latency_us"": 1318}"
3642500,voice_frame_generated,2,1094,"{""sequence"": 182}"
3642500,tx_start,2,1094,"{""airtime_us"": 1316}"
3643816,packet_delivered,2,1094,"{""latency_us"": 1318}"
3645000,voice_frame_generated,3,1095,"{""sequence"": 182}"
3645000,tx_start,3,1095,"{""airtime_us"": 1316}"
3646316,packet_delivered,3,1095,"{""latency_us"": 1318}"
3647500,voice_frame_generated,4,1096,"{""sequence"": 182}"
3647500,tx_start,4,1096,"{""airtime_us"": 1316}"
3648816,packet_delivered,4,1096,"{""latency_us"": 1318}"
3650000,voice_frame_generated,5,1097,"{""sequence"": 182}"
3650000,tx_start,5,1097,"{""airtime_us"": 1316}"
3651316,packet_delivered,5,1097,"{""latency_us"": 1318}"
3652500,voice_frame_generated,6,1098,"{""sequence"": 182}"
3652500,tx_start,6,1098,"{""airtime_us"": 1316}"
3653816,packet_delivered,6,1098,"{""latency_us"": 1318}"
3660000,voice_frame_generated,1,1099,"{""sequence"": 183}"
3660000,tx_start,1,1099,"{""airtime_us"": 1316}"
3661316,packet_delivered,1,1099,"{""latency_us"": 1318}"
3662500,voice_frame_generated,2,1100,"{""sequence"": 183}"
3662500,tx_start,2,1100,"{""airtime_us"": 1316}"
3663816,packet_delivered,2,1100,"{""latency_us"": 1318}"
3665000,voice_frame_generated,3,1101,"{""sequence"": 183}"
3665000,tx_start,3,1101,"{""airtime_us"": 1316}"
3666316,packet_delivered,3,1101,"{""latency_us"": 1318}"
3667500,voice_frame_generated,4,1102,"{""sequence"": 183}"
3667500,tx_start,4,1102,"{""airtime_us"": 1316}"
3668816,packet_delivered,4,1102,"{""latency_us"": 1318}"
3670000,voice_frame_generated,5,1103,"{""sequence"": 183}"
3670000,tx_start,5,1103,"{""airtime_us"": 1316}"
3671316,packet_delivered,5,1103,"{""latency_us"": 1318}"
3672500,voice_frame_generated,6,1104,"{""sequence"": 183}"
3672500,tx_start,6,1104,"{""airtime_us"": 1316}"
3673816,packet_delivered,6,1104,"{""latency_us"": 1318}"
3680000,voice_frame_generated,1,1105,"{""sequence"": 184}"
3680000,tx_start,1,1105,"{""airtime_us"": 1316}"
3681316,packet_delivered,1,1105,"{""latency_us"": 1318}"
3682500,voice_frame_generated,2,1106,"{""sequence"": 184}"
3682500,tx_start,2,1106,"{""airtime_us"": 1316}"
3683816,packet_delivered,2,1106,"{""latency_us"": 1318}"
3685000,voice_frame_generated,3,1107,"{""sequence"": 184}"
3685000,tx_start,3,1107,"{""airtime_us"": 1316}"
3686316,packet_delivered,3,1107,"{""latency_us"": 1318}"
3687500,voice_frame_generated,4,1108,"{""sequence"": 184}"
3687500,tx_start,4,1108,"{""airtime_us"": 1316}"
3688816,packet_delivered,4,1108,"{""latency_us"": 1318}"
3690000,voice_frame_generated,5,1109,"{""sequence"": 184}"
3690000,tx_start,5,1109,"{""airtime_us"": 1316}"
3691316,packet_delivered,5,1109,"{""latency_us"": 1318}"
3692500,voice_frame_generated,6,1110,"{""sequence"": 184}"
3692500,tx_start,6,1110,"{""airtime_us"": 1316}"
3693816,packet_delivered,6,1110,"{""latency_us"": 1318}"
3700000,voice_frame_generated,1,1111,"{""sequence"": 185}"
3700000,tx_start,1,1111,"{""airtime_us"": 1316}"
3701316,packet_delivered,1,1111,"{""latency_us"": 1318}"
3702500,voice_frame_generated,2,1112,"{""sequence"": 185}"
3702500,tx_start,2,1112,"{""airtime_us"": 1316}"
3703816,packet_delivered,2,1112,"{""latency_us"": 1318}"
3705000,voice_frame_generated,3,1113,"{""sequence"": 185}"
3705000,tx_start,3,1113,"{""airtime_us"": 1316}"
3706316,packet_delivered,3,1113,"{""latency_us"": 1318}"
3707500,voice_frame_generated,4,1114,"{""sequence"": 185}"
3707500,tx_start,4,1114,"{""airtime_us"": 1316}"
3708816,packet_delivered,4,1114,"{""latency_us"": 1318}"
3710000,voice_frame_generated,5,1115,"{""sequence"": 185}"
3710000,tx_start,5,1115,"{""airtime_us"": 1316}"
3711316,packet_delivered,5,1115,"{""latency_us"": 1318}"
3712500,voice_frame_generated,6,1116,"{""sequence"": 185}"
3712500,tx_start,6,1116,"{""airtime_us"": 1316}"
3713816,packet_delivered,6,1116,"{""latency_us"": 1318}"
3720000,voice_frame_generated,1,1117,"{""sequence"": 186}"
3720000,tx_start,1,1117,"{""airtime_us"": 1316}"
3721316,packet_delivered,1,1117,"{""latency_us"": 1318}"
3722500,voice_frame_generated,2,1118,"{""sequence"": 186}"
3722500,tx_start,2,1118,"{""airtime_us"": 1316}"
3723816,packet_delivered,2,1118,"{""latency_us"": 1318}"
3725000,voice_frame_generated,3,1119,"{""sequence"": 186}"
3725000,tx_start,3,1119,"{""airtime_us"": 1316}"
3726316,packet_delivered,3,1119,"{""latency_us"": 1318}"
3727500,voice_frame_generated,4,1120,"{""sequence"": 186}"
3727500,tx_start,4,1120,"{""airtime_us"": 1316}"
3728816,packet_delivered,4,1120,"{""latency_us"": 1318}"
3730000,voice_frame_generated,5,1121,"{""sequence"": 186}"
3730000,tx_start,5,1121,"{""airtime_us"": 1316}"
3731316,packet_delivered,5,1121,"{""latency_us"": 1318}"
3732500,voice_frame_generated,6,1122,"{""sequence"": 186}"
3732500,tx_start,6,1122,"{""airtime_us"": 1316}"
3733816,packet_delivered,6,1122,"{""latency_us"": 1318}"
3740000,voice_frame_generated,1,1123,"{""sequence"": 187}"
3740000,tx_start,1,1123,"{""airtime_us"": 1316}"
3741316,packet_delivered,1,1123,"{""latency_us"": 1318}"
3742500,voice_frame_generated,2,1124,"{""sequence"": 187}"
3742500,tx_start,2,1124,"{""airtime_us"": 1316}"
3743816,packet_delivered,2,1124,"{""latency_us"": 1318}"
3745000,voice_frame_generated,3,1125,"{""sequence"": 187}"
3745000,tx_start,3,1125,"{""airtime_us"": 1316}"
3746316,packet_delivered,3,1125,"{""latency_us"": 1318}"
3747500,voice_frame_generated,4,1126,"{""sequence"": 187}"
3747500,tx_start,4,1126,"{""airtime_us"": 1316}"
3748816,packet_delivered,4,1126,"{""latency_us"": 1318}"
3750000,voice_frame_generated,5,1127,"{""sequence"": 187}"
3750000,tx_start,5,1127,"{""airtime_us"": 1316}"
3751316,packet_delivered,5,1127,"{""latency_us"": 1318}"
3752500,voice_frame_generated,6,1128,"{""sequence"": 187}"
3752500,tx_start,6,1128,"{""airtime_us"": 1316}"
3753816,packet_delivered,6,1128,"{""latency_us"": 1318}"
3760000,voice_frame_generated,1,1129,"{""sequence"": 188}"
3760000,tx_start,1,1129,"{""airtime_us"": 1316}"
3761316,packet_delivered,1,1129,"{""latency_us"": 1318}"
3762500,voice_frame_generated,2,1130,"{""sequence"": 188}"
3762500,tx_start,2,1130,"{""airtime_us"": 1316}"
3763816,packet_delivered,2,1130,"{""latency_us"": 1318}"
3765000,voice_frame_generated,3,1131,"{""sequence"": 188}"
3765000,tx_start,3,1131,"{""airtime_us"": 1316}"
3766316,packet_delivered,3,1131,"{""latency_us"": 1318}"
3767500,voice_frame_generated,4,1132,"{""sequence"": 188}"
3767500,tx_start,4,1132,"{""airtime_us"": 1316}"
3768816,packet_delivered,4,1132,"{""latency_us"": 1318}"
3770000,voice_frame_generated,5,1133,"{""sequence"": 188}"
3770000,tx_start,5,1133,"{""airtime_us"": 1316}"
3771316,packet_delivered,5,1133,"{""latency_us"": 1318}"
3772500,voice_frame_generated,6,1134,"{""sequence"": 188}"
3772500,tx_start,6,1134,"{""airtime_us"": 1316}"
3773816,packet_delivered,6,1134,"{""latency_us"": 1318}"
3780000,voice_frame_generated,1,1135,"{""sequence"": 189}"
3780000,tx_start,1,1135,"{""airtime_us"": 1316}"
3781316,packet_delivered,1,1135,"{""latency_us"": 1318}"
3782500,voice_frame_generated,2,1136,"{""sequence"": 189}"
3782500,tx_start,2,1136,"{""airtime_us"": 1316}"
3783816,packet_delivered,2,1136,"{""latency_us"": 1318}"
3785000,voice_frame_generated,3,1137,"{""sequence"": 189}"
3785000,tx_start,3,1137,"{""airtime_us"": 1316}"
3786316,packet_delivered,3,1137,"{""latency_us"": 1318}"
3787500,voice_frame_generated,4,1138,"{""sequence"": 189}"
3787500,tx_start,4,1138,"{""airtime_us"": 1316}"
3788816,packet_delivered,4,1138,"{""latency_us"": 1318}"
3790000,voice_frame_generated,5,1139,"{""sequence"": 189}"
3790000,tx_start,5,1139,"{""airtime_us"": 1316}"
3791316,packet_delivered,5,1139,"{""latency_us"": 1318}"
3792500,voice_frame_generated,6,1140,"{""sequence"": 189}"
3792500,tx_start,6,1140,"{""airtime_us"": 1316}"
3793816,packet_delivered,6,1140,"{""latency_us"": 1318}"
3800000,voice_frame_generated,1,1141,"{""sequence"": 190}"
3800000,tx_start,1,1141,"{""airtime_us"": 1316}"
3801316,packet_delivered,1,1141,"{""latency_us"": 1318}"
3802500,voice_frame_generated,2,1142,"{""sequence"": 190}"
3802500,tx_start,2,1142,"{""airtime_us"": 1316}"
3803816,packet_delivered,2,1142,"{""latency_us"": 1318}"
3805000,voice_frame_generated,3,1143,"{""sequence"": 190}"
3805000,tx_start,3,1143,"{""airtime_us"": 1316}"
3806316,packet_delivered,3,1143,"{""latency_us"": 1318}"
3807500,voice_frame_generated,4,1144,"{""sequence"": 190}"
3807500,tx_start,4,1144,"{""airtime_us"": 1316}"
3808816,packet_delivered,4,1144,"{""latency_us"": 1318}"
3810000,voice_frame_generated,5,1145,"{""sequence"": 190}"
3810000,tx_start,5,1145,"{""airtime_us"": 1316}"
3811316,packet_delivered,5,1145,"{""latency_us"": 1318}"
3812500,voice_frame_generated,6,1146,"{""sequence"": 190}"
3812500,tx_start,6,1146,"{""airtime_us"": 1316}"
3813816,packet_delivered,6,1146,"{""latency_us"": 1318}"
3820000,voice_frame_generated,1,1147,"{""sequence"": 191}"
3820000,tx_start,1,1147,"{""airtime_us"": 1316}"
3821316,packet_delivered,1,1147,"{""latency_us"": 1318}"
3822500,voice_frame_generated,2,1148,"{""sequence"": 191}"
3822500,tx_start,2,1148,"{""airtime_us"": 1316}"
3823816,packet_delivered,2,1148,"{""latency_us"": 1318}"
3825000,voice_frame_generated,3,1149,"{""sequence"": 191}"
3825000,tx_start,3,1149,"{""airtime_us"": 1316}"
3826316,packet_delivered,3,1149,"{""latency_us"": 1318}"
3827500,voice_frame_generated,4,1150,"{""sequence"": 191}"
3827500,tx_start,4,1150,"{""airtime_us"": 1316}"
3828816,packet_delivered,4,1150,"{""latency_us"": 1318}"
3830000,voice_frame_generated,5,1151,"{""sequence"": 191}"
3830000,tx_start,5,1151,"{""airtime_us"": 1316}"
3831316,packet_delivered,5,1151,"{""latency_us"": 1318}"
3832500,voice_frame_generated,6,1152,"{""sequence"": 191}"
3832500,tx_start,6,1152,"{""airtime_us"": 1316}"
3833816,packet_delivered,6,1152,"{""latency_us"": 1318}"
3840000,voice_frame_generated,1,1153,"{""sequence"": 192}"
3840000,tx_start,1,1153,"{""airtime_us"": 1316}"
3841316,packet_delivered,1,1153,"{""latency_us"": 1318}"
3842500,voice_frame_generated,2,1154,"{""sequence"": 192}"
3842500,tx_start,2,1154,"{""airtime_us"": 1316}"
3843816,packet_delivered,2,1154,"{""latency_us"": 1318}"
3845000,voice_frame_generated,3,1155,"{""sequence"": 192}"
3845000,tx_start,3,1155,"{""airtime_us"": 1316}"
3846316,packet_delivered,3,1155,"{""latency_us"": 1318}"
3847500,voice_frame_generated,4,1156,"{""sequence"": 192}"
3847500,tx_start,4,1156,"{""airtime_us"": 1316}"
3848816,packet_delivered,4,1156,"{""latency_us"": 1318}"
3850000,voice_frame_generated,5,1157,"{""sequence"": 192}"
3850000,tx_start,5,1157,"{""airtime_us"": 1316}"
3851316,packet_delivered,5,1157,"{""latency_us"": 1318}"
3852500,voice_frame_generated,6,1158,"{""sequence"": 192}"
3852500,tx_start,6,1158,"{""airtime_us"": 1316}"
3853816,packet_delivered,6,1158,"{""latency_us"": 1318}"
3860000,voice_frame_generated,1,1159,"{""sequence"": 193}"
3860000,tx_start,1,1159,"{""airtime_us"": 1316}"
3861316,packet_delivered,1,1159,"{""latency_us"": 1318}"
3862500,voice_frame_generated,2,1160,"{""sequence"": 193}"
3862500,tx_start,2,1160,"{""airtime_us"": 1316}"
3863816,packet_delivered,2,1160,"{""latency_us"": 1318}"
3865000,voice_frame_generated,3,1161,"{""sequence"": 193}"
3865000,tx_start,3,1161,"{""airtime_us"": 1316}"
3866316,packet_delivered,3,1161,"{""latency_us"": 1318}"
3867500,voice_frame_generated,4,1162,"{""sequence"": 193}"
3867500,tx_start,4,1162,"{""airtime_us"": 1316}"
3868816,packet_delivered,4,1162,"{""latency_us"": 1318}"
3870000,voice_frame_generated,5,1163,"{""sequence"": 193}"
3870000,tx_start,5,1163,"{""airtime_us"": 1316}"
3871316,packet_delivered,5,1163,"{""latency_us"": 1318}"
3872500,voice_frame_generated,6,1164,"{""sequence"": 193}"
3872500,tx_start,6,1164,"{""airtime_us"": 1316}"
3873816,packet_delivered,6,1164,"{""latency_us"": 1318}"
3880000,voice_frame_generated,1,1165,"{""sequence"": 194}"
3880000,tx_start,1,1165,"{""airtime_us"": 1316}"
3881316,packet_delivered,1,1165,"{""latency_us"": 1318}"
3882500,voice_frame_generated,2,1166,"{""sequence"": 194}"
3882500,tx_start,2,1166,"{""airtime_us"": 1316}"
3883816,packet_delivered,2,1166,"{""latency_us"": 1318}"
3885000,voice_frame_generated,3,1167,"{""sequence"": 194}"
3885000,tx_start,3,1167,"{""airtime_us"": 1316}"
3886316,packet_delivered,3,1167,"{""latency_us"": 1318}"
3887500,voice_frame_generated,4,1168,"{""sequence"": 194}"
3887500,tx_start,4,1168,"{""airtime_us"": 1316}"
3888816,packet_delivered,4,1168,"{""latency_us"": 1318}"
3890000,voice_frame_generated,5,1169,"{""sequence"": 194}"
3890000,tx_start,5,1169,"{""airtime_us"": 1316}"
3891316,packet_delivered,5,1169,"{""latency_us"": 1318}"
3892500,voice_frame_generated,6,1170,"{""sequence"": 194}"
3892500,tx_start,6,1170,"{""airtime_us"": 1316}"
3893816,packet_delivered,6,1170,"{""latency_us"": 1318}"
3900000,voice_frame_generated,1,1171,"{""sequence"": 195}"
3900000,tx_start,1,1171,"{""airtime_us"": 1316}"
3901316,packet_delivered,1,1171,"{""latency_us"": 1318}"
3902500,voice_frame_generated,2,1172,"{""sequence"": 195}"
3902500,tx_start,2,1172,"{""airtime_us"": 1316}"
3903816,packet_delivered,2,1172,"{""latency_us"": 1318}"
3905000,voice_frame_generated,3,1173,"{""sequence"": 195}"
3905000,tx_start,3,1173,"{""airtime_us"": 1316}"
3906316,packet_delivered,3,1173,"{""latency_us"": 1318}"
3907500,voice_frame_generated,4,1174,"{""sequence"": 195}"
3907500,tx_start,4,1174,"{""airtime_us"": 1316}"
3908816,packet_delivered,4,1174,"{""latency_us"": 1318}"
3910000,voice_frame_generated,5,1175,"{""sequence"": 195}"
3910000,tx_start,5,1175,"{""airtime_us"": 1316}"
3911316,packet_delivered,5,1175,"{""latency_us"": 1318}"
3912500,voice_frame_generated,6,1176,"{""sequence"": 195}"
3912500,tx_start,6,1176,"{""airtime_us"": 1316}"
3913816,packet_delivered,6,1176,"{""latency_us"": 1318}"
3920000,voice_frame_generated,1,1177,"{""sequence"": 196}"
3920000,tx_start,1,1177,"{""airtime_us"": 1316}"
3921316,packet_delivered,1,1177,"{""latency_us"": 1318}"
3922500,voice_frame_generated,2,1178,"{""sequence"": 196}"
3922500,tx_start,2,1178,"{""airtime_us"": 1316}"
3923816,packet_delivered,2,1178,"{""latency_us"": 1318}"
3925000,voice_frame_generated,3,1179,"{""sequence"": 196}"
3925000,tx_start,3,1179,"{""airtime_us"": 1316}"
3926316,packet_delivered,3,1179,"{""latency_us"": 1318}"
3927500,voice_frame_generated,4,1180,"{""sequence"": 196}"
3927500,tx_start,4,1180,"{""airtime_us"": 1316}"
3928816,packet_delivered,4,1180,"{""latency_us"": 1318}"
3930000,voice_frame_generated,5,1181,"{""sequence"": 196}"
3930000,tx_start,5,1181,"{""airtime_us"": 1316}"
3931316,packet_delivered,5,1181,"{""latency_us"": 1318}"
3932500,voice_frame_generated,6,1182,"{""sequence"": 196}"
3932500,tx_start,6,1182,"{""airtime_us"": 1316}"
3933816,packet_delivered,6,1182,"{""latency_us"": 1318}"
3940000,voice_frame_generated,1,1183,"{""sequence"": 197}"
3940000,tx_start,1,1183,"{""airtime_us"": 1316}"
3941316,packet_delivered,1,1183,"{""latency_us"": 1318}"
3942500,voice_frame_generated,2,1184,"{""sequence"": 197}"
3942500,tx_start,2,1184,"{""airtime_us"": 1316}"
3943816,packet_delivered,2,1184,"{""latency_us"": 1318}"
3945000,voice_frame_generated,3,1185,"{""sequence"": 197}"
3945000,tx_start,3,1185,"{""airtime_us"": 1316}"
3946316,packet_delivered,3,1185,"{""latency_us"": 1318}"
3947500,voice_frame_generated,4,1186,"{""sequence"": 197}"
3947500,tx_start,4,1186,"{""airtime_us"": 1316}"
3948816,packet_delivered,4,1186,"{""latency_us"": 1318}"
3950000,voice_frame_generated,5,1187,"{""sequence"": 197}"
3950000,tx_start,5,1187,"{""airtime_us"": 1316}"
3951316,packet_delivered,5,1187,"{""latency_us"": 1318}"
3952500,voice_frame_generated,6,1188,"{""sequence"": 197}"
3952500,tx_start,6,1188,"{""airtime_us"": 1316}"
3953816,packet_delivered,6,1188,"{""latency_us"": 1318}"
3960000,voice_frame_generated,1,1189,"{""sequence"": 198}"
3960000,tx_start,1,1189,"{""airtime_us"": 1316}"
3961316,packet_delivered,1,1189,"{""latency_us"": 1318}"
3962500,voice_frame_generated,2,1190,"{""sequence"": 198}"
3962500,tx_start,2,1190,"{""airtime_us"": 1316}"
3963816,packet_delivered,2,1190,"{""latency_us"": 1318}"
3965000,voice_frame_generated,3,1191,"{""sequence"": 198}"
3965000,tx_start,3,1191,"{""airtime_us"": 1316}"
3966316,packet_delivered,3,1191,"{""latency_us"": 1318}"
3967500,voice_frame_generated,4,1192,"{""sequence"": 198}"
3967500,tx_start,4,1192,"{""airtime_us"": 1316}"
3968816,packet_delivered,4,1192,"{""latency_us"": 1318}"
3970000,voice_frame_generated,5,1193,"{""sequence"": 198}"
3970000,tx_start,5,1193,"{""airtime_us"": 1316}"
3971316,packet_delivered,5,1193,"{""latency_us"": 1318}"
3972500,voice_frame_generated,6,1194,"{""sequence"": 198}"
3972500,tx_start,6,1194,"{""airtime_us"": 1316}"
3973816,packet_delivered,6,1194,"{""latency_us"": 1318}"
3980000,voice_frame_generated,1,1195,"{""sequence"": 199}"
3980000,tx_start,1,1195,"{""airtime_us"": 1316}"
3981316,packet_delivered,1,1195,"{""latency_us"": 1318}"
3982500,voice_frame_generated,2,1196,"{""sequence"": 199}"
3982500,tx_start,2,1196,"{""airtime_us"": 1316}"
3983816,packet_delivered,2,1196,"{""latency_us"": 1318}"
3985000,voice_frame_generated,3,1197,"{""sequence"": 199}"
3985000,tx_start,3,1197,"{""airtime_us"": 1316}"
3986316,packet_delivered,3,1197,"{""latency_us"": 1318}"
3987500,voice_frame_generated,4,1198,"{""sequence"": 199}"
3987500,tx_start,4,1198,"{""airtime_us"": 1316}"
3988816,packet_delivered,4,1198,"{""latency_us"": 1318}"
3990000,voice_frame_generated,5,1199,"{""sequence"": 199}"
3990000,tx_start,5,1199,"{""airtime_us"": 1316}"
3991316,packet_delivered,5,1199,"{""latency_us"": 1318}"
3992500,voice_frame_generated,6,1200,"{""sequence"": 199}"
3992500,tx_start,6,1200,"{""airtime_us"": 1316}"
3993816,packet_delivered,6,1200,"{""latency_us"": 1318}"
4000000,voice_frame_generated,1,1201,"{""sequence"": 200}"
4000000,tx_start,1,1201,"{""airtime_us"": 1316}"
4001316,packet_delivered,1,1201,"{""latency_us"": 1318}"
4002500,voice_frame_generated,2,1202,"{""sequence"": 200}"
4002500,tx_start,2,1202,"{""airtime_us"": 1316}"
4003816,packet_delivered,2,1202,"{""latency_us"": 1318}"
4005000,voice_frame_generated,3,1203,"{""sequence"": 200}"
4005000,tx_start,3,1203,"{""airtime_us"": 1316}"
4006316,packet_delivered,3,1203,"{""latency_us"": 1318}"
4007500,voice_frame_generated,4,1204,"{""sequence"": 200}"
4007500,tx_start,4,1204,"{""airtime_us"": 1316}"
4008816,packet_delivered,4,1204,"{""latency_us"": 1318}"
4010000,voice_frame_generated,5,1205,"{""sequence"": 200}"
4010000,tx_start,5,1205,"{""airtime_us"": 1316}"
4011316,packet_delivered,5,1205,"{""latency_us"": 1318}"
4012500,voice_frame_generated,6,1206,"{""sequence"": 200}"
4012500,tx_start,6,1206,"{""airtime_us"": 1316}"
4013816,packet_delivered,6,1206,"{""latency_us"": 1318}"
4020000,voice_frame_generated,1,1207,"{""sequence"": 201}"
4020000,tx_start,1,1207,"{""airtime_us"": 1316}"
4021316,packet_delivered,1,1207,"{""latency_us"": 1318}"
4022500,voice_frame_generated,2,1208,"{""sequence"": 201}"
4022500,tx_start,2,1208,"{""airtime_us"": 1316}"
4023816,packet_delivered,2,1208,"{""latency_us"": 1318}"
4025000,voice_frame_generated,3,1209,"{""sequence"": 201}"
4025000,tx_start,3,1209,"{""airtime_us"": 1316}"
4026316,packet_delivered,3,1209,"{""latency_us"": 1318}"
4027500,voice_frame_generated,4,1210,"{""sequence"": 201}"
4027500,tx_start,4,1210,"{""airtime_us"": 1316}"
4028816,packet_delivered,4,1210,"{""latency_us"": 1318}"
4030000,voice_frame_generated,5,1211,"{""sequence"": 201}"
4030000,tx_start,5,1211,"{""airtime_us"": 1316}"
4031316,packet_delivered,5,1211,"{""latency_us"": 1318}"
4032500,voice_frame_generated,6,1212,"{""sequence"": 201}"
4032500,tx_start,6,1212,"{""airtime_us"": 1316}"
4033816,packet_delivered,6,1212,"{""latency_us"": 1318}"
4040000,voice_frame_generated,1,1213,"{""sequence"": 202}"
4040000,tx_start,1,1213,"{""airtime_us"": 1316}"
4041316,packet_delivered,1,1213,"{""latency_us"": 1318}"
4042500,voice_frame_generated,2,1214,"{""sequence"": 202}"
4042500,tx_start,2,1214,"{""airtime_us"": 1316}"
4043816,packet_delivered,2,1214,"{""latency_us"": 1318}"
4045000,voice_frame_generated,3,1215,"{""sequence"": 202}"
4045000,tx_start,3,1215,"{""airtime_us"": 1316}"
4046316,packet_delivered,3,1215,"{""latency_us"": 1318}"
4047500,voice_frame_generated,4,1216,"{""sequence"": 202}"
4047500,tx_start,4,1216,"{""airtime_us"": 1316}"
4048816,packet_delivered,4,1216,"{""latency_us"": 1318}"
4050000,voice_frame_generated,5,1217,"{""sequence"": 202}"
4050000,tx_start,5,1217,"{""airtime_us"": 1316}"
4051316,packet_delivered,5,1217,"{""latency_us"": 1318}"
4052500,voice_frame_generated,6,1218,"{""sequence"": 202}"
4052500,tx_start,6,1218,"{""airtime_us"": 1316}"
4053816,packet_delivered,6,1218,"{""latency_us"": 1318}"
4060000,voice_frame_generated,1,1219,"{""sequence"": 203}"
4060000,tx_start,1,1219,"{""airtime_us"": 1316}"
4061316,packet_delivered,1,1219,"{""latency_us"": 1318}"
4062500,voice_frame_generated,2,1220,"{""sequence"": 203}"
4062500,tx_start,2,1220,"{""airtime_us"": 1316}"
4063816,packet_delivered,2,1220,"{""latency_us"": 1318}"
4065000,voice_frame_generated,3,1221,"{""sequence"": 203}"
4065000,tx_start,3,1221,"{""airtime_us"": 1316}"
4066316,packet_delivered,3,1221,"{""latency_us"": 1318}"
4067500,voice_frame_generated,4,1222,"{""sequence"": 203}"
4067500,tx_start,4,1222,"{""airtime_us"": 1316}"
4068816,packet_delivered,4,1222,"{""latency_us"": 1318}"
4070000,voice_frame_generated,5,1223,"{""sequence"": 203}"
4070000,tx_start,5,1223,"{""airtime_us"": 1316}"
4071316,packet_delivered,5,1223,"{""latency_us"": 1318}"
4072500,voice_frame_generated,6,1224,"{""sequence"": 203}"
4072500,tx_start,6,1224,"{""airtime_us"": 1316}"
4073816,packet_delivered,6,1224,"{""latency_us"": 1318}"
4080000,voice_frame_generated,1,1225,"{""sequence"": 204}"
4080000,tx_start,1,1225,"{""airtime_us"": 1316}"
4081316,packet_delivered,1,1225,"{""latency_us"": 1318}"
4082500,voice_frame_generated,2,1226,"{""sequence"": 204}"
4082500,tx_start,2,1226,"{""airtime_us"": 1316}"
4083816,packet_delivered,2,1226,"{""latency_us"": 1318}"
4085000,voice_frame_generated,3,1227,"{""sequence"": 204}"
4085000,tx_start,3,1227,"{""airtime_us"": 1316}"
4086316,packet_delivered,3,1227,"{""latency_us"": 1318}"
4087500,voice_frame_generated,4,1228,"{""sequence"": 204}"
4087500,tx_start,4,1228,"{""airtime_us"": 1316}"
4088816,packet_delivered,4,1228,"{""latency_us"": 1318}"
4090000,voice_frame_generated,5,1229,"{""sequence"": 204}"
4090000,tx_start,5,1229,"{""airtime_us"": 1316}"
4091316,packet_delivered,5,1229,"{""latency_us"": 1318}"
4092500,voice_frame_generated,6,1230,"{""sequence"": 204}"
4092500,tx_start,6,1230,"{""airtime_us"": 1316}"
4093816,packet_delivered,6,1230,"{""latency_us"": 1318}"
4100000,voice_frame_generated,1,1231,"{""sequence"": 205}"
4100000,tx_start,1,1231,"{""airtime_us"": 1316}"
4101316,packet_delivered,1,1231,"{""latency_us"": 1318}"
4102500,voice_frame_generated,2,1232,"{""sequence"": 205}"
4102500,tx_start,2,1232,"{""airtime_us"": 1316}"
4103816,packet_delivered,2,1232,"{""latency_us"": 1318}"
4105000,voice_frame_generated,3,1233,"{""sequence"": 205}"
4105000,tx_start,3,1233,"{""airtime_us"": 1316}"
4106316,packet_delivered,3,1233,"{""latency_us"": 1318}"
4107500,voice_frame_generated,4,1234,"{""sequence"": 205}"
4107500,tx_start,4,1234,"{""airtime_us"": 1316}"
4108816,packet_delivered,4,1234,"{""latency_us"": 1318}"
4110000,voice_frame_generated,5,1235,"{""sequence"": 205}"
4110000,tx_start,5,1235,"{""airtime_us"": 1316}"
4111316,packet_delivered,5,1235,"{""latency_us"": 1318}"
4112500,voice_frame_generated,6,1236,"{""sequence"": 205}"
4112500,tx_start,6,1236,"{""airtime_us"": 1316}"
4113816,packet_delivered,6,1236,"{""latency_us"": 1318}"
4120000,voice_frame_generated,1,1237,"{""sequence"": 206}"
4120000,tx_start,1,1237,"{""airtime_us"": 1316}"
4121316,packet_delivered,1,1237,"{""latency_us"": 1318}"
4122500,voice_frame_generated,2,1238,"{""sequence"": 206}"
4122500,tx_start,2,1238,"{""airtime_us"": 1316}"
4123816,packet_delivered,2,1238,"{""latency_us"": 1318}"
4125000,voice_frame_generated,3,1239,"{""sequence"": 206}"
4125000,tx_start,3,1239,"{""airtime_us"": 1316}"
4126316,packet_delivered,3,1239,"{""latency_us"": 1318}"
4127500,voice_frame_generated,4,1240,"{""sequence"": 206}"
4127500,tx_start,4,1240,"{""airtime_us"": 1316}"
4128816,packet_delivered,4,1240,"{""latency_us"": 1318}"
4130000,voice_frame_generated,5,1241,"{""sequence"": 206}"
4130000,tx_start,5,1241,"{""airtime_us"": 1316}"
4131316,packet_delivered,5,1241,"{""latency_us"": 1318}"
4132500,voice_frame_generated,6,1242,"{""sequence"": 206}"
4132500,tx_start,6,1242,"{""airtime_us"": 1316}"
4133816,packet_delivered,6,1242,"{""latency_us"": 1318}"
4140000,voice_frame_generated,1,1243,"{""sequence"": 207}"
4140000,tx_start,1,1243,"{""airtime_us"": 1316}"
4141316,packet_delivered,1,1243,"{""latency_us"": 1318}"
4142500,voice_frame_generated,2,1244,"{""sequence"": 207}"
4142500,tx_start,2,1244,"{""airtime_us"": 1316}"
4143816,packet_delivered,2,1244,"{""latency_us"": 1318}"
4145000,voice_frame_generated,3,1245,"{""sequence"": 207}"
4145000,tx_start,3,1245,"{""airtime_us"": 1316}"
4146316,packet_delivered,3,1245,"{""latency_us"": 1318}"
4147500,voice_frame_generated,4,1246,"{""sequence"": 207}"
4147500,tx_start,4,1246,"{""airtime_us"": 1316}"
4148816,packet_delivered,4,1246,"{""latency_us"": 1318}"
4150000,voice_frame_generated,5,1247,"{""sequence"": 207}"
4150000,tx_start,5,1247,"{""airtime_us"": 1316}"
4151316,packet_delivered,5,1247,"{""latency_us"": 1318}"
4152500,voice_frame_generated,6,1248,"{""sequence"": 207}"
4152500,tx_start,6,1248,"{""airtime_us"": 1316}"
4153816,packet_delivered,6,1248,"{""latency_us"": 1318}"
4160000,voice_frame_generated,1,1249,"{""sequence"": 208}"
4160000,tx_start,1,1249,"{""airtime_us"": 1316}"
4161316,packet_delivered,1,1249,"{""latency_us"": 1318}"
4162500,voice_frame_generated,2,1250,"{""sequence"": 208}"
4162500,tx_start,2,1250,"{""airtime_us"": 1316}"
4163816,packet_delivered,2,1250,"{""latency_us"": 1318}"
4165000,voice_frame_generated,3,1251,"{""sequence"": 208}"
4165000,tx_start,3,1251,"{""airtime_us"": 1316}"
4166316,packet_delivered,3,1251,"{""latency_us"": 1318}"
4167500,voice_frame_generated,4,1252,"{""sequence"": 208}"
4167500,tx_start,4,1252,"{""airtime_us"": 1316}"
4168816,packet_delivered,4,1252,"{""latency_us"": 1318}"
4170000,voice_frame_generated,5,1253,"{""sequence"": 208}"
4170000,tx_start,5,1253,"{""airtime_us"": 1316}"
4171316,packet_delivered,5,1253,"{""latency_us"": 1318}"
4172500,voice_frame_generated,6,1254,"{""sequence"": 208}"
4172500,tx_start,6,1254,"{""airtime_us"": 1316}"
4173816,packet_delivered,6,1254,"{""latency_us"": 1318}"
4180000,voice_frame_generated,1,1255,"{""sequence"": 209}"
4180000,tx_start,1,1255,"{""airtime_us"": 1316}"
4181316,packet_delivered,1,1255,"{""latency_us"": 1318}"
4182500,voice_frame_generated,2,1256,"{""sequence"": 209}"
4182500,tx_start,2,1256,"{""airtime_us"": 1316}"
4183816,packet_delivered,2,1256,"{""latency_us"": 1318}"
4185000,voice_frame_generated,3,1257,"{""sequence"": 209}"
4185000,tx_start,3,1257,"{""airtime_us"": 1316}"
4186316,packet_delivered,3,1257,"{""latency_us"": 1318}"
4187500,voice_frame_generated,4,1258,"{""sequence"": 209}"
4187500,tx_start,4,1258,"{""airtime_us"": 1316}"
4188816,packet_delivered,4,1258,"{""latency_us"": 1318}"
4190000,voice_frame_generated,5,1259,"{""sequence"": 209}"
4190000,tx_start,5,1259,"{""airtime_us"": 1316}"
4191316,packet_delivered,5,1259,"{""latency_us"": 1318}"
4192500,voice_frame_generated,6,1260,"{""sequence"": 209}"
4192500,tx_start,6,1260,"{""airtime_us"": 1316}"
4193816,packet_delivered,6,1260,"{""latency_us"": 1318}"
4200000,voice_frame_generated,1,1261,"{""sequence"": 210}"
4200000,tx_start,1,1261,"{""airtime_us"": 1316}"
4201316,packet_delivered,1,1261,"{""latency_us"": 1318}"
4202500,voice_frame_generated,2,1262,"{""sequence"": 210}"
4202500,tx_start,2,1262,"{""airtime_us"": 1316}"
4203816,packet_delivered,2,1262,"{""latency_us"": 1318}"
4205000,voice_frame_generated,3,1263,"{""sequence"": 210}"
4205000,tx_start,3,1263,"{""airtime_us"": 1316}"
4206316,packet_delivered,3,1263,"{""latency_us"": 1318}"
4207500,voice_frame_generated,4,1264,"{""sequence"": 210}"
4207500,tx_start,4,1264,"{""airtime_us"": 1316}"
4208816,packet_delivered,4,1264,"{""latency_us"": 1318}"
4210000,voice_frame_generated,5,1265,"{""sequence"": 210}"
4210000,tx_start,5,1265,"{""airtime_us"": 1316}"
4211316,packet_delivered,5,1265,"{""latency_us"": 1318}"
4212500,voice_frame_generated,6,1266,"{""sequence"": 210}"
4212500,tx_start,6,1266,"{""airtime_us"": 1316}"
4213816,packet_delivered,6,1266,"{""latency_us"": 1318}"
4220000,voice_frame_generated,1,1267,"{""sequence"": 211}"
4220000,tx_start,1,1267,"{""airtime_us"": 1316}"
4221316,packet_delivered,1,1267,"{""latency_us"": 1318}"
4222500,voice_frame_generated,2,1268,"{""sequence"": 211}"
4222500,tx_start,2,1268,"{""airtime_us"": 1316}"
4223816,packet_delivered,2,1268,"{""latency_us"": 1318}"
4225000,voice_frame_generated,3,1269,"{""sequence"": 211}"
4225000,tx_start,3,1269,"{""airtime_us"": 1316}"
4226316,packet_delivered,3,1269,"{""latency_us"": 1318}"
4227500,voice_frame_generated,4,1270,"{""sequence"": 211}"
4227500,tx_start,4,1270,"{""airtime_us"": 1316}"
4228816,packet_delivered,4,1270,"{""latency_us"": 1318}"
4230000,voice_frame_generated,5,1271,"{""sequence"": 211}"
4230000,tx_start,5,1271,"{""airtime_us"": 1316}"
4231316,packet_delivered,5,1271,"{""latency_us"": 1318}"
4232500,voice_frame_generated,6,1272,"{""sequence"": 211}"
4232500,tx_start,6,1272,"{""airtime_us"": 1316}"
4233816,packet_delivered,6,1272,"{""latency_us"": 1318}"
4240000,voice_frame_generated,1,1273,"{""sequence"": 212}"
4240000,tx_start,1,1273,"{""airtime_us"": 1316}"
4241316,packet_delivered,1,1273,"{""latency_us"": 1318}"
4242500,voice_frame_generated,2,1274,"{""sequence"": 212}"
4242500,tx_start,2,1274,"{""airtime_us"": 1316}"
4243816,packet_delivered,2,1274,"{""latency_us"": 1318}"
4245000,voice_frame_generated,3,1275,"{""sequence"": 212}"
4245000,tx_start,3,1275,"{""airtime_us"": 1316}"
4246316,packet_delivered,3,1275,"{""latency_us"": 1318}"
4247500,voice_frame_generated,4,1276,"{""sequence"": 212}"
4247500,tx_start,4,1276,"{""airtime_us"": 1316}"
4248816,packet_delivered,4,1276,"{""latency_us"": 1318}"
4250000,voice_frame_generated,5,1277,"{""sequence"": 212}"
4250000,tx_start,5,1277,"{""airtime_us"": 1316}"
4251316,packet_delivered,5,1277,"{""latency_us"": 1318}"
4252500,voice_frame_generated,6,1278,"{""sequence"": 212}"
4252500,tx_start,6,1278,"{""airtime_us"": 1316}"
4253816,packet_delivered,6,1278,"{""latency_us"": 1318}"
4260000,voice_frame_generated,1,1279,"{""sequence"": 213}"
4260000,tx_start,1,1279,"{""airtime_us"": 1316}"
4261316,packet_delivered,1,1279,"{""latency_us"": 1318}"
4262500,voice_frame_generated,2,1280,"{""sequence"": 213}"
4262500,tx_start,2,1280,"{""airtime_us"": 1316}"
4263816,packet_delivered,2,1280,"{""latency_us"": 1318}"
4265000,voice_frame_generated,3,1281,"{""sequence"": 213}"
4265000,tx_start,3,1281,"{""airtime_us"": 1316}"
4266316,packet_delivered,3,1281,"{""latency_us"": 1318}"
4267500,voice_frame_generated,4,1282,"{""sequence"": 213}"
4267500,tx_start,4,1282,"{""airtime_us"": 1316}"
4268816,packet_delivered,4,1282,"{""latency_us"": 1318}"
4270000,voice_frame_generated,5,1283,"{""sequence"": 213}"
4270000,tx_start,5,1283,"{""airtime_us"": 1316}"
4271316,packet_delivered,5,1283,"{""latency_us"": 1318}"
4272500,voice_frame_generated,6,1284,"{""sequence"": 213}"
4272500,tx_start,6,1284,"{""airtime_us"": 1316}"
4273816,packet_delivered,6,1284,"{""latency_us"": 1318}"
4280000,voice_frame_generated,1,1285,"{""sequence"": 214}"
4280000,tx_start,1,1285,"{""airtime_us"": 1316}"
4281316,packet_delivered,1,1285,"{""latency_us"": 1318}"
4282500,voice_frame_generated,2,1286,"{""sequence"": 214}"
4282500,tx_start,2,1286,"{""airtime_us"": 1316}"
4283816,packet_delivered,2,1286,"{""latency_us"": 1318}"
4285000,voice_frame_generated,3,1287,"{""sequence"": 214}"
4285000,tx_start,3,1287,"{""airtime_us"": 1316}"
4286316,packet_delivered,3,1287,"{""latency_us"": 1318}"
4287500,voice_frame_generated,4,1288,"{""sequence"": 214}"
4287500,tx_start,4,1288,"{""airtime_us"": 1316}"
4288816,packet_delivered,4,1288,"{""latency_us"": 1318}"
4290000,voice_frame_generated,5,1289,"{""sequence"": 214}"
4290000,tx_start,5,1289,"{""airtime_us"": 1316}"
4291316,packet_delivered,5,1289,"{""latency_us"": 1318}"
4292500,voice_frame_generated,6,1290,"{""sequence"": 214}"
4292500,tx_start,6,1290,"{""airtime_us"": 1316}"
4293816,packet_delivered,6,1290,"{""latency_us"": 1318}"
4300000,voice_frame_generated,1,1291,"{""sequence"": 215}"
4300000,tx_start,1,1291,"{""airtime_us"": 1316}"
4301316,packet_delivered,1,1291,"{""latency_us"": 1318}"
4302500,voice_frame_generated,2,1292,"{""sequence"": 215}"
4302500,tx_start,2,1292,"{""airtime_us"": 1316}"
4303816,packet_delivered,2,1292,"{""latency_us"": 1318}"
4305000,voice_frame_generated,3,1293,"{""sequence"": 215}"
4305000,tx_start,3,1293,"{""airtime_us"": 1316}"
4306316,packet_delivered,3,1293,"{""latency_us"": 1318}"
4307500,voice_frame_generated,4,1294,"{""sequence"": 215}"
4307500,tx_start,4,1294,"{""airtime_us"": 1316}"
4308816,packet_delivered,4,1294,"{""latency_us"": 1318}"
4310000,voice_frame_generated,5,1295,"{""sequence"": 215}"
4310000,tx_start,5,1295,"{""airtime_us"": 1316}"
4311316,packet_delivered,5,1295,"{""latency_us"": 1318}"
4312500,voice_frame_generated,6,1296,"{""sequence"": 215}"
4312500,tx_start,6,1296,"{""airtime_us"": 1316}"
4313816,packet_delivered,6,1296,"{""latency_us"": 1318}"
4320000,voice_frame_generated,1,1297,"{""sequence"": 216}"
4320000,tx_start,1,1297,"{""airtime_us"": 1316}"
4321316,packet_delivered,1,1297,"{""latency_us"": 1318}"
4322500,voice_frame_generated,2,1298,"{""sequence"": 216}"
4322500,tx_start,2,1298,"{""airtime_us"": 1316}"
4323816,packet_delivered,2,1298,"{""latency_us"": 1318}"
4325000,voice_frame_generated,3,1299,"{""sequence"": 216}"
4325000,tx_start,3,1299,"{""airtime_us"": 1316}"
4326316,packet_delivered,3,1299,"{""latency_us"": 1318}"
4327500,voice_frame_generated,4,1300,"{""sequence"": 216}"
4327500,tx_start,4,1300,"{""airtime_us"": 1316}"
4328816,packet_delivered,4,1300,"{""latency_us"": 1318}"
4330000,voice_frame_generated,5,1301,"{""sequence"": 216}"
4330000,tx_start,5,1301,"{""airtime_us"": 1316}"
4331316,packet_delivered,5,1301,"{""latency_us"": 1318}"
4332500,voice_frame_generated,6,1302,"{""sequence"": 216}"
4332500,tx_start,6,1302,"{""airtime_us"": 1316}"
4333816,packet_delivered,6,1302,"{""latency_us"": 1318}"
4340000,voice_frame_generated,1,1303,"{""sequence"": 217}"
4340000,tx_start,1,1303,"{""airtime_us"": 1316}"
4341316,packet_delivered,1,1303,"{""latency_us"": 1318}"
4342500,voice_frame_generated,2,1304,"{""sequence"": 217}"
4342500,tx_start,2,1304,"{""airtime_us"": 1316}"
4343816,packet_delivered,2,1304,"{""latency_us"": 1318}"
4345000,voice_frame_generated,3,1305,"{""sequence"": 217}"
4345000,tx_start,3,1305,"{""airtime_us"": 1316}"
4346316,packet_delivered,3,1305,"{""latency_us"": 1318}"
4347500,voice_frame_generated,4,1306,"{""sequence"": 217}"
4347500,tx_start,4,1306,"{""airtime_us"": 1316}"
4348816,packet_delivered,4,1306,"{""latency_us"": 1318}"
4350000,voice_frame_generated,5,1307,"{""sequence"": 217}"
4350000,tx_start,5,1307,"{""airtime_us"": 1316}"
4351316,packet_delivered,5,1307,"{""latency_us"": 1318}"
4352500,voice_frame_generated,6,1308,"{""sequence"": 217}"
4352500,tx_start,6,1308,"{""airtime_us"": 1316}"
4353816,packet_delivered,6,1308,"{""latency_us"": 1318}"
4360000,voice_frame_generated,1,1309,"{""sequence"": 218}"
4360000,tx_start,1,1309,"{""airtime_us"": 1316}"
4361316,packet_delivered,1,1309,"{""latency_us"": 1318}"
4362500,voice_frame_generated,2,1310,"{""sequence"": 218}"
4362500,tx_start,2,1310,"{""airtime_us"": 1316}"
4363816,packet_delivered,2,1310,"{""latency_us"": 1318}"
4365000,voice_frame_generated,3,1311,"{""sequence"": 218}"
4365000,tx_start,3,1311,"{""airtime_us"": 1316}"
4366316,packet_delivered,3,1311,"{""latency_us"": 1318}"
4367500,voice_frame_generated,4,1312,"{""sequence"": 218}"
4367500,tx_start,4,1312,"{""airtime_us"": 1316}"
4368816,packet_delivered,4,1312,"{""latency_us"": 1318}"
4370000,voice_frame_generated,5,1313,"{""sequence"": 218}"
4370000,tx_start,5,1313,"{""airtime_us"": 1316}"
4371316,packet_delivered,5,1313,"{""latency_us"": 1318}"
4372500,voice_frame_generated,6,1314,"{""sequence"": 218}"
4372500,tx_start,6,1314,"{""airtime_us"": 1316}"
4373816,packet_delivered,6,1314,"{""latency_us"": 1318}"
4380000,voice_frame_generated,1,1315,"{""sequence"": 219}"
4380000,tx_start,1,1315,"{""airtime_us"": 1316}"
4381316,packet_delivered,1,1315,"{""latency_us"": 1318}"
4382500,voice_frame_generated,2,1316,"{""sequence"": 219}"
4382500,tx_start,2,1316,"{""airtime_us"": 1316}"
4383816,packet_delivered,2,1316,"{""latency_us"": 1318}"
4385000,voice_frame_generated,3,1317,"{""sequence"": 219}"
4385000,tx_start,3,1317,"{""airtime_us"": 1316}"
4386316,packet_delivered,3,1317,"{""latency_us"": 1318}"
4387500,voice_frame_generated,4,1318,"{""sequence"": 219}"
4387500,tx_start,4,1318,"{""airtime_us"": 1316}"
4388816,packet_delivered,4,1318,"{""latency_us"": 1318}"
4390000,voice_frame_generated,5,1319,"{""sequence"": 219}"
4390000,tx_start,5,1319,"{""airtime_us"": 1316}"
4391316,packet_delivered,5,1319,"{""latency_us"": 1318}"
4392500,voice_frame_generated,6,1320,"{""sequence"": 219}"
4392500,tx_start,6,1320,"{""airtime_us"": 1316}"
4393816,packet_delivered,6,1320,"{""latency_us"": 1318}"
4400000,voice_frame_generated,1,1321,"{""sequence"": 220}"
4400000,tx_start,1,1321,"{""airtime_us"": 1316}"
4401316,packet_delivered,1,1321,"{""latency_us"": 1318}"
4402500,voice_frame_generated,2,1322,"{""sequence"": 220}"
4402500,tx_start,2,1322,"{""airtime_us"": 1316}"
4403816,packet_delivered,2,1322,"{""latency_us"": 1318}"
4405000,voice_frame_generated,3,1323,"{""sequence"": 220}"
4405000,tx_start,3,1323,"{""airtime_us"": 1316}"
4406316,packet_delivered,3,1323,"{""latency_us"": 1318}"
4407500,voice_frame_generated,4,1324,"{""sequence"": 220}"
4407500,tx_start,4,1324,"{""airtime_us"": 1316}"
4408816,packet_delivered,4,1324,"{""latency_us"": 1318}"
4410000,voice_frame_generated,5,1325,"{""sequence"": 220}"
4410000,tx_start,5,1325,"{""airtime_us"": 1316}"
4411316,packet_delivered,5,1325,"{""latency_us"": 1318}"
4412500,voice_frame_generated,6,1326,"{""sequence"": 220}"
4412500,tx_start,6,1326,"{""airtime_us"": 1316}"
4413816,packet_delivered,6,1326,"{""latency_us"": 1318}"
4420000,voice_frame_generated,1,1327,"{""sequence"": 221}"
4420000,tx_start,1,1327,"{""airtime_us"": 1316}"
4421316,packet_delivered,1,1327,"{""latency_us"": 1318}"
4422500,voice_frame_generated,2,1328,"{""sequence"": 221}"
4422500,tx_start,2,1328,"{""airtime_us"": 1316}"
4423816,packet_delivered,2,1328,"{""latency_us"": 1318}"
4425000,voice_frame_generated,3,1329,"{""sequence"": 221}"
4425000,tx_start,3,1329,"{""airtime_us"": 1316}"
4426316,packet_delivered,3,1329,"{""latency_us"": 1318}"
4427500,voice_frame_generated,4,1330,"{""sequence"": 221}"
4427500,tx_start,4,1330,"{""airtime_us"": 1316}"
4428816,packet_delivered,4,1330,"{""latency_us"": 1318}"
4430000,voice_frame_generated,5,1331,"{""sequence"": 221}"
4430000,tx_start,5,1331,"{""airtime_us"": 1316}"
4431316,packet_delivered,5,1331,"{""latency_us"": 1318}"
4432500,voice_frame_generated,6,1332,"{""sequence"": 221}"
4432500,tx_start,6,1332,"{""airtime_us"": 1316}"
4433816,packet_delivered,6,1332,"{""latency_us"": 1318}"
4440000,voice_frame_generated,1,1333,"{""sequence"": 222}"
4440000,tx_start,1,1333,"{""airtime_us"": 1316}"
4441316,packet_delivered,1,1333,"{""latency_us"": 1318}"
4442500,voice_frame_generated,2,1334,"{""sequence"": 222}"
4442500,tx_start,2,1334,"{""airtime_us"": 1316}"
4443816,packet_delivered,2,1334,"{""latency_us"": 1318}"
4445000,voice_frame_generated,3,1335,"{""sequence"": 222}"
4445000,tx_start,3,1335,"{""airtime_us"": 1316}"
4446316,packet_delivered,3,1335,"{""latency_us"": 1318}"
4447500,voice_frame_generated,4,1336,"{""sequence"": 222}"
4447500,tx_start,4,1336,"{""airtime_us"": 1316}"
4448816,packet_delivered,4,1336,"{""latency_us"": 1318}"
4450000,voice_frame_generated,5,1337,"{""sequence"": 222}"
4450000,tx_start,5,1337,"{""airtime_us"": 1316}"
4451316,packet_delivered,5,1337,"{""latency_us"": 1318}"
4452500,voice_frame_generated,6,1338,"{""sequence"": 222}"
4452500,tx_start,6,1338,"{""airtime_us"": 1316}"
4453816,packet_delivered,6,1338,"{""latency_us"": 1318}"
4460000,voice_frame_generated,1,1339,"{""sequence"": 223}"
4460000,tx_start,1,1339,"{""airtime_us"": 1316}"
4461316,packet_delivered,1,1339,"{""latency_us"": 1318}"
4462500,voice_frame_generated,2,1340,"{""sequence"": 223}"
4462500,tx_start,2,1340,"{""airtime_us"": 1316}"
4463816,packet_delivered,2,1340,"{""latency_us"": 1318}"
4465000,voice_frame_generated,3,1341,"{""sequence"": 223}"
4465000,tx_start,3,1341,"{""airtime_us"": 1316}"
4466316,packet_delivered,3,1341,"{""latency_us"": 1318}"
4467500,voice_frame_generated,4,1342,"{""sequence"": 223}"
4467500,tx_start,4,1342,"{""airtime_us"": 1316}"
4468816,packet_delivered,4,1342,"{""latency_us"": 1318}"
4470000,voice_frame_generated,5,1343,"{""sequence"": 223}"
4470000,tx_start,5,1343,"{""airtime_us"": 1316}"
4471316,packet_delivered,5,1343,"{""latency_us"": 1318}"
4472500,voice_frame_generated,6,1344,"{""sequence"": 223}"
4472500,tx_start,6,1344,"{""airtime_us"": 1316}"
4473816,packet_delivered,6,1344,"{""latency_us"": 1318}"
4480000,voice_frame_generated,1,1345,"{""sequence"": 224}"
4480000,tx_start,1,1345,"{""airtime_us"": 1316}"
4481316,packet_delivered,1,1345,"{""latency_us"": 1318}"
4482500,voice_frame_generated,2,1346,"{""sequence"": 224}"
4482500,tx_start,2,1346,"{""airtime_us"": 1316}"
4483816,packet_delivered,2,1346,"{""latency_us"": 1318}"
4485000,voice_frame_generated,3,1347,"{""sequence"": 224}"
4485000,tx_start,3,1347,"{""airtime_us"": 1316}"
4486316,packet_delivered,3,1347,"{""latency_us"": 1318}"
4487500,voice_frame_generated,4,1348,"{""sequence"": 224}"
4487500,tx_start,4,1348,"{""airtime_us"": 1316}"
4488816,packet_delivered,4,1348,"{""latency_us"": 1318}"
4490000,voice_frame_generated,5,1349,"{""sequence"": 224}"
4490000,tx_start,5,1349,"{""airtime_us"": 1316}"
4491316,packet_delivered,5,1349,"{""latency_us"": 1318}"
4492500,voice_frame_generated,6,1350,"{""sequence"": 224}"
4492500,tx_start,6,1350,"{""airtime_us"": 1316}"
4493816,packet_delivered,6,1350,"{""latency_us"": 1318}"
4500000,voice_frame_generated,1,1351,"{""sequence"": 225}"
4500000,tx_start,1,1351,"{""airtime_us"": 1316}"
4501316,packet_delivered,1,1351,"{""latency_us"": 1318}"
4502500,voice_frame_generated,2,1352,"{""sequence"": 225}"
4502500,tx_start,2,1352,"{""airtime_us"": 1316}"
4503816,packet_delivered,2,1352,"{""latency_us"": 1318}"
4505000,voice_frame_generated,3,1353,"{""sequence"": 225}"
4505000,tx_start,3,1353,"{""airtime_us"": 1316}"
4506316,packet_delivered,3,1353,"{""latency_us"": 1318}"
4507500,voice_frame_generated,4,1354,"{""sequence"": 225}"
4507500,tx_start,4,1354,"{""airtime_us"": 1316}"
4508816,packet_delivered,4,1354,"{""latency_us"": 1318}"
4510000,voice_frame_generated,5,1355,"{""sequence"": 225}"
4510000,tx_start,5,1355,"{""airtime_us"": 1316}"
4511316,packet_delivered,5,1355,"{""latency_us"": 1318}"
4512500,voice_frame_generated,6,1356,"{""sequence"": 225}"
4512500,tx_start,6,1356,"{""airtime_us"": 1316}"
4513816,packet_delivered,6,1356,"{""latency_us"": 1318}"
4520000,voice_frame_generated,1,1357,"{""sequence"": 226}"
4520000,tx_start,1,1357,"{""airtime_us"": 1316}"
4521316,packet_delivered,1,1357,"{""latency_us"": 1318}"
4522500,voice_frame_generated,2,1358,"{""sequence"": 226}"
4522500,tx_start,2,1358,"{""airtime_us"": 1316}"
4523816,packet_delivered,2,1358,"{""latency_us"": 1318}"
4525000,voice_frame_generated,3,1359,"{""sequence"": 226}"
4525000,tx_start,3,1359,"{""airtime_us"": 1316}"
4526316,packet_delivered,3,1359,"{""latency_us"": 1318}"
4527500,voice_frame_generated,4,1360,"{""sequence"": 226}"
4527500,tx_start,4,1360,"{""airtime_us"": 1316}"
4528816,packet_delivered,4,1360,"{""latency_us"": 1318}"
4530000,voice_frame_generated,5,1361,"{""sequence"": 226}"
4530000,tx_start,5,1361,"{""airtime_us"": 1316}"
4531316,packet_delivered,5,1361,"{""latency_us"": 1318}"
4532500,voice_frame_generated,6,1362,"{""sequence"": 226}"
4532500,tx_start,6,1362,"{""airtime_us"": 1316}"
4533816,packet_delivered,6,1362,"{""latency_us"": 1318}"
4540000,voice_frame_generated,1,1363,"{""sequence"": 227}"
4540000,tx_start,1,1363,"{""airtime_us"": 1316}"
4541316,packet_delivered,1,1363,"{""latency_us"": 1318}"
4542500,voice_frame_generated,2,1364,"{""sequence"": 227}"
4542500,tx_start,2,1364,"{""airtime_us"": 1316}"
4543816,packet_delivered,2,1364,"{""latency_us"": 1318}"
4545000,voice_frame_generated,3,1365,"{""sequence"": 227}"
4545000,tx_start,3,1365,"{""airtime_us"": 1316}"
4546316,packet_delivered,3,1365,"{""latency_us"": 1318}"
4547500,voice_frame_generated,4,1366,"{""sequence"": 227}"
4547500,tx_start,4,1366,"{""airtime_us"": 1316}"
4548816,packet_delivered,4,1366,"{""latency_us"": 1318}"
4550000,voice_frame_generated,5,1367,"{""sequence"": 227}"
4550000,tx_start,5,1367,"{""airtime_us"": 1316}"
4551316,packet_delivered,5,1367,"{""latency_us"": 1318}"
4552500,voice_frame_generated,6,1368,"{""sequence"": 227}"
4552500,tx_start,6,1368,"{""airtime_us"": 1316}"
4553816,packet_delivered,6,1368,"{""latency_us"": 1318}"
4560000,voice_frame_generated,1,1369,"{""sequence"": 228}"
4560000,tx_start,1,1369,"{""airtime_us"": 1316}"
4561316,packet_delivered,1,1369,"{""latency_us"": 1318}"
4562500,voice_frame_generated,2,1370,"{""sequence"": 228}"
4562500,tx_start,2,1370,"{""airtime_us"": 1316}"
4563816,packet_delivered,2,1370,"{""latency_us"": 1318}"
4565000,voice_frame_generated,3,1371,"{""sequence"": 228}"
4565000,tx_start,3,1371,"{""airtime_us"": 1316}"
4566316,packet_delivered,3,1371,"{""latency_us"": 1318}"
4567500,voice_frame_generated,4,1372,"{""sequence"": 228}"
4567500,tx_start,4,1372,"{""airtime_us"": 1316}"
4568816,packet_delivered,4,1372,"{""latency_us"": 1318}"
4570000,voice_frame_generated,5,1373,"{""sequence"": 228}"
4570000,tx_start,5,1373,"{""airtime_us"": 1316}"
4571316,packet_delivered,5,1373,"{""latency_us"": 1318}"
4572500,voice_frame_generated,6,1374,"{""sequence"": 228}"
4572500,tx_start,6,1374,"{""airtime_us"": 1316}"
4573816,packet_delivered,6,1374,"{""latency_us"": 1318}"
4580000,voice_frame_generated,1,1375,"{""sequence"": 229}"
4580000,tx_start,1,1375,"{""airtime_us"": 1316}"
4581316,packet_delivered,1,1375,"{""latency_us"": 1318}"
4582500,voice_frame_generated,2,1376,"{""sequence"": 229}"
4582500,tx_start,2,1376,"{""airtime_us"": 1316}"
4583816,packet_delivered,2,1376,"{""latency_us"": 1318}"
4585000,voice_frame_generated,3,1377,"{""sequence"": 229}"
4585000,tx_start,3,1377,"{""airtime_us"": 1316}"
4586316,packet_delivered,3,1377,"{""latency_us"": 1318}"
4587500,voice_frame_generated,4,1378,"{""sequence"": 229}"
4587500,tx_start,4,1378,"{""airtime_us"": 1316}"
4588816,packet_delivered,4,1378,"{""latency_us"": 1318}"
4590000,voice_frame_generated,5,1379,"{""sequence"": 229}"
4590000,tx_start,5,1379,"{""airtime_us"": 1316}"
4591316,packet_delivered,5,1379,"{""latency_us"": 1318}"
4592500,voice_frame_generated,6,1380,"{""sequence"": 229}"
4592500,tx_start,6,1380,"{""airtime_us"": 1316}"
4593816,packet_delivered,6,1380,"{""latency_us"": 1318}"
4600000,voice_frame_generated,1,1381,"{""sequence"": 230}"
4600000,tx_start,1,1381,"{""airtime_us"": 1316}"
4601316,packet_delivered,1,1381,"{""latency_us"": 1318}"
4602500,voice_frame_generated,2,1382,"{""sequence"": 230}"
4602500,tx_start,2,1382,"{""airtime_us"": 1316}"
4603816,packet_delivered,2,1382,"{""latency_us"": 1318}"
4605000,voice_frame_generated,3,1383,"{""sequence"": 230}"
4605000,tx_start,3,1383,"{""airtime_us"": 1316}"
4606316,packet_delivered,3,1383,"{""latency_us"": 1318}"
4607500,voice_frame_generated,4,1384,"{""sequence"": 230}"
4607500,tx_start,4,1384,"{""airtime_us"": 1316}"
4608816,packet_delivered,4,1384,"{""latency_us"": 1318}"
4610000,voice_frame_generated,5,1385,"{""sequence"": 230}"
4610000,tx_start,5,1385,"{""airtime_us"": 1316}"
4611316,packet_delivered,5,1385,"{""latency_us"": 1318}"
4612500,voice_frame_generated,6,1386,"{""sequence"": 230}"
4612500,tx_start,6,1386,"{""airtime_us"": 1316}"
4613816,packet_delivered,6,1386,"{""latency_us"": 1318}"
4620000,voice_frame_generated,1,1387,"{""sequence"": 231}"
4620000,tx_start,1,1387,"{""airtime_us"": 1316}"
4621316,packet_delivered,1,1387,"{""latency_us"": 1318}"
4622500,voice_frame_generated,2,1388,"{""sequence"": 231}"
4622500,tx_start,2,1388,"{""airtime_us"": 1316}"
4623816,packet_delivered,2,1388,"{""latency_us"": 1318}"
4625000,voice_frame_generated,3,1389,"{""sequence"": 231}"
4625000,tx_start,3,1389,"{""airtime_us"": 1316}"
4626316,packet_delivered,3,1389,"{""latency_us"": 1318}"
4627500,voice_frame_generated,4,1390,"{""sequence"": 231}"
4627500,tx_start,4,1390,"{""airtime_us"": 1316}"
4628816,packet_delivered,4,1390,"{""latency_us"": 1318}"
4630000,voice_frame_generated,5,1391,"{""sequence"": 231}"
4630000,tx_start,5,1391,"{""airtime_us"": 1316}"
4631316,packet_delivered,5,1391,"{""latency_us"": 1318}"
4632500,voice_frame_generated,6,1392,"{""sequence"": 231}"
4632500,tx_start,6,1392,"{""airtime_us"": 1316}"
4633816,packet_delivered,6,1392,"{""latency_us"": 1318}"
4640000,voice_frame_generated,1,1393,"{""sequence"": 232}"
4640000,tx_start,1,1393,"{""airtime_us"": 1316}"
4641316,packet_delivered,1,1393,"{""latency_us"": 1318}"
4642500,voice_frame_generated,2,1394,"{""sequence"": 232}"
4642500,tx_start,2,1394,"{""airtime_us"": 1316}"
4643816,packet_delivered,2,1394,"{""latency_us"": 1318}"
4645000,voice_frame_generated,3,1395,"{""sequence"": 232}"
4645000,tx_start,3,1395,"{""airtime_us"": 1316}"
4646316,packet_delivered,3,1395,"{""latency_us"": 1318}"
4647500,voice_frame_generated,4,1396,"{""sequence"": 232}"
4647500,tx_start,4,1396,"{""airtime_us"": 1316}"
4648816,packet_delivered,4,1396,"{""latency_us"": 1318}"
4650000,voice_frame_generated,5,1397,"{""sequence"": 232}"
4650000,tx_start,5,1397,"{""airtime_us"": 1316}"
4651316,packet_delivered,5,1397,"{""latency_us"": 1318}"
4652500,voice_frame_generated,6,1398,"{""sequence"": 232}"
4652500,tx_start,6,1398,"{""airtime_us"": 1316}"
4653816,packet_delivered,6,1398,"{""latency_us"": 1318}"
4660000,voice_frame_generated,1,1399,"{""sequence"": 233}"
4660000,tx_start,1,1399,"{""airtime_us"": 1316}"
4661316,packet_delivered,1,1399,"{""latency_us"": 1318}"
4662500,voice_frame_generated,2,1400,"{""sequence"": 233}"
4662500,tx_start,2,1400,"{""airtime_us"": 1316}"
4663816,packet_delivered,2,1400,"{""latency_us"": 1318}"
4665000,voice_frame_generated,3,1401,"{""sequence"": 233}"
4665000,tx_start,3,1401,"{""airtime_us"": 1316}"
4666316,packet_delivered,3,1401,"{""latency_us"": 1318}"
4667500,voice_frame_generated,4,1402,"{""sequence"": 233}"
4667500,tx_start,4,1402,"{""airtime_us"": 1316}"
4668816,packet_delivered,4,1402,"{""latency_us"": 1318}"
4670000,voice_frame_generated,5,1403,"{""sequence"": 233}"
4670000,tx_start,5,1403,"{""airtime_us"": 1316}"
4671316,packet_delivered,5,1403,"{""latency_us"": 1318}"
4672500,voice_frame_generated,6,1404,"{""sequence"": 233}"
4672500,tx_start,6,1404,"{""airtime_us"": 1316}"
4673816,packet_delivered,6,1404,"{""latency_us"": 1318}"
4680000,voice_frame_generated,1,1405,"{""sequence"": 234}"
4680000,tx_start,1,1405,"{""airtime_us"": 1316}"
4681316,packet_delivered,1,1405,"{""latency_us"": 1318}"
4682500,voice_frame_generated,2,1406,"{""sequence"": 234}"
4682500,tx_start,2,1406,"{""airtime_us"": 1316}"
4683816,packet_delivered,2,1406,"{""latency_us"": 1318}"
4685000,voice_frame_generated,3,1407,"{""sequence"": 234}"
4685000,tx_start,3,1407,"{""airtime_us"": 1316}"
4686316,packet_delivered,3,1407,"{""latency_us"": 1318}"
4687500,voice_frame_generated,4,1408,"{""sequence"": 234}"
4687500,tx_start,4,1408,"{""airtime_us"": 1316}"
4688816,packet_delivered,4,1408,"{""latency_us"": 1318}"
4690000,voice_frame_generated,5,1409,"{""sequence"": 234}"
4690000,tx_start,5,1409,"{""airtime_us"": 1316}"
4691316,packet_delivered,5,1409,"{""latency_us"": 1318}"
4692500,voice_frame_generated,6,1410,"{""sequence"": 234}"
4692500,tx_start,6,1410,"{""airtime_us"": 1316}"
4693816,packet_delivered,6,1410,"{""latency_us"": 1318}"
4700000,voice_frame_generated,1,1411,"{""sequence"": 235}"
4700000,tx_start,1,1411,"{""airtime_us"": 1316}"
4701316,packet_delivered,1,1411,"{""latency_us"": 1318}"
4702500,voice_frame_generated,2,1412,"{""sequence"": 235}"
4702500,tx_start,2,1412,"{""airtime_us"": 1316}"
4703816,packet_delivered,2,1412,"{""latency_us"": 1318}"
4705000,voice_frame_generated,3,1413,"{""sequence"": 235}"
4705000,tx_start,3,1413,"{""airtime_us"": 1316}"
4706316,packet_delivered,3,1413,"{""latency_us"": 1318}"
4707500,voice_frame_generated,4,1414,"{""sequence"": 235}"
4707500,tx_start,4,1414,"{""airtime_us"": 1316}"
4708816,packet_delivered,4,1414,"{""latency_us"": 1318}"
4710000,voice_frame_generated,5,1415,"{""sequence"": 235}"
4710000,tx_start,5,1415,"{""airtime_us"": 1316}"
4711316,packet_delivered,5,1415,"{""latency_us"": 1318}"
4712500,voice_frame_generated,6,1416,"{""sequence"": 235}"
4712500,tx_start,6,1416,"{""airtime_us"": 1316}"
4713816,packet_delivered,6,1416,"{""latency_us"": 1318}"
4720000,voice_frame_generated,1,1417,"{""sequence"": 236}"
4720000,tx_start,1,1417,"{""airtime_us"": 1316}"
4721316,packet_delivered,1,1417,"{""latency_us"": 1318}"
4722500,voice_frame_generated,2,1418,"{""sequence"": 236}"
4722500,tx_start,2,1418,"{""airtime_us"": 1316}"
4723816,packet_delivered,2,1418,"{""latency_us"": 1318}"
4725000,voice_frame_generated,3,1419,"{""sequence"": 236}"
4725000,tx_start,3,1419,"{""airtime_us"": 1316}"
4726316,packet_delivered,3,1419,"{""latency_us"": 1318}"
4727500,voice_frame_generated,4,1420,"{""sequence"": 236}"
4727500,tx_start,4,1420,"{""airtime_us"": 1316}"
4728816,packet_delivered,4,1420,"{""latency_us"": 1318}"
4730000,voice_frame_generated,5,1421,"{""sequence"": 236}"
4730000,tx_start,5,1421,"{""airtime_us"": 1316}"
4731316,packet_delivered,5,1421,"{""latency_us"": 1318}"
4732500,voice_frame_generated,6,1422,"{""sequence"": 236}"
4732500,tx_start,6,1422,"{""airtime_us"": 1316}"
4733816,packet_delivered,6,1422,"{""latency_us"": 1318}"
4740000,voice_frame_generated,1,1423,"{""sequence"": 237}"
4740000,tx_start,1,1423,"{""airtime_us"": 1316}"
4741316,packet_delivered,1,1423,"{""latency_us"": 1318}"
4742500,voice_frame_generated,2,1424,"{""sequence"": 237}"
4742500,tx_start,2,1424,"{""airtime_us"": 1316}"
4743816,packet_delivered,2,1424,"{""latency_us"": 1318}"
4745000,voice_frame_generated,3,1425,"{""sequence"": 237}"
4745000,tx_start,3,1425,"{""airtime_us"": 1316}"
4746316,packet_delivered,3,1425,"{""latency_us"": 1318}"
4747500,voice_frame_generated,4,1426,"{""sequence"": 237}"
4747500,tx_start,4,1426,"{""airtime_us"": 1316}"
4748816,packet_delivered,4,1426,"{""latency_us"": 1318}"
4750000,voice_frame_generated,5,1427,"{""sequence"": 237}"
4750000,tx_start,5,1427,"{""airtime_us"": 1316}"
4751316,packet_delivered,5,1427,"{""latency_us"": 1318}"
4752500,voice_frame_generated,6,1428,"{""sequence"": 237}"
4752500,tx_start,6,1428,"{""airtime_us"": 1316}"
4753816,packet_delivered,6,1428,"{""latency_us"": 1318}"
4760000,voice_frame_generated,1,1429,"{""sequence"": 238}"
4760000,tx_start,1,1429,"{""airtime_us"": 1316}"
4761316,packet_delivered,1,1429,"{""latency_us"": 1318}"
4762500,voice_frame_generated,2,1430,"{""sequence"": 238}"
4762500,tx_start,2,1430,"{""airtime_us"": 1316}"
4763816,packet_delivered,2,1430,"{""latency_us"": 1318}"
4765000,voice_frame_generated,3,1431,"{""sequence"": 238}"
4765000,tx_start,3,1431,"{""airtime_us"": 1316}"
4766316,packet_delivered,3,1431,"{""latency_us"": 1318}"
4767500,voice_frame_generated,4,1432,"{""sequence"": 238}"
4767500,tx_start,4,1432,"{""airtime_us"": 1316}"
4768816,packet_delivered,4,1432,"{""latency_us"": 1318}"
4770000,voice_frame_generated,5,1433,"{""sequence"": 238}"
4770000,tx_start,5,1433,"{""airtime_us"": 1316}"
4771316,packet_delivered,5,1433,"{""latency_us"": 1318}"
4772500,voice_frame_generated,6,1434,"{""sequence"": 238}"
4772500,tx_start,6,1434,"{""airtime_us"": 1316}"
4773816,packet_delivered,6,1434,"{""latency_us"": 1318}"
4780000,voice_frame_generated,1,1435,"{""sequence"": 239}"
4780000,tx_start,1,1435,"{""airtime_us"": 1316}"
4781316,packet_delivered,1,1435,"{""latency_us"": 1318}"
4782500,voice_frame_generated,2,1436,"{""sequence"": 239}"
4782500,tx_start,2,1436,"{""airtime_us"": 1316}"
4783816,packet_delivered,2,1436,"{""latency_us"": 1318}"
4785000,voice_frame_generated,3,1437,"{""sequence"": 239}"
4785000,tx_start,3,1437,"{""airtime_us"": 1316}"
4786316,packet_delivered,3,1437,"{""latency_us"": 1318}"
4787500,voice_frame_generated,4,1438,"{""sequence"": 239}"
4787500,tx_start,4,1438,"{""airtime_us"": 1316}"
4788816,packet_delivered,4,1438,"{""latency_us"": 1318}"
4790000,voice_frame_generated,5,1439,"{""sequence"": 239}"
4790000,tx_start,5,1439,"{""airtime_us"": 1316}"
4791316,packet_delivered,5,1439,"{""latency_us"": 1318}"
4792500,voice_frame_generated,6,1440,"{""sequence"": 239}"
4792500,tx_start,6,1440,"{""airtime_us"": 1316}"
4793816,packet_delivered,6,1440,"{""latency_us"": 1318}"
4800000,voice_frame_generated,1,1441,"{""sequence"": 240}"
4800000,tx_start,1,1441,"{""airtime_us"": 1316}"
4801316,packet_delivered,1,1441,"{""latency_us"": 1318}"
4802500,voice_frame_generated,2,1442,"{""sequence"": 240}"
4802500,tx_start,2,1442,"{""airtime_us"": 1316}"
4803816,packet_delivered,2,1442,"{""latency_us"": 1318}"
4805000,voice_frame_generated,3,1443,"{""sequence"": 240}"
4805000,tx_start,3,1443,"{""airtime_us"": 1316}"
4806316,packet_delivered,3,1443,"{""latency_us"": 1318}"
4807500,voice_frame_generated,4,1444,"{""sequence"": 240}"
4807500,tx_start,4,1444,"{""airtime_us"": 1316}"
4808816,packet_delivered,4,1444,"{""latency_us"": 1318}"
4810000,voice_frame_generated,5,1445,"{""sequence"": 240}"
4810000,tx_start,5,1445,"{""airtime_us"": 1316}"
4811316,packet_delivered,5,1445,"{""latency_us"": 1318}"
4812500,voice_frame_generated,6,1446,"{""sequence"": 240}"
4812500,tx_start,6,1446,"{""airtime_us"": 1316}"
4813816,packet_delivered,6,1446,"{""latency_us"": 1318}"
4820000,voice_frame_generated,1,1447,"{""sequence"": 241}"
4820000,tx_start,1,1447,"{""airtime_us"": 1316}"
4821316,packet_delivered,1,1447,"{""latency_us"": 1318}"
4822500,voice_frame_generated,2,1448,"{""sequence"": 241}"
4822500,tx_start,2,1448,"{""airtime_us"": 1316}"
4823816,packet_delivered,2,1448,"{""latency_us"": 1318}"
4825000,voice_frame_generated,3,1449,"{""sequence"": 241}"
4825000,tx_start,3,1449,"{""airtime_us"": 1316}"
4826316,packet_delivered,3,1449,"{""latency_us"": 1318}"
4827500,voice_frame_generated,4,1450,"{""sequence"": 241}"
4827500,tx_start,4,1450,"{""airtime_us"": 1316}"
4828816,packet_delivered,4,1450,"{""latency_us"": 1318}"
4830000,voice_frame_generated,5,1451,"{""sequence"": 241}"
4830000,tx_start,5,1451,"{""airtime_us"": 1316}"
4831316,packet_delivered,5,1451,"{""latency_us"": 1318}"
4832500,voice_frame_generated,6,1452,"{""sequence"": 241}"
4832500,tx_start,6,1452,"{""airtime_us"": 1316}"
4833816,packet_delivered,6,1452,"{""latency_us"": 1318}"
4840000,voice_frame_generated,1,1453,"{""sequence"": 242}"
4840000,tx_start,1,1453,"{""airtime_us"": 1316}"
4841316,packet_delivered,1,1453,"{""latency_us"": 1318}"
4842500,voice_frame_generated,2,1454,"{""sequence"": 242}"
4842500,tx_start,2,1454,"{""airtime_us"": 1316}"
4843816,packet_delivered,2,1454,"{""latency_us"": 1318}"
4845000,voice_frame_generated,3,1455,"{""sequence"": 242}"
4845000,tx_start,3,1455,"{""airtime_us"": 1316}"
4846316,packet_delivered,3,1455,"{""latency_us"": 1318}"
4847500,voice_frame_generated,4,1456,"{""sequence"": 242}"
4847500,tx_start,4,1456,"{""airtime_us"": 1316}"
4848816,packet_delivered,4,1456,"{""latency_us"": 1318}"
4850000,voice_frame_generated,5,1457,"{""sequence"": 242}"
4850000,tx_start,5,1457,"{""airtime_us"": 1316}"
4851316,packet_delivered,5,1457,"{""latency_us"": 1318}"
4852500,voice_frame_generated,6,1458,"{""sequence"": 242}"
4852500,tx_start,6,1458,"{""airtime_us"": 1316}"
4853816,packet_delivered,6,1458,"{""latency_us"": 1318}"
4860000,voice_frame_generated,1,1459,"{""sequence"": 243}"
4860000,tx_start,1,1459,"{""airtime_us"": 1316}"
4861316,packet_delivered,1,1459,"{""latency_us"": 1318}"
4862500,voice_frame_generated,2,1460,"{""sequence"": 243}"
4862500,tx_start,2,1460,"{""airtime_us"": 1316}"
4863816,packet_delivered,2,1460,"{""latency_us"": 1318}"
4865000,voice_frame_generated,3,1461,"{""sequence"": 243}"
4865000,tx_start,3,1461,"{""airtime_us"": 1316}"
4866316,packet_delivered,3,1461,"{""latency_us"": 1318}"
4867500,voice_frame_generated,4,1462,"{""sequence"": 243}"
4867500,tx_start,4,1462,"{""airtime_us"": 1316}"
4868816,packet_delivered,4,1462,"{""latency_us"": 1318}"
4870000,voice_frame_generated,5,1463,"{""sequence"": 243}"
4870000,tx_start,5,1463,"{""airtime_us"": 1316}"
4871316,packet_delivered,5,1463,"{""latency_us"": 1318}"
4872500,voice_frame_generated,6,1464,"{""sequence"": 243}"
4872500,tx_start,6,1464,"{""airtime_us"": 1316}"
4873816,packet_delivered,6,1464,"{""latency_us"": 1318}"
4880000,voice_frame_generated,1,1465,"{""sequence"": 244}"
4880000,tx_start,1,1465,"{""airtime_us"": 1316}"
4881316,packet_delivered,1,1465,"{""latency_us"": 1318}"
4882500,voice_frame_generated,2,1466,"{""sequence"": 244}"
4882500,tx_start,2,1466,"{""airtime_us"": 1316}"
4883816,packet_delivered,2,1466,"{""latency_us"": 1318}"
4885000,voice_frame_generated,3,1467,"{""sequence"": 244}"
4885000,tx_start,3,1467,"{""airtime_us"": 1316}"
4886316,packet_delivered,3,1467,"{""latency_us"": 1318}"
4887500,voice_frame_generated,4,1468,"{""sequence"": 244}"
4887500,tx_start,4,1468,"{""airtime_us"": 1316}"
4888816,packet_delivered,4,1468,"{""latency_us"": 1318}"
4890000,voice_frame_generated,5,1469,"{""sequence"": 244}"
4890000,tx_start,5,1469,"{""airtime_us"": 1316}"
4891316,packet_delivered,5,1469,"{""latency_us"": 1318}"
4892500,voice_frame_generated,6,1470,"{""sequence"": 244}"
4892500,tx_start,6,1470,"{""airtime_us"": 1316}"
4893816,packet_delivered,6,1470,"{""latency_us"": 1318}"
4900000,voice_frame_generated,1,1471,"{""sequence"": 245}"
4900000,tx_start,1,1471,"{""airtime_us"": 1316}"
4901316,packet_delivered,1,1471,"{""latency_us"": 1318}"
4902500,voice_frame_generated,2,1472,"{""sequence"": 245}"
4902500,tx_start,2,1472,"{""airtime_us"": 1316}"
4903816,packet_delivered,2,1472,"{""latency_us"": 1318}"
4905000,voice_frame_generated,3,1473,"{""sequence"": 245}"
4905000,tx_start,3,1473,"{""airtime_us"": 1316}"
4906316,packet_delivered,3,1473,"{""latency_us"": 1318}"
4907500,voice_frame_generated,4,1474,"{""sequence"": 245}"
4907500,tx_start,4,1474,"{""airtime_us"": 1316}"
4908816,packet_delivered,4,1474,"{""latency_us"": 1318}"
4910000,voice_frame_generated,5,1475,"{""sequence"": 245}"
4910000,tx_start,5,1475,"{""airtime_us"": 1316}"
4911316,packet_delivered,5,1475,"{""latency_us"": 1318}"
4912500,voice_frame_generated,6,1476,"{""sequence"": 245}"
4912500,tx_start,6,1476,"{""airtime_us"": 1316}"
4913816,packet_delivered,6,1476,"{""latency_us"": 1318}"
4920000,voice_frame_generated,1,1477,"{""sequence"": 246}"
4920000,tx_start,1,1477,"{""airtime_us"": 1316}"
4921316,packet_delivered,1,1477,"{""latency_us"": 1318}"
4922500,voice_frame_generated,2,1478,"{""sequence"": 246}"
4922500,tx_start,2,1478,"{""airtime_us"": 1316}"
4923816,packet_delivered,2,1478,"{""latency_us"": 1318}"
4925000,voice_frame_generated,3,1479,"{""sequence"": 246}"
4925000,tx_start,3,1479,"{""airtime_us"": 1316}"
4926316,packet_delivered,3,1479,"{""latency_us"": 1318}"
4927500,voice_frame_generated,4,1480,"{""sequence"": 246}"
4927500,tx_start,4,1480,"{""airtime_us"": 1316}"
4928816,packet_delivered,4,1480,"{""latency_us"": 1318}"
4930000,voice_frame_generated,5,1481,"{""sequence"": 246}"
4930000,tx_start,5,1481,"{""airtime_us"": 1316}"
4931316,packet_delivered,5,1481,"{""latency_us"": 1318}"
4932500,voice_frame_generated,6,1482,"{""sequence"": 246}"
4932500,tx_start,6,1482,"{""airtime_us"": 1316}"
4933816,packet_delivered,6,1482,"{""latency_us"": 1318}"
4940000,voice_frame_generated,1,1483,"{""sequence"": 247}"
4940000,tx_start,1,1483,"{""airtime_us"": 1316}"
4941316,packet_delivered,1,1483,"{""latency_us"": 1318}"
4942500,voice_frame_generated,2,1484,"{""sequence"": 247}"
4942500,tx_start,2,1484,"{""airtime_us"": 1316}"
4943816,packet_delivered,2,1484,"{""latency_us"": 1318}"
4945000,voice_frame_generated,3,1485,"{""sequence"": 247}"
4945000,tx_start,3,1485,"{""airtime_us"": 1316}"
4946316,packet_delivered,3,1485,"{""latency_us"": 1318}"
4947500,voice_frame_generated,4,1486,"{""sequence"": 247}"
4947500,tx_start,4,1486,"{""airtime_us"": 1316}"
4948816,packet_delivered,4,1486,"{""latency_us"": 1318}"
4950000,voice_frame_generated,5,1487,"{""sequence"": 247}"
4950000,tx_start,5,1487,"{""airtime_us"": 1316}"
4951316,packet_delivered,5,1487,"{""latency_us"": 1318}"
4952500,voice_frame_generated,6,1488,"{""sequence"": 247}"
4952500,tx_start,6,1488,"{""airtime_us"": 1316}"
4953816,packet_delivered,6,1488,"{""latency_us"": 1318}"
4960000,voice_frame_generated,1,1489,"{""sequence"": 248}"
4960000,tx_start,1,1489,"{""airtime_us"": 1316}"
4961316,packet_delivered,1,1489,"{""latency_us"": 1318}"
4962500,voice_frame_generated,2,1490,"{""sequence"": 248}"
4962500,tx_start,2,1490,"{""airtime_us"": 1316}"
4963816,packet_delivered,2,1490,"{""latency_us"": 1318}"
4965000,voice_frame_generated,3,1491,"{""sequence"": 248}"
4965000,tx_start,3,1491,"{""airtime_us"": 1316}"
4966316,packet_delivered,3,1491,"{""latency_us"": 1318}"
4967500,voice_frame_generated,4,1492,"{""sequence"": 248}"
4967500,tx_start,4,1492,"{""airtime_us"": 1316}"
4968816,packet_delivered,4,1492,"{""latency_us"": 1318}"
4970000,voice_frame_generated,5,1493,"{""sequence"": 248}"
4970000,tx_start,5,1493,"{""airtime_us"": 1316}"
4971316,packet_delivered,5,1493,"{""latency_us"": 1318}"
4972500,voice_frame_generated,6,1494,"{""sequence"": 248}"
4972500,tx_start,6,1494,"{""airtime_us"": 1316}"
4973816,packet_delivered,6,1494,"{""latency_us"": 1318}"
4980000,voice_frame_generated,1,1495,"{""sequence"": 249}"
4980000,tx_start,1,1495,"{""airtime_us"": 1316}"
4981316,packet_delivered,1,1495,"{""latency_us"": 1318}"
4982500,voice_frame_generated,2,1496,"{""sequence"": 249}"
4982500,tx_start,2,1496,"{""airtime_us"": 1316}"
4983816,packet_delivered,2,1496,"{""latency_us"": 1318}"
4985000,voice_frame_generated,3,1497,"{""sequence"": 249}"
4985000,tx_start,3,1497,"{""airtime_us"": 1316}"
4986316,packet_delivered,3,1497,"{""latency_us"": 1318}"
4987500,voice_frame_generated,4,1498,"{""sequence"": 249}"
4987500,tx_start,4,1498,"{""airtime_us"": 1316}"
4988816,packet_delivered,4,1498,"{""latency_us"": 1318}"
4990000,voice_frame_generated,5,1499,"{""sequence"": 249}"
4990000,tx_start,5,1499,"{""airtime_us"": 1316}"
4991316,packet_delivered,5,1499,"{""latency_us"": 1318}"
4992500,voice_frame_generated,6,1500,"{""sequence"": 249}"
4992500,tx_start,6,1500,"{""airtime_us"": 1316}"
4993816,packet_delivered,6,1500,"{""latency_us"": 1318}"
5000000,voice_frame_generated,1,1501,"{""sequence"": 250}"
5000000,tx_start,1,1501,"{""airtime_us"": 1316}"
5001316,packet_delivered,1,1501,"{""latency_us"": 1318}"
5002500,voice_frame_generated,2,1502,"{""sequence"": 250}"
5002500,tx_start,2,1502,"{""airtime_us"": 1316}"
5003816,packet_delivered,2,1502,"{""latency_us"": 1318}"
5005000,voice_frame_generated,3,1503,"{""sequence"": 250}"
5005000,tx_start,3,1503,"{""airtime_us"": 1316}"
5006316,packet_delivered,3,1503,"{""latency_us"": 1318}"
5007500,voice_frame_generated,4,1504,"{""sequence"": 250}"
5007500,tx_start,4,1504,"{""airtime_us"": 1316}"
5008816,packet_delivered,4,1504,"{""latency_us"": 1318}"
5010000,voice_frame_generated,5,1505,"{""sequence"": 250}"
5010000,tx_start,5,1505,"{""airtime_us"": 1316}"
5011316,packet_delivered,5,1505,"{""latency_us"": 1318}"
5012500,voice_frame_generated,6,1506,"{""sequence"": 250}"
5012500,tx_start,6,1506,"{""airtime_us"": 1316}"
5013816,packet_delivered,6,1506,"{""latency_us"": 1318}"
5020000,voice_frame_generated,1,1507,"{""sequence"": 251}"
5020000,tx_start,1,1507,"{""airtime_us"": 1316}"
5021316,packet_delivered,1,1507,"{""latency_us"": 1318}"
5022500,voice_frame_generated,2,1508,"{""sequence"": 251}"
5022500,tx_start,2,1508,"{""airtime_us"": 1316}"
5023816,packet_delivered,2,1508,"{""latency_us"": 1318}"
5025000,voice_frame_generated,3,1509,"{""sequence"": 251}"
5025000,tx_start,3,1509,"{""airtime_us"": 1316}"
5026316,packet_delivered,3,1509,"{""latency_us"": 1318}"
5027500,voice_frame_generated,4,1510,"{""sequence"": 251}"
5027500,tx_start,4,1510,"{""airtime_us"": 1316}"
5028816,packet_delivered,4,1510,"{""latency_us"": 1318}"
5030000,voice_frame_generated,5,1511,"{""sequence"": 251}"
5030000,tx_start,5,1511,"{""airtime_us"": 1316}"
5031316,packet_delivered,5,1511,"{""latency_us"": 1318}"
5032500,voice_frame_generated,6,1512,"{""sequence"": 251}"
5032500,tx_start,6,1512,"{""airtime_us"": 1316}"
5033816,packet_delivered,6,1512,"{""latency_us"": 1318}"
5040000,voice_frame_generated,1,1513,"{""sequence"": 252}"
5040000,tx_start,1,1513,"{""airtime_us"": 1316}"
5041316,packet_delivered,1,1513,"{""latency_us"": 1318}"
5042500,voice_frame_generated,2,1514,"{""sequence"": 252}"
5042500,tx_start,2,1514,"{""airtime_us"": 1316}"
5043816,packet_delivered,2,1514,"{""latency_us"": 1318}"
5045000,voice_frame_generated,3,1515,"{""sequence"": 252}"
5045000,tx_start,3,1515,"{""airtime_us"": 1316}"
5046316,packet_delivered,3,1515,"{""latency_us"": 1318}"
5047500,voice_frame_generated,4,1516,"{""sequence"": 252}"
5047500,tx_start,4,1516,"{""airtime_us"": 1316}"
5048816,packet_delivered,4,1516,"{""latency_us"": 1318}"
5050000,voice_frame_generated,5,1517,"{""sequence"": 252}"
5050000,tx_start,5,1517,"{""airtime_us"": 1316}"
5051316,packet_delivered,5,1517,"{""latency_us"": 1318}"
5052500,voice_frame_generated,6,1518,"{""sequence"": 252}"
5052500,tx_start,6,1518,"{""airtime_us"": 1316}"
5053816,packet_delivered,6,1518,"{""latency_us"": 1318}"
5060000,voice_frame_generated,1,1519,"{""sequence"": 253}"
5060000,tx_start,1,1519,"{""airtime_us"": 1316}"
5061316,packet_delivered,1,1519,"{""latency_us"": 1318}"
5062500,voice_frame_generated,2,1520,"{""sequence"": 253}"
5062500,tx_start,2,1520,"{""airtime_us"": 1316}"
5063816,packet_delivered,2,1520,"{""latency_us"": 1318}"
5065000,voice_frame_generated,3,1521,"{""sequence"": 253}"
5065000,tx_start,3,1521,"{""airtime_us"": 1316}"
5066316,packet_delivered,3,1521,"{""latency_us"": 1318}"
5067500,voice_frame_generated,4,1522,"{""sequence"": 253}"
5067500,tx_start,4,1522,"{""airtime_us"": 1316}"
5068816,packet_delivered,4,1522,"{""latency_us"": 1318}"
5070000,voice_frame_generated,5,1523,"{""sequence"": 253}"
5070000,tx_start,5,1523,"{""airtime_us"": 1316}"
5071316,packet_delivered,5,1523,"{""latency_us"": 1318}"
5072500,voice_frame_generated,6,1524,"{""sequence"": 253}"
5072500,tx_start,6,1524,"{""airtime_us"": 1316}"
5073816,packet_delivered,6,1524,"{""latency_us"": 1318}"
5080000,voice_frame_generated,1,1525,"{""sequence"": 254}"
5080000,tx_start,1,1525,"{""airtime_us"": 1316}"
5081316,packet_delivered,1,1525,"{""latency_us"": 1318}"
5082500,voice_frame_generated,2,1526,"{""sequence"": 254}"
5082500,tx_start,2,1526,"{""airtime_us"": 1316}"
5083816,packet_delivered,2,1526,"{""latency_us"": 1318}"
5085000,voice_frame_generated,3,1527,"{""sequence"": 254}"
5085000,tx_start,3,1527,"{""airtime_us"": 1316}"
5086316,packet_delivered,3,1527,"{""latency_us"": 1318}"
5087500,voice_frame_generated,4,1528,"{""sequence"": 254}"
5087500,tx_start,4,1528,"{""airtime_us"": 1316}"
5088816,packet_delivered,4,1528,"{""latency_us"": 1318}"
5090000,voice_frame_generated,5,1529,"{""sequence"": 254}"
5090000,tx_start,5,1529,"{""airtime_us"": 1316}"
5091316,packet_delivered,5,1529,"{""latency_us"": 1318}"
5092500,voice_frame_generated,6,1530,"{""sequence"": 254}"
5092500,tx_start,6,1530,"{""airtime_us"": 1316}"
5093816,packet_delivered,6,1530,"{""latency_us"": 1318}"
5100000,voice_frame_generated,1,1531,"{""sequence"": 255}"
5100000,tx_start,1,1531,"{""airtime_us"": 1316}"
5101316,packet_delivered,1,1531,"{""latency_us"": 1318}"
5102500,voice_frame_generated,2,1532,"{""sequence"": 255}"
5102500,tx_start,2,1532,"{""airtime_us"": 1316}"
5103816,packet_delivered,2,1532,"{""latency_us"": 1318}"
5105000,voice_frame_generated,3,1533,"{""sequence"": 255}"
5105000,tx_start,3,1533,"{""airtime_us"": 1316}"
5106316,packet_delivered,3,1533,"{""latency_us"": 1318}"
5107500,voice_frame_generated,4,1534,"{""sequence"": 255}"
5107500,tx_start,4,1534,"{""airtime_us"": 1316}"
5108816,packet_delivered,4,1534,"{""latency_us"": 1318}"
5110000,voice_frame_generated,5,1535,"{""sequence"": 255}"
5110000,tx_start,5,1535,"{""airtime_us"": 1316}"
5111316,packet_delivered,5,1535,"{""latency_us"": 1318}"
5112500,voice_frame_generated,6,1536,"{""sequence"": 255}"
5112500,tx_start,6,1536,"{""airtime_us"": 1316}"
5113816,packet_delivered,6,1536,"{""latency_us"": 1318}"
5120000,voice_frame_generated,1,1537,"{""sequence"": 256}"
5120000,tx_start,1,1537,"{""airtime_us"": 1316}"
5121316,packet_delivered,1,1537,"{""latency_us"": 1318}"
5122500,voice_frame_generated,2,1538,"{""sequence"": 256}"
5122500,tx_start,2,1538,"{""airtime_us"": 1316}"
5123816,packet_delivered,2,1538,"{""latency_us"": 1318}"
5125000,voice_frame_generated,3,1539,"{""sequence"": 256}"
5125000,tx_start,3,1539,"{""airtime_us"": 1316}"
5126316,packet_delivered,3,1539,"{""latency_us"": 1318}"
5127500,voice_frame_generated,4,1540,"{""sequence"": 256}"
5127500,tx_start,4,1540,"{""airtime_us"": 1316}"
5128816,packet_delivered,4,1540,"{""latency_us"": 1318}"
5130000,voice_frame_generated,5,1541,"{""sequence"": 256}"
5130000,tx_start,5,1541,"{""airtime_us"": 1316}"
5131316,packet_delivered,5,1541,"{""latency_us"": 1318}"
5132500,voice_frame_generated,6,1542,"{""sequence"": 256}"
5132500,tx_start,6,1542,"{""airtime_us"": 1316}"
5133816,packet_delivered,6,1542,"{""latency_us"": 1318}"
5140000,voice_frame_generated,1,1543,"{""sequence"": 257}"
5140000,tx_start,1,1543,"{""airtime_us"": 1316}"
5141316,packet_delivered,1,1543,"{""latency_us"": 1318}"
5142500,voice_frame_generated,2,1544,"{""sequence"": 257}"
5142500,tx_start,2,1544,"{""airtime_us"": 1316}"
5143816,packet_delivered,2,1544,"{""latency_us"": 1318}"
5145000,voice_frame_generated,3,1545,"{""sequence"": 257}"
5145000,tx_start,3,1545,"{""airtime_us"": 1316}"
5146316,packet_delivered,3,1545,"{""latency_us"": 1318}"
5147500,voice_frame_generated,4,1546,"{""sequence"": 257}"
5147500,tx_start,4,1546,"{""airtime_us"": 1316}"
5148816,packet_delivered,4,1546,"{""latency_us"": 1318}"
5150000,voice_frame_generated,5,1547,"{""sequence"": 257}"
5150000,tx_start,5,1547,"{""airtime_us"": 1316}"
5151316,packet_delivered,5,1547,"{""latency_us"": 1318}"
5152500,voice_frame_generated,6,1548,"{""sequence"": 257}"
5152500,tx_start,6,1548,"{""airtime_us"": 1316}"
5153816,packet_delivered,6,1548,"{""latency_us"": 1318}"
5160000,voice_frame_generated,1,1549,"{""sequence"": 258}"
5160000,tx_start,1,1549,"{""airtime_us"": 1316}"
5161316,packet_delivered,1,1549,"{""latency_us"": 1318}"
5162500,voice_frame_generated,2,1550,"{""sequence"": 258}"
5162500,tx_start,2,1550,"{""airtime_us"": 1316}"
5163816,packet_delivered,2,1550,"{""latency_us"": 1318}"
5165000,voice_frame_generated,3,1551,"{""sequence"": 258}"
5165000,tx_start,3,1551,"{""airtime_us"": 1316}"
5166316,packet_delivered,3,1551,"{""latency_us"": 1318}"
5167500,voice_frame_generated,4,1552,"{""sequence"": 258}"
5167500,tx_start,4,1552,"{""airtime_us"": 1316}"
5168816,packet_delivered,4,1552,"{""latency_us"": 1318}"
5170000,voice_frame_generated,5,1553,"{""sequence"": 258}"
5170000,tx_start,5,1553,"{""airtime_us"": 1316}"
5171316,packet_delivered,5,1553,"{""latency_us"": 1318}"
5172500,voice_frame_generated,6,1554,"{""sequence"": 258}"
5172500,tx_start,6,1554,"{""airtime_us"": 1316}"
5173816,packet_delivered,6,1554,"{""latency_us"": 1318}"
5180000,voice_frame_generated,1,1555,"{""sequence"": 259}"
5180000,tx_start,1,1555,"{""airtime_us"": 1316}"
5181316,packet_delivered,1,1555,"{""latency_us"": 1318}"
5182500,voice_frame_generated,2,1556,"{""sequence"": 259}"
5182500,tx_start,2,1556,"{""airtime_us"": 1316}"
5183816,packet_delivered,2,1556,"{""latency_us"": 1318}"
5185000,voice_frame_generated,3,1557,"{""sequence"": 259}"
5185000,tx_start,3,1557,"{""airtime_us"": 1316}"
5186316,packet_delivered,3,1557,"{""latency_us"": 1318}"
5187500,voice_frame_generated,4,1558,"{""sequence"": 259}"
5187500,tx_start,4,1558,"{""airtime_us"": 1316}"
5188816,packet_delivered,4,1558,"{""latency_us"": 1318}"
5190000,voice_frame_generated,5,1559,"{""sequence"": 259}"
5190000,tx_start,5,1559,"{""airtime_us"": 1316}"
5191316,packet_delivered,5,1559,"{""latency_us"": 1318}"
5192500,voice_frame_generated,6,1560,"{""sequence"": 259}"
5192500,tx_start,6,1560,"{""airtime_us"": 1316}"
5193816,packet_delivered,6,1560,"{""latency_us"": 1318}"
5200000,voice_frame_generated,1,1561,"{""sequence"": 260}"
5200000,tx_start,1,1561,"{""airtime_us"": 1316}"
5201316,packet_delivered,1,1561,"{""latency_us"": 1318}"
5202500,voice_frame_generated,2,1562,"{""sequence"": 260}"
5202500,tx_start,2,1562,"{""airtime_us"": 1316}"
5203816,packet_delivered,2,1562,"{""latency_us"": 1318}"
5205000,voice_frame_generated,3,1563,"{""sequence"": 260}"
5205000,tx_start,3,1563,"{""airtime_us"": 1316}"
5206316,packet_delivered,3,1563,"{""latency_us"": 1318}"
5207500,voice_frame_generated,4,1564,"{""sequence"": 260}"
5207500,tx_start,4,1564,"{""airtime_us"": 1316}"
5208816,packet_delivered,4,1564,"{""latency_us"": 1318}"
5210000,voice_frame_generated,5,1565,"{""sequence"": 260}"
5210000,tx_start,5,1565,"{""airtime_us"": 1316}"
5211316,packet_delivered,5,1565,"{""latency_us"": 1318}"
5212500,voice_frame_generated,6,1566,"{""sequence"": 260}"
5212500,tx_start,6,1566,"{""airtime_us"": 1316}"
5213816,packet_delivered,6,1566,"{""latency_us"": 1318}"
5220000,voice_frame_generated,1,1567,"{""sequence"": 261}"
5220000,tx_start,1,1567,"{""airtime_us"": 1316}"
5221316,packet_delivered,1,1567,"{""latency_us"": 1318}"
5222500,voice_frame_generated,2,1568,"{""sequence"": 261}"
5222500,tx_start,2,1568,"{""airtime_us"": 1316}"
5223816,packet_delivered,2,1568,"{""latency_us"": 1318}"
5225000,voice_frame_generated,3,1569,"{""sequence"": 261}"
5225000,tx_start,3,1569,"{""airtime_us"": 1316}"
5226316,packet_delivered,3,1569,"{""latency_us"": 1318}"
5227500,voice_frame_generated,4,1570,"{""sequence"": 261}"
5227500,tx_start,4,1570,"{""airtime_us"": 1316}"
5228816,packet_delivered,4,1570,"{""latency_us"": 1318}"
5230000,voice_frame_generated,5,1571,"{""sequence"": 261}"
5230000,tx_start,5,1571,"{""airtime_us"": 1316}"
5231316,packet_delivered,5,1571,"{""latency_us"": 1318}"
5232500,voice_frame_generated,6,1572,"{""sequence"": 261}"
5232500,tx_start,6,1572,"{""airtime_us"": 1316}"
5233816,packet_delivered,6,1572,"{""latency_us"": 1318}"
5240000,voice_frame_generated,1,1573,"{""sequence"": 262}"
5240000,tx_start,1,1573,"{""airtime_us"": 1316}"
5241316,packet_delivered,1,1573,"{""latency_us"": 1318}"
5242500,voice_frame_generated,2,1574,"{""sequence"": 262}"
5242500,tx_start,2,1574,"{""airtime_us"": 1316}"
5243816,packet_delivered,2,1574,"{""latency_us"": 1318}"
5245000,voice_frame_generated,3,1575,"{""sequence"": 262}"
5245000,tx_start,3,1575,"{""airtime_us"": 1316}"
5246316,packet_delivered,3,1575,"{""latency_us"": 1318}"
5247500,voice_frame_generated,4,1576,"{""sequence"": 262}"
5247500,tx_start,4,1576,"{""airtime_us"": 1316}"
5248816,packet_delivered,4,1576,"{""latency_us"": 1318}"
5250000,voice_frame_generated,5,1577,"{""sequence"": 262}"
5250000,tx_start,5,1577,"{""airtime_us"": 1316}"
5251316,packet_delivered,5,1577,"{""latency_us"": 1318}"
5252500,voice_frame_generated,6,1578,"{""sequence"": 262}"
5252500,tx_start,6,1578,"{""airtime_us"": 1316}"
5253816,packet_delivered,6,1578,"{""latency_us"": 1318}"
5260000,voice_frame_generated,1,1579,"{""sequence"": 263}"
5260000,tx_start,1,1579,"{""airtime_us"": 1316}"
5261316,packet_delivered,1,1579,"{""latency_us"": 1318}"
5262500,voice_frame_generated,2,1580,"{""sequence"": 263}"
5262500,tx_start,2,1580,"{""airtime_us"": 1316}"
5263816,packet_delivered,2,1580,"{""latency_us"": 1318}"
5265000,voice_frame_generated,3,1581,"{""sequence"": 263}"
5265000,tx_start,3,1581,"{""airtime_us"": 1316}"
5266316,packet_delivered,3,1581,"{""latency_us"": 1318}"
5267500,voice_frame_generated,4,1582,"{""sequence"": 263}"
5267500,tx_start,4,1582,"{""airtime_us"": 1316}"
5268816,packet_delivered,4,1582,"{""latency_us"": 1318}"
5270000,voice_frame_generated,5,1583,"{""sequence"": 263}"
5270000,tx_start,5,1583,"{""airtime_us"": 1316}"
5271316,packet_delivered,5,1583,"{""latency_us"": 1318}"
5272500,voice_frame_generated,6,1584,"{""sequence"": 263}"
5272500,tx_start,6,1584,"{""airtime_us"": 1316}"
5273816,packet_delivered,6,1584,"{""latency_us"": 1318}"
5280000,voice_frame_generated,1,1585,"{""sequence"": 264}"
5280000,tx_start,1,1585,"{""airtime_us"": 1316}"
5281316,packet_delivered,1,1585,"{""latency_us"": 1318}"
5282500,voice_frame_generated,2,1586,"{""sequence"": 264}"
5282500,tx_start,2,1586,"{""airtime_us"": 1316}"
5283816,packet_delivered,2,1586,"{""latency_us"": 1318}"
5285000,voice_frame_generated,3,1587,"{""sequence"": 264}"
5285000,tx_start,3,1587,"{""airtime_us"": 1316}"
5286316,packet_delivered,3,1587,"{""latency_us"": 1318}"
5287500,voice_frame_generated,4,1588,"{""sequence"": 264}"
5287500,tx_start,4,1588,"{""airtime_us"": 1316}"
5288816,packet_delivered,4,1588,"{""latency_us"": 1318}"
5290000,voice_frame_generated,5,1589,"{""sequence"": 264}"
5290000,tx_start,5,1589,"{""airtime_us"": 1316}"
5291316,packet_delivered,5,1589,"{""latency_us"": 1318}"
5292500,voice_frame_generated,6,1590,"{""sequence"": 264}"
5292500,tx_start,6,1590,"{""airtime_us"": 1316}"
5293816,packet_delivered,6,1590,"{""latency_us"": 1318}"
5300000,voice_frame_generated,1,1591,"{""sequence"": 265}"
5300000,tx_start,1,1591,"{""airtime_us"": 1316}"
5301316,packet_delivered,1,1591,"{""latency_us"": 1318}"
5302500,voice_frame_generated,2,1592,"{""sequence"": 265}"
5302500,tx_start,2,1592,"{""airtime_us"": 1316}"
5303816,packet_delivered,2,1592,"{""latency_us"": 1318}"
5305000,voice_frame_generated,3,1593,"{""sequence"": 265}"
5305000,tx_start,3,1593,"{""airtime_us"": 1316}"
5306316,packet_delivered,3,1593,"{""latency_us"": 1318}"
5307500,voice_frame_generated,4,1594,"{""sequence"": 265}"
5307500,tx_start,4,1594,"{""airtime_us"": 1316}"
5308816,packet_delivered,4,1594,"{""latency_us"": 1318}"
5310000,voice_frame_generated,5,1595,"{""sequence"": 265}"
5310000,tx_start,5,1595,"{""airtime_us"": 1316}"
5311316,packet_delivered,5,1595,"{""latency_us"": 1318}"
5312500,voice_frame_generated,6,1596,"{""sequence"": 265}"
5312500,tx_start,6,1596,"{""airtime_us"": 1316}"
5313816,packet_delivered,6,1596,"{""latency_us"": 1318}"
5320000,voice_frame_generated,1,1597,"{""sequence"": 266}"
5320000,tx_start,1,1597,"{""airtime_us"": 1316}"
5321316,packet_delivered,1,1597,"{""latency_us"": 1318}"
5322500,voice_frame_generated,2,1598,"{""sequence"": 266}"
5322500,tx_start,2,1598,"{""airtime_us"": 1316}"
5323816,packet_delivered,2,1598,"{""latency_us"": 1318}"
5325000,voice_frame_generated,3,1599,"{""sequence"": 266}"
5325000,tx_start,3,1599,"{""airtime_us"": 1316}"
5326316,packet_delivered,3,1599,"{""latency_us"": 1318}"
5327500,voice_frame_generated,4,1600,"{""sequence"": 266}"
5327500,tx_start,4,1600,"{""airtime_us"": 1316}"
5328816,packet_delivered,4,1600,"{""latency_us"": 1318}"
5330000,voice_frame_generated,5,1601,"{""sequence"": 266}"
5330000,tx_start,5,1601,"{""airtime_us"": 1316}"
5331316,packet_delivered,5,1601,"{""latency_us"": 1318}"
5332500,voice_frame_generated,6,1602,"{""sequence"": 266}"
5332500,tx_start,6,1602,"{""airtime_us"": 1316}"
5333816,packet_delivered,6,1602,"{""latency_us"": 1318}"
5340000,voice_frame_generated,1,1603,"{""sequence"": 267}"
5340000,tx_start,1,1603,"{""airtime_us"": 1316}"
5341316,packet_delivered,1,1603,"{""latency_us"": 1318}"
5342500,voice_frame_generated,2,1604,"{""sequence"": 267}"
5342500,tx_start,2,1604,"{""airtime_us"": 1316}"
5343816,packet_delivered,2,1604,"{""latency_us"": 1318}"
5345000,voice_frame_generated,3,1605,"{""sequence"": 267}"
5345000,tx_start,3,1605,"{""airtime_us"": 1316}"
5346316,packet_delivered,3,1605,"{""latency_us"": 1318}"
5347500,voice_frame_generated,4,1606,"{""sequence"": 267}"
5347500,tx_start,4,1606,"{""airtime_us"": 1316}"
5348816,packet_delivered,4,1606,"{""latency_us"": 1318}"
5350000,voice_frame_generated,5,1607,"{""sequence"": 267}"
5350000,tx_start,5,1607,"{""airtime_us"": 1316}"
5351316,packet_delivered,5,1607,"{""latency_us"": 1318}"
5352500,voice_frame_generated,6,1608,"{""sequence"": 267}"
5352500,tx_start,6,1608,"{""airtime_us"": 1316}"
5353816,packet_delivered,6,1608,"{""latency_us"": 1318}"
5360000,voice_frame_generated,1,1609,"{""sequence"": 268}"
5360000,tx_start,1,1609,"{""airtime_us"": 1316}"
5361316,packet_delivered,1,1609,"{""latency_us"": 1318}"
5362500,voice_frame_generated,2,1610,"{""sequence"": 268}"
5362500,tx_start,2,1610,"{""airtime_us"": 1316}"
5363816,packet_delivered,2,1610,"{""latency_us"": 1318}"
5365000,voice_frame_generated,3,1611,"{""sequence"": 268}"
5365000,tx_start,3,1611,"{""airtime_us"": 1316}"
5366316,packet_delivered,3,1611,"{""latency_us"": 1318}"
5367500,voice_frame_generated,4,1612,"{""sequence"": 268}"
5367500,tx_start,4,1612,"{""airtime_us"": 1316}"
5368816,packet_delivered,4,1612,"{""latency_us"": 1318}"
5370000,voice_frame_generated,5,1613,"{""sequence"": 268}"
5370000,tx_start,5,1613,"{""airtime_us"": 1316}"
5371316,packet_delivered,5,1613,"{""latency_us"": 1318}"
5372500,voice_frame_generated,6,1614,"{""sequence"": 268}"
5372500,tx_start,6,1614,"{""airtime_us"": 1316}"
5373816,packet_delivered,6,1614,"{""latency_us"": 1318}"
5380000,voice_frame_generated,1,1615,"{""sequence"": 269}"
5380000,tx_start,1,1615,"{""airtime_us"": 1316}"
5381316,packet_delivered,1,1615,"{""latency_us"": 1318}"
5382500,voice_frame_generated,2,1616,"{""sequence"": 269}"
5382500,tx_start,2,1616,"{""airtime_us"": 1316}"
5383816,packet_delivered,2,1616,"{""latency_us"": 1318}"
5385000,voice_frame_generated,3,1617,"{""sequence"": 269}"
5385000,tx_start,3,1617,"{""airtime_us"": 1316}"
5386316,packet_delivered,3,1617,"{""latency_us"": 1318}"
5387500,voice_frame_generated,4,1618,"{""sequence"": 269}"
5387500,tx_start,4,1618,"{""airtime_us"": 1316}"
5388816,packet_delivered,4,1618,"{""latency_us"": 1318}"
5390000,voice_frame_generated,5,1619,"{""sequence"": 269}"
5390000,tx_start,5,1619,"{""airtime_us"": 1316}"
5391316,packet_delivered,5,1619,"{""latency_us"": 1318}"
5392500,voice_frame_generated,6,1620,"{""sequence"": 269}"
5392500,tx_start,6,1620,"{""airtime_us"": 1316}"
5393816,packet_delivered,6,1620,"{""latency_us"": 1318}"
5400000,voice_frame_generated,1,1621,"{""sequence"": 270}"
5400000,tx_start,1,1621,"{""airtime_us"": 1316}"
5401316,packet_delivered,1,1621,"{""latency_us"": 1318}"
5402500,voice_frame_generated,2,1622,"{""sequence"": 270}"
5402500,tx_start,2,1622,"{""airtime_us"": 1316}"
5403816,packet_delivered,2,1622,"{""latency_us"": 1318}"
5405000,voice_frame_generated,3,1623,"{""sequence"": 270}"
5405000,tx_start,3,1623,"{""airtime_us"": 1316}"
5406316,packet_delivered,3,1623,"{""latency_us"": 1318}"
5407500,voice_frame_generated,4,1624,"{""sequence"": 270}"
5407500,tx_start,4,1624,"{""airtime_us"": 1316}"
5408816,packet_delivered,4,1624,"{""latency_us"": 1318}"
5410000,voice_frame_generated,5,1625,"{""sequence"": 270}"
5410000,tx_start,5,1625,"{""airtime_us"": 1316}"
5411316,packet_delivered,5,1625,"{""latency_us"": 1318}"
5412500,voice_frame_generated,6,1626,"{""sequence"": 270}"
5412500,tx_start,6,1626,"{""airtime_us"": 1316}"
5413816,packet_delivered,6,1626,"{""latency_us"": 1318}"
5420000,voice_frame_generated,1,1627,"{""sequence"": 271}"
5420000,tx_start,1,1627,"{""airtime_us"": 1316}"
5421316,packet_delivered,1,1627,"{""latency_us"": 1318}"
5422500,voice_frame_generated,2,1628,"{""sequence"": 271}"
5422500,tx_start,2,1628,"{""airtime_us"": 1316}"
5423816,packet_delivered,2,1628,"{""latency_us"": 1318}"
5425000,voice_frame_generated,3,1629,"{""sequence"": 271}"
5425000,tx_start,3,1629,"{""airtime_us"": 1316}"
5426316,packet_delivered,3,1629,"{""latency_us"": 1318}"
5427500,voice_frame_generated,4,1630,"{""sequence"": 271}"
5427500,tx_start,4,1630,"{""airtime_us"": 1316}"
5428816,packet_delivered,4,1630,"{""latency_us"": 1318}"
5430000,voice_frame_generated,5,1631,"{""sequence"": 271}"
5430000,tx_start,5,1631,"{""airtime_us"": 1316}"
5431316,packet_delivered,5,1631,"{""latency_us"": 1318}"
5432500,voice_frame_generated,6,1632,"{""sequence"": 271}"
5432500,tx_start,6,1632,"{""airtime_us"": 1316}"
5433816,packet_delivered,6,1632,"{""latency_us"": 1318}"
5440000,voice_frame_generated,1,1633,"{""sequence"": 272}"
5440000,tx_start,1,1633,"{""airtime_us"": 1316}"
5441316,packet_delivered,1,1633,"{""latency_us"": 1318}"
5442500,voice_frame_generated,2,1634,"{""sequence"": 272}"
5442500,tx_start,2,1634,"{""airtime_us"": 1316}"
5443816,packet_delivered,2,1634,"{""latency_us"": 1318}"
5445000,voice_frame_generated,3,1635,"{""sequence"": 272}"
5445000,tx_start,3,1635,"{""airtime_us"": 1316}"
5446316,packet_delivered,3,1635,"{""latency_us"": 1318}"
5447500,voice_frame_generated,4,1636,"{""sequence"": 272}"
5447500,tx_start,4,1636,"{""airtime_us"": 1316}"
5448816,packet_delivered,4,1636,"{""latency_us"": 1318}"
5450000,voice_frame_generated,5,1637,"{""sequence"": 272}"
5450000,tx_start,5,1637,"{""airtime_us"": 1316}"
5451316,packet_delivered,5,1637,"{""latency_us"": 1318}"
5452500,voice_frame_generated,6,1638,"{""sequence"": 272}"
5452500,tx_start,6,1638,"{""airtime_us"": 1316}"
5453816,packet_delivered,6,1638,"{""latency_us"": 1318}"
5460000,voice_frame_generated,1,1639,"{""sequence"": 273}"
5460000,tx_start,1,1639,"{""airtime_us"": 1316}"
5461316,packet_delivered,1,1639,"{""latency_us"": 1318}"
5462500,voice_frame_generated,2,1640,"{""sequence"": 273}"
5462500,tx_start,2,1640,"{""airtime_us"": 1316}"
5463816,packet_delivered,2,1640,"{""latency_us"": 1318}"
5465000,voice_frame_generated,3,1641,"{""sequence"": 273}"
5465000,tx_start,3,1641,"{""airtime_us"": 1316}"
5466316,packet_delivered,3,1641,"{""latency_us"": 1318}"
5467500,voice_frame_generated,4,1642,"{""sequence"": 273}"
5467500,tx_start,4,1642,"{""airtime_us"": 1316}"
5468816,packet_delivered,4,1642,"{""latency_us"": 1318}"
5470000,voice_frame_generated,5,1643,"{""sequence"": 273}"
5470000,tx_start,5,1643,"{""airtime_us"": 1316}"
5471316,packet_delivered,5,1643,"{""latency_us"": 1318}"
5472500,voice_frame_generated,6,1644,"{""sequence"": 273}"
5472500,tx_start,6,1644,"{""airtime_us"": 1316}"
5473816,packet_delivered,6,1644,"{""latency_us"": 1318}"
5480000,voice_frame_generated,1,1645,"{""sequence"": 274}"
5480000,tx_start,1,1645,"{""airtime_us"": 1316}"
5481316,packet_delivered,1,1645,"{""latency_us"": 1318}"
5482500,voice_frame_generated,2,1646,"{""sequence"": 274}"
5482500,tx_start,2,1646,"{""airtime_us"": 1316}"
5483816,packet_delivered,2,1646,"{""latency_us"": 1318}"
5485000,voice_frame_generated,3,1647,"{""sequence"": 274}"
5485000,tx_start,3,1647,"{""airtime_us"": 1316}"
5486316,packet_delivered,3,1647,"{""latency_us"": 1318}"
5487500,voice_frame_generated,4,1648,"{""sequence"": 274}"
5487500,tx_start,4,1648,"{""airtime_us"": 1316}"
5488816,packet_delivered,4,1648,"{""latency_us"": 1318}"
5490000,voice_frame_generated,5,1649,"{""sequence"": 274}"
5490000,tx_start,5,1649,"{""airtime_us"": 1316}"
5491316,packet_delivered,5,1649,"{""latency_us"": 1318}"
5492500,voice_frame_generated,6,1650,"{""sequence"": 274}"
5492500,tx_start,6,1650,"{""airtime_us"": 1316}"
5493816,packet_delivered,6,1650,"{""latency_us"": 1318}"
5500000,voice_frame_generated,1,1651,"{""sequence"": 275}"
5500000,tx_start,1,1651,"{""airtime_us"": 1316}"
5501316,packet_delivered,1,1651,"{""latency_us"": 1318}"
5502500,voice_frame_generated,2,1652,"{""sequence"": 275}"
5502500,tx_start,2,1652,"{""airtime_us"": 1316}"
5503816,packet_delivered,2,1652,"{""latency_us"": 1318}"
5505000,voice_frame_generated,3,1653,"{""sequence"": 275}"
5505000,tx_start,3,1653,"{""airtime_us"": 1316}"
5506316,packet_delivered,3,1653,"{""latency_us"": 1318}"
5507500,voice_frame_generated,4,1654,"{""sequence"": 275}"
5507500,tx_start,4,1654,"{""airtime_us"": 1316}"
5508816,packet_delivered,4,1654,"{""latency_us"": 1318}"
5510000,voice_frame_generated,5,1655,"{""sequence"": 275}"
5510000,tx_start,5,1655,"{""airtime_us"": 1316}"
5511316,packet_delivered,5,1655,"{""latency_us"": 1318}"
5512500,voice_frame_generated,6,1656,"{""sequence"": 275}"
5512500,tx_start,6,1656,"{""airtime_us"": 1316}"
5513816,packet_delivered,6,1656,"{""latency_us"": 1318}"
5520000,voice_frame_generated,1,1657,"{""sequence"": 276}"
5520000,tx_start,1,1657,"{""airtime_us"": 1316}"
5521316,packet_delivered,1,1657,"{""latency_us"": 1318}"
5522500,voice_frame_generated,2,1658,"{""sequence"": 276}"
5522500,tx_start,2,1658,"{""airtime_us"": 1316}"
5523816,packet_delivered,2,1658,"{""latency_us"": 1318}"
5525000,voice_frame_generated,3,1659,"{""sequence"": 276}"
5525000,tx_start,3,1659,"{""airtime_us"": 1316}"
5526316,packet_delivered,3,1659,"{""latency_us"": 1318}"
5527500,voice_frame_generated,4,1660,"{""sequence"": 276}"
5527500,tx_start,4,1660,"{""airtime_us"": 1316}"
5528816,packet_delivered,4,1660,"{""latency_us"": 1318}"
5530000,voice_frame_generated,5,1661,"{""sequence"": 276}"
5530000,tx_start,5,1661,"{""airtime_us"": 1316}"
5531316,packet_delivered,5,1661,"{""latency_us"": 1318}"
5532500,voice_frame_generated,6,1662,"{""sequence"": 276}"
5532500,tx_start,6,1662,"{""airtime_us"": 1316}"
5533816,packet_delivered,6,1662,"{""latency_us"": 1318}"
5540000,voice_frame_generated,1,1663,"{""sequence"": 277}"
5540000,tx_start,1,1663,"{""airtime_us"": 1316}"
5541316,packet_delivered,1,1663,"{""latency_us"": 1318}"
5542500,voice_frame_generated,2,1664,"{""sequence"": 277}"
5542500,tx_start,2,1664,"{""airtime_us"": 1316}"
5543816,packet_delivered,2,1664,"{""latency_us"": 1318}"
5545000,voice_frame_generated,3,1665,"{""sequence"": 277}"
5545000,tx_start,3,1665,"{""airtime_us"": 1316}"
5546316,packet_delivered,3,1665,"{""latency_us"": 1318}"
5547500,voice_frame_generated,4,1666,"{""sequence"": 277}"
5547500,tx_start,4,1666,"{""airtime_us"": 1316}"
5548816,packet_delivered,4,1666,"{""latency_us"": 1318}"
5550000,voice_frame_generated,5,1667,"{""sequence"": 277}"
5550000,tx_start,5,1667,"{""airtime_us"": 1316}"
5551316,packet_delivered,5,1667,"{""latency_us"": 1318}"
5552500,voice_frame_generated,6,1668,"{""sequence"": 277}"
5552500,tx_start,6,1668,"{""airtime_us"": 1316}"
5553816,packet_delivered,6,1668,"{""latency_us"": 1318}"
5560000,voice_frame_generated,1,1669,"{""sequence"": 278}"
5560000,tx_start,1,1669,"{""airtime_us"": 1316}"
5561316,packet_delivered,1,1669,"{""latency_us"": 1318}"
5562500,voice_frame_generated,2,1670,"{""sequence"": 278}"
5562500,tx_start,2,1670,"{""airtime_us"": 1316}"
5563816,packet_delivered,2,1670,"{""latency_us"": 1318}"
5565000,voice_frame_generated,3,1671,"{""sequence"": 278}"
5565000,tx_start,3,1671,"{""airtime_us"": 1316}"
5566316,packet_delivered,3,1671,"{""latency_us"": 1318}"
5567500,voice_frame_generated,4,1672,"{""sequence"": 278}"
5567500,tx_start,4,1672,"{""airtime_us"": 1316}"
5568816,packet_delivered,4,1672,"{""latency_us"": 1318}"
5570000,voice_frame_generated,5,1673,"{""sequence"": 278}"
5570000,tx_start,5,1673,"{""airtime_us"": 1316}"
5571316,packet_delivered,5,1673,"{""latency_us"": 1318}"
5572500,voice_frame_generated,6,1674,"{""sequence"": 278}"
5572500,tx_start,6,1674,"{""airtime_us"": 1316}"
5573816,packet_delivered,6,1674,"{""latency_us"": 1318}"
5580000,voice_frame_generated,1,1675,"{""sequence"": 279}"
5580000,tx_start,1,1675,"{""airtime_us"": 1316}"
5581316,packet_delivered,1,1675,"{""latency_us"": 1318}"
5582500,voice_frame_generated,2,1676,"{""sequence"": 279}"
5582500,tx_start,2,1676,"{""airtime_us"": 1316}"
5583816,packet_delivered,2,1676,"{""latency_us"": 1318}"
5585000,voice_frame_generated,3,1677,"{""sequence"": 279}"
5585000,tx_start,3,1677,"{""airtime_us"": 1316}"
5586316,packet_delivered,3,1677,"{""latency_us"": 1318}"
5587500,voice_frame_generated,4,1678,"{""sequence"": 279}"
5587500,tx_start,4,1678,"{""airtime_us"": 1316}"
5588816,packet_delivered,4,1678,"{""latency_us"": 1318}"
5590000,voice_frame_generated,5,1679,"{""sequence"": 279}"
5590000,tx_start,5,1679,"{""airtime_us"": 1316}"
5591316,packet_delivered,5,1679,"{""latency_us"": 1318}"
5592500,voice_frame_generated,6,1680,"{""sequence"": 279}"
5592500,tx_start,6,1680,"{""airtime_us"": 1316}"
5593816,packet_delivered,6,1680,"{""latency_us"": 1318}"
5600000,voice_frame_generated,1,1681,"{""sequence"": 280}"
5600000,tx_start,1,1681,"{""airtime_us"": 1316}"
5601316,packet_delivered,1,1681,"{""latency_us"": 1318}"
5602500,voice_frame_generated,2,1682,"{""sequence"": 280}"
5602500,tx_start,2,1682,"{""airtime_us"": 1316}"
5603816,packet_delivered,2,1682,"{""latency_us"": 1318}"
5605000,voice_frame_generated,3,1683,"{""sequence"": 280}"
5605000,tx_start,3,1683,"{""airtime_us"": 1316}"
5606316,packet_delivered,3,1683,"{""latency_us"": 1318}"
5607500,voice_frame_generated,4,1684,"{""sequence"": 280}"
5607500,tx_start,4,1684,"{""airtime_us"": 1316}"
5608816,packet_delivered,4,1684,"{""latency_us"": 1318}"
5610000,voice_frame_generated,5,1685,"{""sequence"": 280}"
5610000,tx_start,5,1685,"{""airtime_us"": 1316}"
5611316,packet_delivered,5,1685,"{""latency_us"": 1318}"
5612500,voice_frame_generated,6,1686,"{""sequence"": 280}"
5612500,tx_start,6,1686,"{""airtime_us"": 1316}"
5613816,packet_delivered,6,1686,"{""latency_us"": 1318}"
5620000,voice_frame_generated,1,1687,"{""sequence"": 281}"
5620000,tx_start,1,1687,"{""airtime_us"": 1316}"
5621316,packet_delivered,1,1687,"{""latency_us"": 1318}"
5622500,voice_frame_generated,2,1688,"{""sequence"": 281}"
5622500,tx_start,2,1688,"{""airtime_us"": 1316}"
5623816,packet_delivered,2,1688,"{""latency_us"": 1318}"
5625000,voice_frame_generated,3,1689,"{""sequence"": 281}"
5625000,tx_start,3,1689,"{""airtime_us"": 1316}"
5626316,packet_delivered,3,1689,"{""latency_us"": 1318}"
5627500,voice_frame_generated,4,1690,"{""sequence"": 281}"
5627500,tx_start,4,1690,"{""airtime_us"": 1316}"
5628816,packet_delivered,4,1690,"{""latency_us"": 1318}"
5630000,voice_frame_generated,5,1691,"{""sequence"": 281}"
5630000,tx_start,5,1691,"{""airtime_us"": 1316}"
5631316,packet_delivered,5,1691,"{""latency_us"": 1318}"
5632500,voice_frame_generated,6,1692,"{""sequence"": 281}"
5632500,tx_start,6,1692,"{""airtime_us"": 1316}"
5633816,packet_delivered,6,1692,"{""latency_us"": 1318}"
5640000,voice_frame_generated,1,1693,"{""sequence"": 282}"
5640000,tx_start,1,1693,"{""airtime_us"": 1316}"
5641316,packet_delivered,1,1693,"{""latency_us"": 1318}"
5642500,voice_frame_generated,2,1694,"{""sequence"": 282}"
5642500,tx_start,2,1694,"{""airtime_us"": 1316}"
5643816,packet_delivered,2,1694,"{""latency_us"": 1318}"
5645000,voice_frame_generated,3,1695,"{""sequence"": 282}"
5645000,tx_start,3,1695,"{""airtime_us"": 1316}"
5646316,packet_delivered,3,1695,"{""latency_us"": 1318}"
5647500,voice_frame_generated,4,1696,"{""sequence"": 282}"
5647500,tx_start,4,1696,"{""airtime_us"": 1316}"
5648816,packet_delivered,4,1696,"{""latency_us"": 1318}"
5650000,voice_frame_generated,5,1697,"{""sequence"": 282}"
5650000,tx_start,5,1697,"{""airtime_us"": 1316}"
5651316,packet_delivered,5,1697,"{""latency_us"": 1318}"
5652500,voice_frame_generated,6,1698,"{""sequence"": 282}"
5652500,tx_start,6,1698,"{""airtime_us"": 1316}"
5653816,packet_delivered,6,1698,"{""latency_us"": 1318}"
5660000,voice_frame_generated,1,1699,"{""sequence"": 283}"
5660000,tx_start,1,1699,"{""airtime_us"": 1316}"
5661316,packet_delivered,1,1699,"{""latency_us"": 1318}"
5662500,voice_frame_generated,2,1700,"{""sequence"": 283}"
5662500,tx_start,2,1700,"{""airtime_us"": 1316}"
5663816,packet_delivered,2,1700,"{""latency_us"": 1318}"
5665000,voice_frame_generated,3,1701,"{""sequence"": 283}"
5665000,tx_start,3,1701,"{""airtime_us"": 1316}"
5666316,packet_delivered,3,1701,"{""latency_us"": 1318}"
5667500,voice_frame_generated,4,1702,"{""sequence"": 283}"
5667500,tx_start,4,1702,"{""airtime_us"": 1316}"
5668816,packet_delivered,4,1702,"{""latency_us"": 1318}"
5670000,voice_frame_generated,5,1703,"{""sequence"": 283}"
5670000,tx_start,5,1703,"{""airtime_us"": 1316}"
5671316,packet_delivered,5,1703,"{""latency_us"": 1318}"
5672500,voice_frame_generated,6,1704,"{""sequence"": 283}"
5672500,tx_start,6,1704,"{""airtime_us"": 1316}"
5673816,packet_delivered,6,1704,"{""latency_us"": 1318}"
5680000,voice_frame_generated,1,1705,"{""sequence"": 284}"
5680000,tx_start,1,1705,"{""airtime_us"": 1316}"
5681316,packet_delivered,1,1705,"{""latency_us"": 1318}"
5682500,voice_frame_generated,2,1706,"{""sequence"": 284}"
5682500,tx_start,2,1706,"{""airtime_us"": 1316}"
5683816,packet_delivered,2,1706,"{""latency_us"": 1318}"
5685000,voice_frame_generated,3,1707,"{""sequence"": 284}"
5685000,tx_start,3,1707,"{""airtime_us"": 1316}"
5686316,packet_delivered,3,1707,"{""latency_us"": 1318}"
5687500,voice_frame_generated,4,1708,"{""sequence"": 284}"
5687500,tx_start,4,1708,"{""airtime_us"": 1316}"
5688816,packet_delivered,4,1708,"{""latency_us"": 1318}"
5690000,voice_frame_generated,5,1709,"{""sequence"": 284}"
5690000,tx_start,5,1709,"{""airtime_us"": 1316}"
5691316,packet_delivered,5,1709,"{""latency_us"": 1318}"
5692500,voice_frame_generated,6,1710,"{""sequence"": 284}"
5692500,tx_start,6,1710,"{""airtime_us"": 1316}"
5693816,packet_delivered,6,1710,"{""latency_us"": 1318}"
5700000,voice_frame_generated,1,1711,"{""sequence"": 285}"
5700000,tx_start,1,1711,"{""airtime_us"": 1316}"
5701316,packet_delivered,1,1711,"{""latency_us"": 1318}"
5702500,voice_frame_generated,2,1712,"{""sequence"": 285}"
5702500,tx_start,2,1712,"{""airtime_us"": 1316}"
5703816,packet_delivered,2,1712,"{""latency_us"": 1318}"
5705000,voice_frame_generated,3,1713,"{""sequence"": 285}"
5705000,tx_start,3,1713,"{""airtime_us"": 1316}"
5706316,packet_delivered,3,1713,"{""latency_us"": 1318}"
5707500,voice_frame_generated,4,1714,"{""sequence"": 285}"
5707500,tx_start,4,1714,"{""airtime_us"": 1316}"
5708816,packet_delivered,4,1714,"{""latency_us"": 1318}"
5710000,voice_frame_generated,5,1715,"{""sequence"": 285}"
5710000,tx_start,5,1715,"{""airtime_us"": 1316}"
5711316,packet_delivered,5,1715,"{""latency_us"": 1318}"
5712500,voice_frame_generated,6,1716,"{""sequence"": 285}"
5712500,tx_start,6,1716,"{""airtime_us"": 1316}"
5713816,packet_delivered,6,1716,"{""latency_us"": 1318}"
5720000,voice_frame_generated,1,1717,"{""sequence"": 286}"
5720000,tx_start,1,1717,"{""airtime_us"": 1316}"
5721316,packet_delivered,1,1717,"{""latency_us"": 1318}"
5722500,voice_frame_generated,2,1718,"{""sequence"": 286}"
5722500,tx_start,2,1718,"{""airtime_us"": 1316}"
5723816,packet_delivered,2,1718,"{""latency_us"": 1318}"
5725000,voice_frame_generated,3,1719,"{""sequence"": 286}"
5725000,tx_start,3,1719,"{""airtime_us"": 1316}"
5726316,packet_delivered,3,1719,"{""latency_us"": 1318}"
5727500,voice_frame_generated,4,1720,"{""sequence"": 286}"
5727500,tx_start,4,1720,"{""airtime_us"": 1316}"
5728816,packet_delivered,4,1720,"{""latency_us"": 1318}"
5730000,voice_frame_generated,5,1721,"{""sequence"": 286}"
5730000,tx_start,5,1721,"{""airtime_us"": 1316}"
5731316,packet_delivered,5,1721,"{""latency_us"": 1318}"
5732500,voice_frame_generated,6,1722,"{""sequence"": 286}"
5732500,tx_start,6,1722,"{""airtime_us"": 1316}"
5733816,packet_delivered,6,1722,"{""latency_us"": 1318}"
5740000,voice_frame_generated,1,1723,"{""sequence"": 287}"
5740000,tx_start,1,1723,"{""airtime_us"": 1316}"
5741316,packet_delivered,1,1723,"{""latency_us"": 1318}"
5742500,voice_frame_generated,2,1724,"{""sequence"": 287}"
5742500,tx_start,2,1724,"{""airtime_us"": 1316}"
5743816,packet_delivered,2,1724,"{""latency_us"": 1318}"
5745000,voice_frame_generated,3,1725,"{""sequence"": 287}"
5745000,tx_start,3,1725,"{""airtime_us"": 1316}"
5746316,packet_delivered,3,1725,"{""latency_us"": 1318}"
5747500,voice_frame_generated,4,1726,"{""sequence"": 287}"
5747500,tx_start,4,1726,"{""airtime_us"": 1316}"
5748816,packet_delivered,4,1726,"{""latency_us"": 1318}"
5750000,voice_frame_generated,5,1727,"{""sequence"": 287}"
5750000,tx_start,5,1727,"{""airtime_us"": 1316}"
5751316,packet_delivered,5,1727,"{""latency_us"": 1318}"
5752500,voice_frame_generated,6,1728,"{""sequence"": 287}"
5752500,tx_start,6,1728,"{""airtime_us"": 1316}"
5753816,packet_delivered,6,1728,"{""latency_us"": 1318}"
5760000,voice_frame_generated,1,1729,"{""sequence"": 288}"
5760000,tx_start,1,1729,"{""airtime_us"": 1316}"
5761316,packet_delivered,1,1729,"{""latency_us"": 1318}"
5762500,voice_frame_generated,2,1730,"{""sequence"": 288}"
5762500,tx_start,2,1730,"{""airtime_us"": 1316}"
5763816,packet_delivered,2,1730,"{""latency_us"": 1318}"
5765000,voice_frame_generated,3,1731,"{""sequence"": 288}"
5765000,tx_start,3,1731,"{""airtime_us"": 1316}"
5766316,packet_delivered,3,1731,"{""latency_us"": 1318}"
5767500,voice_frame_generated,4,1732,"{""sequence"": 288}"
5767500,tx_start,4,1732,"{""airtime_us"": 1316}"
5768816,packet_delivered,4,1732,"{""latency_us"": 1318}"
5770000,voice_frame_generated,5,1733,"{""sequence"": 288}"
5770000,tx_start,5,1733,"{""airtime_us"": 1316}"
5771316,packet_delivered,5,1733,"{""latency_us"": 1318}"
5772500,voice_frame_generated,6,1734,"{""sequence"": 288}"
5772500,tx_start,6,1734,"{""airtime_us"": 1316}"
5773816,packet_delivered,6,1734,"{""latency_us"": 1318}"
5780000,voice_frame_generated,1,1735,"{""sequence"": 289}"
5780000,tx_start,1,1735,"{""airtime_us"": 1316}"
5781316,packet_delivered,1,1735,"{""latency_us"": 1318}"
5782500,voice_frame_generated,2,1736,"{""sequence"": 289}"
5782500,tx_start,2,1736,"{""airtime_us"": 1316}"
5783816,packet_delivered,2,1736,"{""latency_us"": 1318}"
5785000,voice_frame_generated,3,1737,"{""sequence"": 289}"
5785000,tx_start,3,1737,"{""airtime_us"": 1316}"
5786316,packet_delivered,3,1737,"{""latency_us"": 1318}"
5787500,voice_frame_generated,4,1738,"{""sequence"": 289}"
5787500,tx_start,4,1738,"{""airtime_us"": 1316}"
5788816,packet_delivered,4,1738,"{""latency_us"": 1318}"
5790000,voice_frame_generated,5,1739,"{""sequence"": 289}"
5790000,tx_start,5,1739,"{""airtime_us"": 1316}"
5791316,packet_delivered,5,1739,"{""latency_us"": 1318}"
5792500,voice_frame_generated,6,1740,"{""sequence"": 289}"
5792500,tx_start,6,1740,"{""airtime_us"": 1316}"
5793816,packet_delivered,6,1740,"{""latency_us"": 1318}"
5800000,voice_frame_generated,1,1741,"{""sequence"": 290}"
5800000,tx_start,1,1741,"{""airtime_us"": 1316}"
5801316,packet_delivered,1,1741,"{""latency_us"": 1318}"
5802500,voice_frame_generated,2,1742,"{""sequence"": 290}"
5802500,tx_start,2,1742,"{""airtime_us"": 1316}"
5803816,packet_delivered,2,1742,"{""latency_us"": 1318}"
5805000,voice_frame_generated,3,1743,"{""sequence"": 290}"
5805000,tx_start,3,1743,"{""airtime_us"": 1316}"
5806316,packet_delivered,3,1743,"{""latency_us"": 1318}"
5807500,voice_frame_generated,4,1744,"{""sequence"": 290}"
5807500,tx_start,4,1744,"{""airtime_us"": 1316}"
5808816,packet_delivered,4,1744,"{""latency_us"": 1318}"
5810000,voice_frame_generated,5,1745,"{""sequence"": 290}"
5810000,tx_start,5,1745,"{""airtime_us"": 1316}"
5811316,packet_delivered,5,1745,"{""latency_us"": 1318}"
5812500,voice_frame_generated,6,1746,"{""sequence"": 290}"
5812500,tx_start,6,1746,"{""airtime_us"": 1316}"
5813816,packet_delivered,6,1746,"{""latency_us"": 1318}"
5820000,voice_frame_generated,1,1747,"{""sequence"": 291}"
5820000,tx_start,1,1747,"{""airtime_us"": 1316}"
5821316,packet_delivered,1,1747,"{""latency_us"": 1318}"
5822500,voice_frame_generated,2,1748,"{""sequence"": 291}"
5822500,tx_start,2,1748,"{""airtime_us"": 1316}"
5823816,packet_delivered,2,1748,"{""latency_us"": 1318}"
5825000,voice_frame_generated,3,1749,"{""sequence"": 291}"
5825000,tx_start,3,1749,"{""airtime_us"": 1316}"
5826316,packet_delivered,3,1749,"{""latency_us"": 1318}"
5827500,voice_frame_generated,4,1750,"{""sequence"": 291}"
5827500,tx_start,4,1750,"{""airtime_us"": 1316}"
5828816,packet_delivered,4,1750,"{""latency_us"": 1318}"
5830000,voice_frame_generated,5,1751,"{""sequence"": 291}"
5830000,tx_start,5,1751,"{""airtime_us"": 1316}"
5831316,packet_delivered,5,1751,"{""latency_us"": 1318}"
5832500,voice_frame_generated,6,1752,"{""sequence"": 291}"
5832500,tx_start,6,1752,"{""airtime_us"": 1316}"
5833816,packet_delivered,6,1752,"{""latency_us"": 1318}"
5840000,voice_frame_generated,1,1753,"{""sequence"": 292}"
5840000,tx_start,1,1753,"{""airtime_us"": 1316}"
5841316,packet_delivered,1,1753,"{""latency_us"": 1318}"
5842500,voice_frame_generated,2,1754,"{""sequence"": 292}"
5842500,tx_start,2,1754,"{""airtime_us"": 1316}"
5843816,packet_delivered,2,1754,"{""latency_us"": 1318}"
5845000,voice_frame_generated,3,1755,"{""sequence"": 292}"
5845000,tx_start,3,1755,"{""airtime_us"": 1316}"
5846316,packet_delivered,3,1755,"{""latency_us"": 1318}"
5847500,voice_frame_generated,4,1756,"{""sequence"": 292}"
5847500,tx_start,4,1756,"{""airtime_us"": 1316}"
5848816,packet_delivered,4,1756,"{""latency_us"": 1318}"
5850000,voice_frame_generated,5,1757,"{""sequence"": 292}"
5850000,tx_start,5,1757,"{""airtime_us"": 1316}"
5851316,packet_delivered,5,1757,"{""latency_us"": 1318}"
5852500,voice_frame_generated,6,1758,"{""sequence"": 292}"
5852500,tx_start,6,1758,"{""airtime_us"": 1316}"
5853816,packet_delivered,6,1758,"{""latency_us"": 1318}"
5860000,voice_frame_generated,1,1759,"{""sequence"": 293}"
5860000,tx_start,1,1759,"{""airtime_us"": 1316}"
5861316,packet_delivered,1,1759,"{""latency_us"": 1318}"
5862500,voice_frame_generated,2,1760,"{""sequence"": 293}"
5862500,tx_start,2,1760,"{""airtime_us"": 1316}"
5863816,packet_delivered,2,1760,"{""latency_us"": 1318}"
5865000,voice_frame_generated,3,1761,"{""sequence"": 293}"
5865000,tx_start,3,1761,"{""airtime_us"": 1316}"
5866316,packet_delivered,3,1761,"{""latency_us"": 1318}"
5867500,voice_frame_generated,4,1762,"{""sequence"": 293}"
5867500,tx_start,4,1762,"{""airtime_us"": 1316}"
5868816,packet_delivered,4,1762,"{""latency_us"": 1318}"
5870000,voice_frame_generated,5,1763,"{""sequence"": 293}"
5870000,tx_start,5,1763,"{""airtime_us"": 1316}"
5871316,packet_delivered,5,1763,"{""latency_us"": 1318}"
5872500,voice_frame_generated,6,1764,"{""sequence"": 293}"
5872500,tx_start,6,1764,"{""airtime_us"": 1316}"
5873816,packet_delivered,6,1764,"{""latency_us"": 1318}"
5880000,voice_frame_generated,1,1765,"{""sequence"": 294}"
5880000,tx_start,1,1765,"{""airtime_us"": 1316}"
5881316,packet_delivered,1,1765,"{""latency_us"": 1318}"
5882500,voice_frame_generated,2,1766,"{""sequence"": 294}"
5882500,tx_start,2,1766,"{""airtime_us"": 1316}"
5883816,packet_delivered,2,1766,"{""latency_us"": 1318}"
5885000,voice_frame_generated,3,1767,"{""sequence"": 294}"
5885000,tx_start,3,1767,"{""airtime_us"": 1316}"
5886316,packet_delivered,3,1767,"{""latency_us"": 1318}"
5887500,voice_frame_generated,4,1768,"{""sequence"": 294}"
5887500,tx_start,4,1768,"{""airtime_us"": 1316}"
5888816,packet_delivered,4,1768,"{""latency_us"": 1318}"
5890000,voice_frame_generated,5,1769,"{""sequence"": 294}"
5890000,tx_start,5,1769,"{""airtime_us"": 1316}"
5891316,packet_delivered,5,1769,"{""latency_us"": 1318}"
5892500,voice_frame_generated,6,1770,"{""sequence"": 294}"
5892500,tx_start,6,1770,"{""airtime_us"": 1316}"
5893816,packet_delivered,6,1770,"{""latency_us"": 1318}"
5900000,voice_frame_generated,1,1771,"{""sequence"": 295}"
5900000,tx_start,1,1771,"{""airtime_us"": 1316}"
5901316,packet_delivered,1,1771,"{""latency_us"": 1318}"
5902500,voice_frame_generated,2,1772,"{""sequence"": 295}"
5902500,tx_start,2,1772,"{""airtime_us"": 1316}"
5903816,packet_delivered,2,1772,"{""latency_us"": 1318}"
5905000,voice_frame_generated,3,1773,"{""sequence"": 295}"
5905000,tx_start,3,1773,"{""airtime_us"": 1316}"
5906316,packet_delivered,3,1773,"{""latency_us"": 1318}"
5907500,voice_frame_generated,4,1774,"{""sequence"": 295}"
5907500,tx_start,4,1774,"{""airtime_us"": 1316}"
5908816,packet_delivered,4,1774,"{""latency_us"": 1318}"
5910000,voice_frame_generated,5,1775,"{""sequence"": 295}"
5910000,tx_start,5,1775,"{""airtime_us"": 1316}"
5911316,packet_delivered,5,1775,"{""latency_us"": 1318}"
5912500,voice_frame_generated,6,1776,"{""sequence"": 295}"
5912500,tx_start,6,1776,"{""airtime_us"": 1316}"
5913816,packet_delivered,6,1776,"{""latency_us"": 1318}"
5920000,voice_frame_generated,1,1777,"{""sequence"": 296}"
5920000,tx_start,1,1777,"{""airtime_us"": 1316}"
5921316,packet_delivered,1,1777,"{""latency_us"": 1318}"
5922500,voice_frame_generated,2,1778,"{""sequence"": 296}"
5922500,tx_start,2,1778,"{""airtime_us"": 1316}"
5923816,packet_delivered,2,1778,"{""latency_us"": 1318}"
5925000,voice_frame_generated,3,1779,"{""sequence"": 296}"
5925000,tx_start,3,1779,"{""airtime_us"": 1316}"
5926316,packet_delivered,3,1779,"{""latency_us"": 1318}"
5927500,voice_frame_generated,4,1780,"{""sequence"": 296}"
5927500,tx_start,4,1780,"{""airtime_us"": 1316}"
5928816,packet_delivered,4,1780,"{""latency_us"": 1318}"
5930000,voice_frame_generated,5,1781,"{""sequence"": 296}"
5930000,tx_start,5,1781,"{""airtime_us"": 1316}"
5931316,packet_delivered,5,1781,"{""latency_us"": 1318}"
5932500,voice_frame_generated,6,1782,"{""sequence"": 296}"
5932500,tx_start,6,1782,"{""airtime_us"": 1316}"
5933816,packet_delivered,6,1782,"{""latency_us"": 1318}"
5940000,voice_frame_generated,1,1783,"{""sequence"": 297}"
5940000,tx_start,1,1783,"{""airtime_us"": 1316}"
5941316,packet_delivered,1,1783,"{""latency_us"": 1318}"
5942500,voice_frame_generated,2,1784,"{""sequence"": 297}"
5942500,tx_start,2,1784,"{""airtime_us"": 1316}"
5943816,packet_delivered,2,1784,"{""latency_us"": 1318}"
5945000,voice_frame_generated,3,1785,"{""sequence"": 297}"
5945000,tx_start,3,1785,"{""airtime_us"": 1316}"
5946316,packet_delivered,3,1785,"{""latency_us"": 1318}"
5947500,voice_frame_generated,4,1786,"{""sequence"": 297}"
5947500,tx_start,4,1786,"{""airtime_us"": 1316}"
5948816,packet_delivered,4,1786,"{""latency_us"": 1318}"
5950000,voice_frame_generated,5,1787,"{""sequence"": 297}"
5950000,tx_start,5,1787,"{""airtime_us"": 1316}"
5951316,packet_delivered,5,1787,"{""latency_us"": 1318}"
5952500,voice_frame_generated,6,1788,"{""sequence"": 297}"
5952500,tx_start,6,1788,"{""airtime_us"": 1316}"
5953816,packet_delivered,6,1788,"{""latency_us"": 1318}"
5960000,voice_frame_generated,1,1789,"{""sequence"": 298}"
5960000,tx_start,1,1789,"{""airtime_us"": 1316}"
5961316,packet_delivered,1,1789,"{""latency_us"": 1318}"
5962500,voice_frame_generated,2,1790,"{""sequence"": 298}"
5962500,tx_start,2,1790,"{""airtime_us"": 1316}"
5963816,packet_delivered,2,1790,"{""latency_us"": 1318}"
5965000,voice_frame_generated,3,1791,"{""sequence"": 298}"
5965000,tx_start,3,1791,"{""airtime_us"": 1316}"
5966316,packet_delivered,3,1791,"{""latency_us"": 1318}"
5967500,voice_frame_generated,4,1792,"{""sequence"": 298}"
5967500,tx_start,4,1792,"{""airtime_us"": 1316}"
5968816,packet_delivered,4,1792,"{""latency_us"": 1318}"
5970000,voice_frame_generated,5,1793,"{""sequence"": 298}"
5970000,tx_start,5,1793,"{""airtime_us"": 1316}"
5971316,packet_delivered,5,1793,"{""latency_us"": 1318}"
5972500,voice_frame_generated,6,1794,"{""sequence"": 298}"
5972500,tx_start,6,1794,"{""airtime_us"": 1316}"
5973816,packet_delivered,6,1794,"{""latency_us"": 1318}"
5980000,voice_frame_generated,1,1795,"{""sequence"": 299}"
5980000,tx_start,1,1795,"{""airtime_us"": 1316}"
5981316,packet_delivered,1,1795,"{""latency_us"": 1318}"
5982500,voice_frame_generated,2,1796,"{""sequence"": 299}"
5982500,tx_start,2,1796,"{""airtime_us"": 1316}"
5983816,packet_delivered,2,1796,"{""latency_us"": 1318}"
5985000,voice_frame_generated,3,1797,"{""sequence"": 299}"
5985000,tx_start,3,1797,"{""airtime_us"": 1316}"
5986316,packet_delivered,3,1797,"{""latency_us"": 1318}"
5987500,voice_frame_generated,4,1798,"{""sequence"": 299}"
5987500,tx_start,4,1798,"{""airtime_us"": 1316}"
5988816,packet_delivered,4,1798,"{""latency_us"": 1318}"
5990000,voice_frame_generated,5,1799,"{""sequence"": 299}"
5990000,tx_start,5,1799,"{""airtime_us"": 1316}"
5991316,packet_delivered,5,1799,"{""latency_us"": 1318}"
5992500,voice_frame_generated,6,1800,"{""sequence"": 299}"
5992500,tx_start,6,1800,"{""airtime_us"": 1316}"
5993816,packet_delivered,6,1800,"{""latency_us"": 1318}"
6000000,voice_frame_generated,1,1801,"{""sequence"": 300}"
6000000,tx_start,1,1801,"{""airtime_us"": 1316}"
6001316,packet_delivered,1,1801,"{""latency_us"": 1318}"
6002500,voice_frame_generated,2,1802,"{""sequence"": 300}"
6002500,tx_start,2,1802,"{""airtime_us"": 1316}"
6003816,packet_delivered,2,1802,"{""latency_us"": 1318}"
6005000,voice_frame_generated,3,1803,"{""sequence"": 300}"
6005000,tx_start,3,1803,"{""airtime_us"": 1316}"
6006316,packet_delivered,3,1803,"{""latency_us"": 1318}"
6007500,voice_frame_generated,4,1804,"{""sequence"": 300}"
6007500,tx_start,4,1804,"{""airtime_us"": 1316}"
6008816,packet_delivered,4,1804,"{""latency_us"": 1318}"
6010000,voice_frame_generated,5,1805,"{""sequence"": 300}"
6010000,tx_start,5,1805,"{""airtime_us"": 1316}"
6011316,packet_delivered,5,1805,"{""latency_us"": 1318}"
6012500,voice_frame_generated,6,1806,"{""sequence"": 300}"
6012500,tx_start,6,1806,"{""airtime_us"": 1316}"
6013816,packet_delivered,6,1806,"{""latency_us"": 1318}"
6020000,voice_frame_generated,1,1807,"{""sequence"": 301}"
6020000,tx_start,1,1807,"{""airtime_us"": 1316}"
6021316,packet_delivered,1,1807,"{""latency_us"": 1318}"
6022500,voice_frame_generated,2,1808,"{""sequence"": 301}"
6022500,tx_start,2,1808,"{""airtime_us"": 1316}"
6023816,packet_delivered,2,1808,"{""latency_us"": 1318}"
6025000,voice_frame_generated,3,1809,"{""sequence"": 301}"
6025000,tx_start,3,1809,"{""airtime_us"": 1316}"
6026316,packet_delivered,3,1809,"{""latency_us"": 1318}"
6027500,voice_frame_generated,4,1810,"{""sequence"": 301}"
6027500,tx_start,4,1810,"{""airtime_us"": 1316}"
6028816,packet_delivered,4,1810,"{""latency_us"": 1318}"
6030000,voice_frame_generated,5,1811,"{""sequence"": 301}"
6030000,tx_start,5,1811,"{""airtime_us"": 1316}"
6031316,packet_delivered,5,1811,"{""latency_us"": 1318}"
6032500,voice_frame_generated,6,1812,"{""sequence"": 301}"
6032500,tx_start,6,1812,"{""airtime_us"": 1316}"
6033816,packet_delivered,6,1812,"{""latency_us"": 1318}"
6040000,voice_frame_generated,1,1813,"{""sequence"": 302}"
6040000,tx_start,1,1813,"{""airtime_us"": 1316}"
6041316,packet_delivered,1,1813,"{""latency_us"": 1318}"
6042500,voice_frame_generated,2,1814,"{""sequence"": 302}"
6042500,tx_start,2,1814,"{""airtime_us"": 1316}"
6043816,packet_delivered,2,1814,"{""latency_us"": 1318}"
6045000,voice_frame_generated,3,1815,"{""sequence"": 302}"
6045000,tx_start,3,1815,"{""airtime_us"": 1316}"
6046316,packet_delivered,3,1815,"{""latency_us"": 1318}"
6047500,voice_frame_generated,4,1816,"{""sequence"": 302}"
6047500,tx_start,4,1816,"{""airtime_us"": 1316}"
6048816,packet_delivered,4,1816,"{""latency_us"": 1318}"
6050000,voice_frame_generated,5,1817,"{""sequence"": 302}"
6050000,tx_start,5,1817,"{""airtime_us"": 1316}"
6051316,packet_delivered,5,1817,"{""latency_us"": 1318}"
6052500,voice_frame_generated,6,1818,"{""sequence"": 302}"
6052500,tx_start,6,1818,"{""airtime_us"": 1316}"
6053816,packet_delivered,6,1818,"{""latency_us"": 1318}"
6060000,voice_frame_generated,1,1819,"{""sequence"": 303}"
6060000,tx_start,1,1819,"{""airtime_us"": 1316}"
6061316,packet_delivered,1,1819,"{""latency_us"": 1318}"
6062500,voice_frame_generated,2,1820,"{""sequence"": 303}"
6062500,tx_start,2,1820,"{""airtime_us"": 1316}"
6063816,packet_delivered,2,1820,"{""latency_us"": 1318}"
6065000,voice_frame_generated,3,1821,"{""sequence"": 303}"
6065000,tx_start,3,1821,"{""airtime_us"": 1316}"
6066316,packet_delivered,3,1821,"{""latency_us"": 1318}"
6067500,voice_frame_generated,4,1822,"{""sequence"": 303}"
6067500,tx_start,4,1822,"{""airtime_us"": 1316}"
6068816,packet_delivered,4,1822,"{""latency_us"": 1318}"
6070000,voice_frame_generated,5,1823,"{""sequence"": 303}"
6070000,tx_start,5,1823,"{""airtime_us"": 1316}"
6071316,packet_delivered,5,1823,"{""latency_us"": 1318}"
6072500,voice_frame_generated,6,1824,"{""sequence"": 303}"
6072500,tx_start,6,1824,"{""airtime_us"": 1316}"
6073816,packet_delivered,6,1824,"{""latency_us"": 1318}"
6080000,voice_frame_generated,1,1825,"{""sequence"": 304}"
6080000,tx_start,1,1825,"{""airtime_us"": 1316}"
6081316,packet_delivered,1,1825,"{""latency_us"": 1318}"
6082500,voice_frame_generated,2,1826,"{""sequence"": 304}"
6082500,tx_start,2,1826,"{""airtime_us"": 1316}"
6083816,packet_delivered,2,1826,"{""latency_us"": 1318}"
6085000,voice_frame_generated,3,1827,"{""sequence"": 304}"
6085000,tx_start,3,1827,"{""airtime_us"": 1316}"
6086316,packet_delivered,3,1827,"{""latency_us"": 1318}"
6087500,voice_frame_generated,4,1828,"{""sequence"": 304}"
6087500,tx_start,4,1828,"{""airtime_us"": 1316}"
6088816,packet_delivered,4,1828,"{""latency_us"": 1318}"
6090000,voice_frame_generated,5,1829,"{""sequence"": 304}"
6090000,tx_start,5,1829,"{""airtime_us"": 1316}"
6091316,packet_delivered,5,1829,"{""latency_us"": 1318}"
6092500,voice_frame_generated,6,1830,"{""sequence"": 304}"
6092500,tx_start,6,1830,"{""airtime_us"": 1316}"
6093816,packet_delivered,6,1830,"{""latency_us"": 1318}"
6100000,voice_frame_generated,1,1831,"{""sequence"": 305}"
6100000,tx_start,1,1831,"{""airtime_us"": 1316}"
6101316,packet_delivered,1,1831,"{""latency_us"": 1318}"
6102500,voice_frame_generated,2,1832,"{""sequence"": 305}"
6102500,tx_start,2,1832,"{""airtime_us"": 1316}"
6103816,packet_delivered,2,1832,"{""latency_us"": 1318}"
6105000,voice_frame_generated,3,1833,"{""sequence"": 305}"
6105000,tx_start,3,1833,"{""airtime_us"": 1316}"
6106316,packet_delivered,3,1833,"{""latency_us"": 1318}"
6107500,voice_frame_generated,4,1834,"{""sequence"": 305}"
6107500,tx_start,4,1834,"{""airtime_us"": 1316}"
6108816,packet_delivered,4,1834,"{""latency_us"": 1318}"
6110000,voice_frame_generated,5,1835,"{""sequence"": 305}"
6110000,tx_start,5,1835,"{""airtime_us"": 1316}"
6111316,packet_delivered,5,1835,"{""latency_us"": 1318}"
6112500,voice_frame_generated,6,1836,"{""sequence"": 305}"
6112500,tx_start,6,1836,"{""airtime_us"": 1316}"
6113816,packet_delivered,6,1836,"{""latency_us"": 1318}"
6120000,voice_frame_generated,1,1837,"{""sequence"": 306}"
6120000,tx_start,1,1837,"{""airtime_us"": 1316}"
6121316,packet_delivered,1,1837,"{""latency_us"": 1318}"
6122500,voice_frame_generated,2,1838,"{""sequence"": 306}"
6122500,tx_start,2,1838,"{""airtime_us"": 1316}"
6123816,packet_delivered,2,1838,"{""latency_us"": 1318}"
6125000,voice_frame_generated,3,1839,"{""sequence"": 306}"
6125000,tx_start,3,1839,"{""airtime_us"": 1316}"
6126316,packet_delivered,3,1839,"{""latency_us"": 1318}"
6127500,voice_frame_generated,4,1840,"{""sequence"": 306}"
6127500,tx_start,4,1840,"{""airtime_us"": 1316}"
6128816,packet_delivered,4,1840,"{""latency_us"": 1318}"
6130000,voice_frame_generated,5,1841,"{""sequence"": 306}"
6130000,tx_start,5,1841,"{""airtime_us"": 1316}"
6131316,packet_delivered,5,1841,"{""latency_us"": 1318}"
6132500,voice_frame_generated,6,1842,"{""sequence"": 306}"
6132500,tx_start,6,1842,"{""airtime_us"": 1316}"
6133816,packet_delivered,6,1842,"{""latency_us"": 1318}"
6140000,voice_frame_generated,1,1843,"{""sequence"": 307}"
6140000,tx_start,1,1843,"{""airtime_us"": 1316}"
6141316,packet_delivered,1,1843,"{""latency_us"": 1318}"
6142500,voice_frame_generated,2,1844,"{""sequence"": 307}"
6142500,tx_start,2,1844,"{""airtime_us"": 1316}"
6143816,packet_delivered,2,1844,"{""latency_us"": 1318}"
6145000,voice_frame_generated,3,1845,"{""sequence"": 307}"
6145000,tx_start,3,1845,"{""airtime_us"": 1316}"
6146316,packet_delivered,3,1845,"{""latency_us"": 1318}"
6147500,voice_frame_generated,4,1846,"{""sequence"": 307}"
6147500,tx_start,4,1846,"{""airtime_us"": 1316}"
6148816,packet_delivered,4,1846,"{""latency_us"": 1318}"
6150000,voice_frame_generated,5,1847,"{""sequence"": 307}"
6150000,tx_start,5,1847,"{""airtime_us"": 1316}"
6151316,packet_delivered,5,1847,"{""latency_us"": 1318}"
6152500,voice_frame_generated,6,1848,"{""sequence"": 307}"
6152500,tx_start,6,1848,"{""airtime_us"": 1316}"
6153816,packet_delivered,6,1848,"{""latency_us"": 1318}"
6160000,voice_frame_generated,1,1849,"{""sequence"": 308}"
6160000,tx_start,1,1849,"{""airtime_us"": 1316}"
6161316,packet_delivered,1,1849,"{""latency_us"": 1318}"
6162500,voice_frame_generated,2,1850,"{""sequence"": 308}"
6162500,tx_start,2,1850,"{""airtime_us"": 1316}"
6163816,packet_delivered,2,1850,"{""latency_us"": 1318}"
6165000,voice_frame_generated,3,1851,"{""sequence"": 308}"
6165000,tx_start,3,1851,"{""airtime_us"": 1316}"
6166316,packet_delivered,3,1851,"{""latency_us"": 1318}"
6167500,voice_frame_generated,4,1852,"{""sequence"": 308}"
6167500,tx_start,4,1852,"{""airtime_us"": 1316}"
6168816,packet_delivered,4,1852,"{""latency_us"": 1318}"
6170000,voice_frame_generated,5,1853,"{""sequence"": 308}"
6170000,tx_start,5,1853,"{""airtime_us"": 1316}"
6171316,packet_delivered,5,1853,"{""latency_us"": 1318}"
6172500,voice_frame_generated,6,1854,"{""sequence"": 308}"
6172500,tx_start,6,1854,"{""airtime_us"": 1316}"
6173816,packet_delivered,6,1854,"{""latency_us"": 1318}"
6180000,voice_frame_generated,1,1855,"{""sequence"": 309}"
6180000,tx_start,1,1855,"{""airtime_us"": 1316}"
6181316,packet_delivered,1,1855,"{""latency_us"": 1318}"
6182500,voice_frame_generated,2,1856,"{""sequence"": 309}"
6182500,tx_start,2,1856,"{""airtime_us"": 1316}"
6183816,packet_delivered,2,1856,"{""latency_us"": 1318}"
6185000,voice_frame_generated,3,1857,"{""sequence"": 309}"
6185000,tx_start,3,1857,"{""airtime_us"": 1316}"
6186316,packet_delivered,3,1857,"{""latency_us"": 1318}"
6187500,voice_frame_generated,4,1858,"{""sequence"": 309}"
6187500,tx_start,4,1858,"{""airtime_us"": 1316}"
6188816,packet_delivered,4,1858,"{""latency_us"": 1318}"
6190000,voice_frame_generated,5,1859,"{""sequence"": 309}"
6190000,tx_start,5,1859,"{""airtime_us"": 1316}"
6191316,packet_delivered,5,1859,"{""latency_us"": 1318}"
6192500,voice_frame_generated,6,1860,"{""sequence"": 309}"
6192500,tx_start,6,1860,"{""airtime_us"": 1316}"
6193816,packet_delivered,6,1860,"{""latency_us"": 1318}"
6200000,voice_frame_generated,1,1861,"{""sequence"": 310}"
6200000,tx_start,1,1861,"{""airtime_us"": 1316}"
6201316,packet_delivered,1,1861,"{""latency_us"": 1318}"
6202500,voice_frame_generated,2,1862,"{""sequence"": 310}"
6202500,tx_start,2,1862,"{""airtime_us"": 1316}"
6203816,packet_delivered,2,1862,"{""latency_us"": 1318}"
6205000,voice_frame_generated,3,1863,"{""sequence"": 310}"
6205000,tx_start,3,1863,"{""airtime_us"": 1316}"
6206316,packet_delivered,3,1863,"{""latency_us"": 1318}"
6207500,voice_frame_generated,4,1864,"{""sequence"": 310}"
6207500,tx_start,4,1864,"{""airtime_us"": 1316}"
6208816,packet_delivered,4,1864,"{""latency_us"": 1318}"
6210000,voice_frame_generated,5,1865,"{""sequence"": 310}"
6210000,tx_start,5,1865,"{""airtime_us"": 1316}"
6211316,packet_delivered,5,1865,"{""latency_us"": 1318}"
6212500,voice_frame_generated,6,1866,"{""sequence"": 310}"
6212500,tx_start,6,1866,"{""airtime_us"": 1316}"
6213816,packet_delivered,6,1866,"{""latency_us"": 1318}"
6220000,voice_frame_generated,1,1867,"{""sequence"": 311}"
6220000,tx_start,1,1867,"{""airtime_us"": 1316}"
6221316,packet_delivered,1,1867,"{""latency_us"": 1318}"
6222500,voice_frame_generated,2,1868,"{""sequence"": 311}"
6222500,tx_start,2,1868,"{""airtime_us"": 1316}"
6223816,packet_delivered,2,1868,"{""latency_us"": 1318}"
6225000,voice_frame_generated,3,1869,"{""sequence"": 311}"
6225000,tx_start,3,1869,"{""airtime_us"": 1316}"
6226316,packet_delivered,3,1869,"{""latency_us"": 1318}"
6227500,voice_frame_generated,4,1870,"{""sequence"": 311}"
6227500,tx_start,4,1870,"{""airtime_us"": 1316}"
6228816,packet_delivered,4,1870,"{""latency_us"": 1318}"
6230000,voice_frame_generated,5,1871,"{""sequence"": 311}"
6230000,tx_start,5,1871,"{""airtime_us"": 1316}"
6231316,packet_delivered,5,1871,"{""latency_us"": 1318}"
6232500,voice_frame_generated,6,1872,"{""sequence"": 311}"
6232500,tx_start,6,1872,"{""airtime_us"": 1316}"
6233816,packet_delivered,6,1872,"{""latency_us"": 1318}"
6240000,voice_frame_generated,1,1873,"{""sequence"": 312}"
6240000,tx_start,1,1873,"{""airtime_us"": 1316}"
6241316,packet_delivered,1,1873,"{""latency_us"": 1318}"
6242500,voice_frame_generated,2,1874,"{""sequence"": 312}"
6242500,tx_start,2,1874,"{""airtime_us"": 1316}"
6243816,packet_delivered,2,1874,"{""latency_us"": 1318}"
6245000,voice_frame_generated,3,1875,"{""sequence"": 312}"
6245000,tx_start,3,1875,"{""airtime_us"": 1316}"
6246316,packet_delivered,3,1875,"{""latency_us"": 1318}"
6247500,voice_frame_generated,4,1876,"{""sequence"": 312}"
6247500,tx_start,4,1876,"{""airtime_us"": 1316}"
6248816,packet_delivered,4,1876,"{""latency_us"": 1318}"
6250000,voice_frame_generated,5,1877,"{""sequence"": 312}"
6250000,tx_start,5,1877,"{""airtime_us"": 1316}"
6251316,packet_delivered,5,1877,"{""latency_us"": 1318}"
6252500,voice_frame_generated,6,1878,"{""sequence"": 312}"
6252500,tx_start,6,1878,"{""airtime_us"": 1316}"
6253816,packet_delivered,6,1878,"{""latency_us"": 1318}"
6260000,voice_frame_generated,1,1879,"{""sequence"": 313}"
6260000,tx_start,1,1879,"{""airtime_us"": 1316}"
6261316,packet_delivered,1,1879,"{""latency_us"": 1318}"
6262500,voice_frame_generated,2,1880,"{""sequence"": 313}"
6262500,tx_start,2,1880,"{""airtime_us"": 1316}"
6263816,packet_delivered,2,1880,"{""latency_us"": 1318}"
6265000,voice_frame_generated,3,1881,"{""sequence"": 313}"
6265000,tx_start,3,1881,"{""airtime_us"": 1316}"
6266316,packet_delivered,3,1881,"{""latency_us"": 1318}"
6267500,voice_frame_generated,4,1882,"{""sequence"": 313}"
6267500,tx_start,4,1882,"{""airtime_us"": 1316}"
6268816,packet_delivered,4,1882,"{""latency_us"": 1318}"
6270000,voice_frame_generated,5,1883,"{""sequence"": 313}"
6270000,tx_start,5,1883,"{""airtime_us"": 1316}"
6271316,packet_delivered,5,1883,"{""latency_us"": 1318}"
6272500,voice_frame_generated,6,1884,"{""sequence"": 313}"
6272500,tx_start,6,1884,"{""airtime_us"": 1316}"
6273816,packet_delivered,6,1884,"{""latency_us"": 1318}"
6280000,voice_frame_generated,1,1885,"{""sequence"": 314}"
6280000,tx_start,1,1885,"{""airtime_us"": 1316}"
6281316,packet_delivered,1,1885,"{""latency_us"": 1318}"
6282500,voice_frame_generated,2,1886,"{""sequence"": 314}"
6282500,tx_start,2,1886,"{""airtime_us"": 1316}"
6283816,packet_delivered,2,1886,"{""latency_us"": 1318}"
6285000,voice_frame_generated,3,1887,"{""sequence"": 314}"
6285000,tx_start,3,1887,"{""airtime_us"": 1316}"
6286316,packet_delivered,3,1887,"{""latency_us"": 1318}"
6287500,voice_frame_generated,4,1888,"{""sequence"": 314}"
6287500,tx_start,4,1888,"{""airtime_us"": 1316}"
6288816,packet_delivered,4,1888,"{""latency_us"": 1318}"
6290000,voice_frame_generated,5,1889,"{""sequence"": 314}"
6290000,tx_start,5,1889,"{""airtime_us"": 1316}"
6291316,packet_delivered,5,1889,"{""latency_us"": 1318}"
6292500,voice_frame_generated,6,1890,"{""sequence"": 314}"
6292500,tx_start,6,1890,"{""airtime_us"": 1316}"
6293816,packet_delivered,6,1890,"{""latency_us"": 1318}"
6300000,voice_frame_generated,1,1891,"{""sequence"": 315}"
6300000,tx_start,1,1891,"{""airtime_us"": 1316}"
6301316,packet_delivered,1,1891,"{""latency_us"": 1318}"
6302500,voice_frame_generated,2,1892,"{""sequence"": 315}"
6302500,tx_start,2,1892,"{""airtime_us"": 1316}"
6303816,packet_delivered,2,1892,"{""latency_us"": 1318}"
6305000,voice_frame_generated,3,1893,"{""sequence"": 315}"
6305000,tx_start,3,1893,"{""airtime_us"": 1316}"
6306316,packet_delivered,3,1893,"{""latency_us"": 1318}"
6307500,voice_frame_generated,4,1894,"{""sequence"": 315}"
6307500,tx_start,4,1894,"{""airtime_us"": 1316}"
6308816,packet_delivered,4,1894,"{""latency_us"": 1318}"
6310000,voice_frame_generated,5,1895,"{""sequence"": 315}"
6310000,tx_start,5,1895,"{""airtime_us"": 1316}"
6311316,packet_delivered,5,1895,"{""latency_us"": 1318}"
6312500,voice_frame_generated,6,1896,"{""sequence"": 315}"
6312500,tx_start,6,1896,"{""airtime_us"": 1316}"
6313816,packet_delivered,6,1896,"{""latency_us"": 1318}"
6320000,voice_frame_generated,1,1897,"{""sequence"": 316}"
6320000,tx_start,1,1897,"{""airtime_us"": 1316}"
6321316,packet_delivered,1,1897,"{""latency_us"": 1318}"
6322500,voice_frame_generated,2,1898,"{""sequence"": 316}"
6322500,tx_start,2,1898,"{""airtime_us"": 1316}"
6323816,packet_delivered,2,1898,"{""latency_us"": 1318}"
6325000,voice_frame_generated,3,1899,"{""sequence"": 316}"
6325000,tx_start,3,1899,"{""airtime_us"": 1316}"
6326316,packet_delivered,3,1899,"{""latency_us"": 1318}"
6327500,voice_frame_generated,4,1900,"{""sequence"": 316}"
6327500,tx_start,4,1900,"{""airtime_us"": 1316}"
6328816,packet_delivered,4,1900,"{""latency_us"": 1318}"
6330000,voice_frame_generated,5,1901,"{""sequence"": 316}"
6330000,tx_start,5,1901,"{""airtime_us"": 1316}"
6331316,packet_delivered,5,1901,"{""latency_us"": 1318}"
6332500,voice_frame_generated,6,1902,"{""sequence"": 316}"
6332500,tx_start,6,1902,"{""airtime_us"": 1316}"
6333816,packet_delivered,6,1902,"{""latency_us"": 1318}"
6340000,voice_frame_generated,1,1903,"{""sequence"": 317}"
6340000,tx_start,1,1903,"{""airtime_us"": 1316}"
6341316,packet_delivered,1,1903,"{""latency_us"": 1318}"
6342500,voice_frame_generated,2,1904,"{""sequence"": 317}"
6342500,tx_start,2,1904,"{""airtime_us"": 1316}"
6343816,packet_delivered,2,1904,"{""latency_us"": 1318}"
6345000,voice_frame_generated,3,1905,"{""sequence"": 317}"
6345000,tx_start,3,1905,"{""airtime_us"": 1316}"
6346316,packet_delivered,3,1905,"{""latency_us"": 1318}"
6347500,voice_frame_generated,4,1906,"{""sequence"": 317}"
6347500,tx_start,4,1906,"{""airtime_us"": 1316}"
6348816,packet_delivered,4,1906,"{""latency_us"": 1318}"
6350000,voice_frame_generated,5,1907,"{""sequence"": 317}"
6350000,tx_start,5,1907,"{""airtime_us"": 1316}"
6351316,packet_delivered,5,1907,"{""latency_us"": 1318}"
6352500,voice_frame_generated,6,1908,"{""sequence"": 317}"
6352500,tx_start,6,1908,"{""airtime_us"": 1316}"
6353816,packet_delivered,6,1908,"{""latency_us"": 1318}"
6360000,voice_frame_generated,1,1909,"{""sequence"": 318}"
6360000,tx_start,1,1909,"{""airtime_us"": 1316}"
6361316,packet_delivered,1,1909,"{""latency_us"": 1318}"
6362500,voice_frame_generated,2,1910,"{""sequence"": 318}"
6362500,tx_start,2,1910,"{""airtime_us"": 1316}"
6363816,packet_delivered,2,1910,"{""latency_us"": 1318}"
6365000,voice_frame_generated,3,1911,"{""sequence"": 318}"
6365000,tx_start,3,1911,"{""airtime_us"": 1316}"
6366316,packet_delivered,3,1911,"{""latency_us"": 1318}"
6367500,voice_frame_generated,4,1912,"{""sequence"": 318}"
6367500,tx_start,4,1912,"{""airtime_us"": 1316}"
6368816,packet_delivered,4,1912,"{""latency_us"": 1318}"
6370000,voice_frame_generated,5,1913,"{""sequence"": 318}"
6370000,tx_start,5,1913,"{""airtime_us"": 1316}"
6371316,packet_delivered,5,1913,"{""latency_us"": 1318}"
6372500,voice_frame_generated,6,1914,"{""sequence"": 318}"
6372500,tx_start,6,1914,"{""airtime_us"": 1316}"
6373816,packet_delivered,6,1914,"{""latency_us"": 1318}"
6380000,voice_frame_generated,1,1915,"{""sequence"": 319}"
6380000,tx_start,1,1915,"{""airtime_us"": 1316}"
6381316,packet_delivered,1,1915,"{""latency_us"": 1318}"
6382500,voice_frame_generated,2,1916,"{""sequence"": 319}"
6382500,tx_start,2,1916,"{""airtime_us"": 1316}"
6383816,packet_delivered,2,1916,"{""latency_us"": 1318}"
6385000,voice_frame_generated,3,1917,"{""sequence"": 319}"
6385000,tx_start,3,1917,"{""airtime_us"": 1316}"
6386316,packet_delivered,3,1917,"{""latency_us"": 1318}"
6387500,voice_frame_generated,4,1918,"{""sequence"": 319}"
6387500,tx_start,4,1918,"{""airtime_us"": 1316}"
6388816,packet_delivered,4,1918,"{""latency_us"": 1318}"
6390000,voice_frame_generated,5,1919,"{""sequence"": 319}"
6390000,tx_start,5,1919,"{""airtime_us"": 1316}"
6391316,packet_delivered,5,1919,"{""latency_us"": 1318}"
6392500,voice_frame_generated,6,1920,"{""sequence"": 319}"
6392500,tx_start,6,1920,"{""airtime_us"": 1316}"
6393816,packet_delivered,6,1920,"{""latency_us"": 1318}"
6400000,voice_frame_generated,1,1921,"{""sequence"": 320}"
6400000,tx_start,1,1921,"{""airtime_us"": 1316}"
6401316,packet_delivered,1,1921,"{""latency_us"": 1318}"
6402500,voice_frame_generated,2,1922,"{""sequence"": 320}"
6402500,tx_start,2,1922,"{""airtime_us"": 1316}"
6403816,packet_delivered,2,1922,"{""latency_us"": 1318}"
6405000,voice_frame_generated,3,1923,"{""sequence"": 320}"
6405000,tx_start,3,1923,"{""airtime_us"": 1316}"
6406316,packet_delivered,3,1923,"{""latency_us"": 1318}"
6407500,voice_frame_generated,4,1924,"{""sequence"": 320}"
6407500,tx_start,4,1924,"{""airtime_us"": 1316}"
6408816,packet_delivered,4,1924,"{""latency_us"": 1318}"
6410000,voice_frame_generated,5,1925,"{""sequence"": 320}"
6410000,tx_start,5,1925,"{""airtime_us"": 1316}"
6411316,packet_delivered,5,1925,"{""latency_us"": 1318}"
6412500,voice_frame_generated,6,1926,"{""sequence"": 320}"
6412500,tx_start,6,1926,"{""airtime_us"": 1316}"
6413816,packet_delivered,6,1926,"{""latency_us"": 1318}"
6420000,voice_frame_generated,1,1927,"{""sequence"": 321}"
6420000,tx_start,1,1927,"{""airtime_us"": 1316}"
6421316,packet_delivered,1,1927,"{""latency_us"": 1318}"
6422500,voice_frame_generated,2,1928,"{""sequence"": 321}"
6422500,tx_start,2,1928,"{""airtime_us"": 1316}"
6423816,packet_delivered,2,1928,"{""latency_us"": 1318}"
6425000,voice_frame_generated,3,1929,"{""sequence"": 321}"
6425000,tx_start,3,1929,"{""airtime_us"": 1316}"
6426316,packet_delivered,3,1929,"{""latency_us"": 1318}"
6427500,voice_frame_generated,4,1930,"{""sequence"": 321}"
6427500,tx_start,4,1930,"{""airtime_us"": 1316}"
6428816,packet_delivered,4,1930,"{""latency_us"": 1318}"
6430000,voice_frame_generated,5,1931,"{""sequence"": 321}"
6430000,tx_start,5,1931,"{""airtime_us"": 1316}"
6431316,packet_delivered,5,1931,"{""latency_us"": 1318}"
6432500,voice_frame_generated,6,1932,"{""sequence"": 321}"
6432500,tx_start,6,1932,"{""airtime_us"": 1316}"
6433816,packet_delivered,6,1932,"{""latency_us"": 1318}"
6440000,voice_frame_generated,1,1933,"{""sequence"": 322}"
6440000,tx_start,1,1933,"{""airtime_us"": 1316}"
6441316,packet_delivered,1,1933,"{""latency_us"": 1318}"
6442500,voice_frame_generated,2,1934,"{""sequence"": 322}"
6442500,tx_start,2,1934,"{""airtime_us"": 1316}"
6443816,packet_delivered,2,1934,"{""latency_us"": 1318}"
6445000,voice_frame_generated,3,1935,"{""sequence"": 322}"
6445000,tx_start,3,1935,"{""airtime_us"": 1316}"
6446316,packet_delivered,3,1935,"{""latency_us"": 1318}"
6447500,voice_frame_generated,4,1936,"{""sequence"": 322}"
6447500,tx_start,4,1936,"{""airtime_us"": 1316}"
6448816,packet_delivered,4,1936,"{""latency_us"": 1318}"
6450000,voice_frame_generated,5,1937,"{""sequence"": 322}"
6450000,tx_start,5,1937,"{""airtime_us"": 1316}"
6451316,packet_delivered,5,1937,"{""latency_us"": 1318}"
6452500,voice_frame_generated,6,1938,"{""sequence"": 322}"
6452500,tx_start,6,1938,"{""airtime_us"": 1316}"
6453816,packet_delivered,6,1938,"{""latency_us"": 1318}"
6460000,voice_frame_generated,1,1939,"{""sequence"": 323}"
6460000,tx_start,1,1939,"{""airtime_us"": 1316}"
6461316,packet_delivered,1,1939,"{""latency_us"": 1318}"
6462500,voice_frame_generated,2,1940,"{""sequence"": 323}"
6462500,tx_start,2,1940,"{""airtime_us"": 1316}"
6463816,packet_delivered,2,1940,"{""latency_us"": 1318}"
6465000,voice_frame_generated,3,1941,"{""sequence"": 323}"
6465000,tx_start,3,1941,"{""airtime_us"": 1316}"
6466316,packet_delivered,3,1941,"{""latency_us"": 1318}"
6467500,voice_frame_generated,4,1942,"{""sequence"": 323}"
6467500,tx_start,4,1942,"{""airtime_us"": 1316}"
6468816,packet_delivered,4,1942,"{""latency_us"": 1318}"
6470000,voice_frame_generated,5,1943,"{""sequence"": 323}"
6470000,tx_start,5,1943,"{""airtime_us"": 1316}"
6471316,packet_delivered,5,1943,"{""latency_us"": 1318}"
6472500,voice_frame_generated,6,1944,"{""sequence"": 323}"
6472500,tx_start,6,1944,"{""airtime_us"": 1316}"
6473816,packet_delivered,6,1944,"{""latency_us"": 1318}"
6480000,voice_frame_generated,1,1945,"{""sequence"": 324}"
6480000,tx_start,1,1945,"{""airtime_us"": 1316}"
6481316,packet_delivered,1,1945,"{""latency_us"": 1318}"
6482500,voice_frame_generated,2,1946,"{""sequence"": 324}"
6482500,tx_start,2,1946,"{""airtime_us"": 1316}"
6483816,packet_delivered,2,1946,"{""latency_us"": 1318}"
6485000,voice_frame_generated,3,1947,"{""sequence"": 324}"
6485000,tx_start,3,1947,"{""airtime_us"": 1316}"
6486316,packet_delivered,3,1947,"{""latency_us"": 1318}"
6487500,voice_frame_generated,4,1948,"{""sequence"": 324}"
6487500,tx_start,4,1948,"{""airtime_us"": 1316}"
6488816,packet_delivered,4,1948,"{""latency_us"": 1318}"
6490000,voice_frame_generated,5,1949,"{""sequence"": 324}"
6490000,tx_start,5,1949,"{""airtime_us"": 1316}"
6491316,packet_delivered,5,1949,"{""latency_us"": 1318}"
6492500,voice_frame_generated,6,1950,"{""sequence"": 324}"
6492500,tx_start,6,1950,"{""airtime_us"": 1316}"
6493816,packet_delivered,6,1950,"{""latency_us"": 1318}"
6500000,voice_frame_generated,1,1951,"{""sequence"": 325}"
6500000,tx_start,1,1951,"{""airtime_us"": 1316}"
6501316,packet_delivered,1,1951,"{""latency_us"": 1318}"
6502500,voice_frame_generated,2,1952,"{""sequence"": 325}"
6502500,tx_start,2,1952,"{""airtime_us"": 1316}"
6503816,packet_delivered,2,1952,"{""latency_us"": 1318}"
6505000,voice_frame_generated,3,1953,"{""sequence"": 325}"
6505000,tx_start,3,1953,"{""airtime_us"": 1316}"
6506316,packet_delivered,3,1953,"{""latency_us"": 1318}"
6507500,voice_frame_generated,4,1954,"{""sequence"": 325}"
6507500,tx_start,4,1954,"{""airtime_us"": 1316}"
6508816,packet_delivered,4,1954,"{""latency_us"": 1318}"
6510000,voice_frame_generated,5,1955,"{""sequence"": 325}"
6510000,tx_start,5,1955,"{""airtime_us"": 1316}"
6511316,packet_delivered,5,1955,"{""latency_us"": 1318}"
6512500,voice_frame_generated,6,1956,"{""sequence"": 325}"
6512500,tx_start,6,1956,"{""airtime_us"": 1316}"
6513816,packet_delivered,6,1956,"{""latency_us"": 1318}"
6520000,voice_frame_generated,1,1957,"{""sequence"": 326}"
6520000,tx_start,1,1957,"{""airtime_us"": 1316}"
6521316,packet_delivered,1,1957,"{""latency_us"": 1318}"
6522500,voice_frame_generated,2,1958,"{""sequence"": 326}"
6522500,tx_start,2,1958,"{""airtime_us"": 1316}"
6523816,packet_delivered,2,1958,"{""latency_us"": 1318}"
6525000,voice_frame_generated,3,1959,"{""sequence"": 326}"
6525000,tx_start,3,1959,"{""airtime_us"": 1316}"
6526316,packet_delivered,3,1959,"{""latency_us"": 1318}"
6527500,voice_frame_generated,4,1960,"{""sequence"": 326}"
6527500,tx_start,4,1960,"{""airtime_us"": 1316}"
6528816,packet_delivered,4,1960,"{""latency_us"": 1318}"
6530000,voice_frame_generated,5,1961,"{""sequence"": 326}"
6530000,tx_start,5,1961,"{""airtime_us"": 1316}"
6531316,packet_delivered,5,1961,"{""latency_us"": 1318}"
6532500,voice_frame_generated,6,1962,"{""sequence"": 326}"
6532500,tx_start,6,1962,"{""airtime_us"": 1316}"
6533816,packet_delivered,6,1962,"{""latency_us"": 1318}"
6540000,voice_frame_generated,1,1963,"{""sequence"": 327}"
6540000,tx_start,1,1963,"{""airtime_us"": 1316}"
6541316,packet_delivered,1,1963,"{""latency_us"": 1318}"
6542500,voice_frame_generated,2,1964,"{""sequence"": 327}"
6542500,tx_start,2,1964,"{""airtime_us"": 1316}"
6543816,packet_delivered,2,1964,"{""latency_us"": 1318}"
6545000,voice_frame_generated,3,1965,"{""sequence"": 327}"
6545000,tx_start,3,1965,"{""airtime_us"": 1316}"
6546316,packet_delivered,3,1965,"{""latency_us"": 1318}"
6547500,voice_frame_generated,4,1966,"{""sequence"": 327}"
6547500,tx_start,4,1966,"{""airtime_us"": 1316}"
6548816,packet_delivered,4,1966,"{""latency_us"": 1318}"
6550000,voice_frame_generated,5,1967,"{""sequence"": 327}"
6550000,tx_start,5,1967,"{""airtime_us"": 1316}"
6551316,packet_delivered,5,1967,"{""latency_us"": 1318}"
6552500,voice_frame_generated,6,1968,"{""sequence"": 327}"
6552500,tx_start,6,1968,"{""airtime_us"": 1316}"
6553816,packet_delivered,6,1968,"{""latency_us"": 1318}"
6560000,voice_frame_generated,1,1969,"{""sequence"": 328}"
6560000,tx_start,1,1969,"{""airtime_us"": 1316}"
6561316,packet_delivered,1,1969,"{""latency_us"": 1318}"
6562500,voice_frame_generated,2,1970,"{""sequence"": 328}"
6562500,tx_start,2,1970,"{""airtime_us"": 1316}"
6563816,packet_delivered,2,1970,"{""latency_us"": 1318}"
6565000,voice_frame_generated,3,1971,"{""sequence"": 328}"
6565000,tx_start,3,1971,"{""airtime_us"": 1316}"
6566316,packet_delivered,3,1971,"{""latency_us"": 1318}"
6567500,voice_frame_generated,4,1972,"{""sequence"": 328}"
6567500,tx_start,4,1972,"{""airtime_us"": 1316}"
6568816,packet_delivered,4,1972,"{""latency_us"": 1318}"
6570000,voice_frame_generated,5,1973,"{""sequence"": 328}"
6570000,tx_start,5,1973,"{""airtime_us"": 1316}"
6571316,packet_delivered,5,1973,"{""latency_us"": 1318}"
6572500,voice_frame_generated,6,1974,"{""sequence"": 328}"
6572500,tx_start,6,1974,"{""airtime_us"": 1316}"
6573816,packet_delivered,6,1974,"{""latency_us"": 1318}"
6580000,voice_frame_generated,1,1975,"{""sequence"": 329}"
6580000,tx_start,1,1975,"{""airtime_us"": 1316}"
6581316,packet_delivered,1,1975,"{""latency_us"": 1318}"
6582500,voice_frame_generated,2,1976,"{""sequence"": 329}"
6582500,tx_start,2,1976,"{""airtime_us"": 1316}"
6583816,packet_delivered,2,1976,"{""latency_us"": 1318}"
6585000,voice_frame_generated,3,1977,"{""sequence"": 329}"
6585000,tx_start,3,1977,"{""airtime_us"": 1316}"
6586316,packet_delivered,3,1977,"{""latency_us"": 1318}"
6587500,voice_frame_generated,4,1978,"{""sequence"": 329}"
6587500,tx_start,4,1978,"{""airtime_us"": 1316}"
6588816,packet_delivered,4,1978,"{""latency_us"": 1318}"
6590000,voice_frame_generated,5,1979,"{""sequence"": 329}"
6590000,tx_start,5,1979,"{""airtime_us"": 1316}"
6591316,packet_delivered,5,1979,"{""latency_us"": 1318}"
6592500,voice_frame_generated,6,1980,"{""sequence"": 329}"
6592500,tx_start,6,1980,"{""airtime_us"": 1316}"
6593816,packet_delivered,6,1980,"{""latency_us"": 1318}"
6600000,voice_frame_generated,1,1981,"{""sequence"": 330}"
6600000,tx_start,1,1981,"{""airtime_us"": 1316}"
6601316,packet_delivered,1,1981,"{""latency_us"": 1318}"
6602500,voice_frame_generated,2,1982,"{""sequence"": 330}"
6602500,tx_start,2,1982,"{""airtime_us"": 1316}"
6603816,packet_delivered,2,1982,"{""latency_us"": 1318}"
6605000,voice_frame_generated,3,1983,"{""sequence"": 330}"
6605000,tx_start,3,1983,"{""airtime_us"": 1316}"
6606316,packet_delivered,3,1983,"{""latency_us"": 1318}"
6607500,voice_frame_generated,4,1984,"{""sequence"": 330}"
6607500,tx_start,4,1984,"{""airtime_us"": 1316}"
6608816,packet_delivered,4,1984,"{""latency_us"": 1318}"
6610000,voice_frame_generated,5,1985,"{""sequence"": 330}"
6610000,tx_start,5,1985,"{""airtime_us"": 1316}"
6611316,packet_delivered,5,1985,"{""latency_us"": 1318}"
6612500,voice_frame_generated,6,1986,"{""sequence"": 330}"
6612500,tx_start,6,1986,"{""airtime_us"": 1316}"
6613816,packet_delivered,6,1986,"{""latency_us"": 1318}"
6620000,voice_frame_generated,1,1987,"{""sequence"": 331}"
6620000,tx_start,1,1987,"{""airtime_us"": 1316}"
6621316,packet_delivered,1,1987,"{""latency_us"": 1318}"
6622500,voice_frame_generated,2,1988,"{""sequence"": 331}"
6622500,tx_start,2,1988,"{""airtime_us"": 1316}"
6623816,packet_delivered,2,1988,"{""latency_us"": 1318}"
6625000,voice_frame_generated,3,1989,"{""sequence"": 331}"
6625000,tx_start,3,1989,"{""airtime_us"": 1316}"
6626316,packet_delivered,3,1989,"{""latency_us"": 1318}"
6627500,voice_frame_generated,4,1990,"{""sequence"": 331}"
6627500,tx_start,4,1990,"{""airtime_us"": 1316}"
6628816,packet_delivered,4,1990,"{""latency_us"": 1318}"
6630000,voice_frame_generated,5,1991,"{""sequence"": 331}"
6630000,tx_start,5,1991,"{""airtime_us"": 1316}"
6631316,packet_delivered,5,1991,"{""latency_us"": 1318}"
6632500,voice_frame_generated,6,1992,"{""sequence"": 331}"
6632500,tx_start,6,1992,"{""airtime_us"": 1316}"
6633816,packet_delivered,6,1992,"{""latency_us"": 1318}"
6640000,voice_frame_generated,1,1993,"{""sequence"": 332}"
6640000,tx_start,1,1993,"{""airtime_us"": 1316}"
6641316,packet_delivered,1,1993,"{""latency_us"": 1318}"
6642500,voice_frame_generated,2,1994,"{""sequence"": 332}"
6642500,tx_start,2,1994,"{""airtime_us"": 1316}"
6643816,packet_delivered,2,1994,"{""latency_us"": 1318}"
6645000,voice_frame_generated,3,1995,"{""sequence"": 332}"
6645000,tx_start,3,1995,"{""airtime_us"": 1316}"
6646316,packet_delivered,3,1995,"{""latency_us"": 1318}"
6647500,voice_frame_generated,4,1996,"{""sequence"": 332}"
6647500,tx_start,4,1996,"{""airtime_us"": 1316}"
6648816,packet_delivered,4,1996,"{""latency_us"": 1318}"
6650000,voice_frame_generated,5,1997,"{""sequence"": 332}"
6650000,tx_start,5,1997,"{""airtime_us"": 1316}"
6651316,packet_delivered,5,1997,"{""latency_us"": 1318}"
6652500,voice_frame_generated,6,1998,"{""sequence"": 332}"
6652500,tx_start,6,1998,"{""airtime_us"": 1316}"
6653816,packet_delivered,6,1998,"{""latency_us"": 1318}"
6660000,voice_frame_generated,1,1999,"{""sequence"": 333}"
6660000,tx_start,1,1999,"{""airtime_us"": 1316}"
6661316,packet_delivered,1,1999,"{""latency_us"": 1318}"
6662500,voice_frame_generated,2,2000,"{""sequence"": 333}"
6662500,tx_start,2,2000,"{""airtime_us"": 1316}"
6663816,packet_delivered,2,2000,"{""latency_us"": 1318}"
6665000,voice_frame_generated,3,2001,"{""sequence"": 333}"
6665000,tx_start,3,2001,"{""airtime_us"": 1316}"
6666316,packet_delivered,3,2001,"{""latency_us"": 1318}"
6667500,voice_frame_generated,4,2002,"{""sequence"": 333}"
6667500,tx_start,4,2002,"{""airtime_us"": 1316}"
6668816,packet_delivered,4,2002,"{""latency_us"": 1318}"
6670000,voice_frame_generated,5,2003,"{""sequence"": 333}"
6670000,tx_start,5,2003,"{""airtime_us"": 1316}"
6671316,packet_delivered,5,2003,"{""latency_us"": 1318}"
6672500,voice_frame_generated,6,2004,"{""sequence"": 333}"
6672500,tx_start,6,2004,"{""airtime_us"": 1316}"
6673816,packet_delivered,6,2004,"{""latency_us"": 1318}"
6680000,voice_frame_generated,1,2005,"{""sequence"": 334}"
6680000,tx_start,1,2005,"{""airtime_us"": 1316}"
6681316,packet_delivered,1,2005,"{""latency_us"": 1318}"
6682500,voice_frame_generated,2,2006,"{""sequence"": 334}"
6682500,tx_start,2,2006,"{""airtime_us"": 1316}"
6683816,packet_delivered,2,2006,"{""latency_us"": 1318}"
6685000,voice_frame_generated,3,2007,"{""sequence"": 334}"
6685000,tx_start,3,2007,"{""airtime_us"": 1316}"
6686316,packet_delivered,3,2007,"{""latency_us"": 1318}"
6687500,voice_frame_generated,4,2008,"{""sequence"": 334}"
6687500,tx_start,4,2008,"{""airtime_us"": 1316}"
6688816,packet_delivered,4,2008,"{""latency_us"": 1318}"
6690000,voice_frame_generated,5,2009,"{""sequence"": 334}"
6690000,tx_start,5,2009,"{""airtime_us"": 1316}"
6691316,packet_delivered,5,2009,"{""latency_us"": 1318}"
6692500,voice_frame_generated,6,2010,"{""sequence"": 334}"
6692500,tx_start,6,2010,"{""airtime_us"": 1316}"
6693816,packet_delivered,6,2010,"{""latency_us"": 1318}"
6700000,voice_frame_generated,1,2011,"{""sequence"": 335}"
6700000,tx_start,1,2011,"{""airtime_us"": 1316}"
6701316,packet_delivered,1,2011,"{""latency_us"": 1318}"
6702500,voice_frame_generated,2,2012,"{""sequence"": 335}"
6702500,tx_start,2,2012,"{""airtime_us"": 1316}"
6703816,packet_delivered,2,2012,"{""latency_us"": 1318}"
6705000,voice_frame_generated,3,2013,"{""sequence"": 335}"
6705000,tx_start,3,2013,"{""airtime_us"": 1316}"
6706316,packet_delivered,3,2013,"{""latency_us"": 1318}"
6707500,voice_frame_generated,4,2014,"{""sequence"": 335}"
6707500,tx_start,4,2014,"{""airtime_us"": 1316}"
6708816,packet_delivered,4,2014,"{""latency_us"": 1318}"
6710000,voice_frame_generated,5,2015,"{""sequence"": 335}"
6710000,tx_start,5,2015,"{""airtime_us"": 1316}"
6711316,packet_delivered,5,2015,"{""latency_us"": 1318}"
6712500,voice_frame_generated,6,2016,"{""sequence"": 335}"
6712500,tx_start,6,2016,"{""airtime_us"": 1316}"
6713816,packet_delivered,6,2016,"{""latency_us"": 1318}"
6720000,voice_frame_generated,1,2017,"{""sequence"": 336}"
6720000,tx_start,1,2017,"{""airtime_us"": 1316}"
6721316,packet_delivered,1,2017,"{""latency_us"": 1318}"
6722500,voice_frame_generated,2,2018,"{""sequence"": 336}"
6722500,tx_start,2,2018,"{""airtime_us"": 1316}"
6723816,packet_delivered,2,2018,"{""latency_us"": 1318}"
6725000,voice_frame_generated,3,2019,"{""sequence"": 336}"
6725000,tx_start,3,2019,"{""airtime_us"": 1316}"
6726316,packet_delivered,3,2019,"{""latency_us"": 1318}"
6727500,voice_frame_generated,4,2020,"{""sequence"": 336}"
6727500,tx_start,4,2020,"{""airtime_us"": 1316}"
6728816,packet_delivered,4,2020,"{""latency_us"": 1318}"
6730000,voice_frame_generated,5,2021,"{""sequence"": 336}"
6730000,tx_start,5,2021,"{""airtime_us"": 1316}"
6731316,packet_delivered,5,2021,"{""latency_us"": 1318}"
6732500,voice_frame_generated,6,2022,"{""sequence"": 336}"
6732500,tx_start,6,2022,"{""airtime_us"": 1316}"
6733816,packet_delivered,6,2022,"{""latency_us"": 1318}"
6740000,voice_frame_generated,1,2023,"{""sequence"": 337}"
6740000,tx_start,1,2023,"{""airtime_us"": 1316}"
6741316,packet_delivered,1,2023,"{""latency_us"": 1318}"
6742500,voice_frame_generated,2,2024,"{""sequence"": 337}"
6742500,tx_start,2,2024,"{""airtime_us"": 1316}"
6743816,packet_delivered,2,2024,"{""latency_us"": 1318}"
6745000,voice_frame_generated,3,2025,"{""sequence"": 337}"
6745000,tx_start,3,2025,"{""airtime_us"": 1316}"
6746316,packet_delivered,3,2025,"{""latency_us"": 1318}"
6747500,voice_frame_generated,4,2026,"{""sequence"": 337}"
6747500,tx_start,4,2026,"{""airtime_us"": 1316}"
6748816,packet_delivered,4,2026,"{""latency_us"": 1318}"
6750000,voice_frame_generated,5,2027,"{""sequence"": 337}"
6750000,tx_start,5,2027,"{""airtime_us"": 1316}"
6751316,packet_delivered,5,2027,"{""latency_us"": 1318}"
6752500,voice_frame_generated,6,2028,"{""sequence"": 337}"
6752500,tx_start,6,2028,"{""airtime_us"": 1316}"
6753816,packet_delivered,6,2028,"{""latency_us"": 1318}"
6760000,voice_frame_generated,1,2029,"{""sequence"": 338}"
6760000,tx_start,1,2029,"{""airtime_us"": 1316}"
6761316,packet_delivered,1,2029,"{""latency_us"": 1318}"
6762500,voice_frame_generated,2,2030,"{""sequence"": 338}"
6762500,tx_start,2,2030,"{""airtime_us"": 1316}"
6763816,packet_delivered,2,2030,"{""latency_us"": 1318}"
6765000,voice_frame_generated,3,2031,"{""sequence"": 338}"
6765000,tx_start,3,2031,"{""airtime_us"": 1316}"
6766316,packet_delivered,3,2031,"{""latency_us"": 1318}"
6767500,voice_frame_generated,4,2032,"{""sequence"": 338}"
6767500,tx_start,4,2032,"{""airtime_us"": 1316}"
6768816,packet_delivered,4,2032,"{""latency_us"": 1318}"
6770000,voice_frame_generated,5,2033,"{""sequence"": 338}"
6770000,tx_start,5,2033,"{""airtime_us"": 1316}"
6771316,packet_delivered,5,2033,"{""latency_us"": 1318}"
6772500,voice_frame_generated,6,2034,"{""sequence"": 338}"
6772500,tx_start,6,2034,"{""airtime_us"": 1316}"
6773816,packet_delivered,6,2034,"{""latency_us"": 1318}"
6780000,voice_frame_generated,1,2035,"{""sequence"": 339}"
6780000,tx_start,1,2035,"{""airtime_us"": 1316}"
6781316,packet_delivered,1,2035,"{""latency_us"": 1318}"
6782500,voice_frame_generated,2,2036,"{""sequence"": 339}"
6782500,tx_start,2,2036,"{""airtime_us"": 1316}"
6783816,packet_delivered,2,2036,"{""latency_us"": 1318}"
6785000,voice_frame_generated,3,2037,"{""sequence"": 339}"
6785000,tx_start,3,2037,"{""airtime_us"": 1316}"
6786316,packet_delivered,3,2037,"{""latency_us"": 1318}"
6787500,voice_frame_generated,4,2038,"{""sequence"": 339}"
6787500,tx_start,4,2038,"{""airtime_us"": 1316}"
6788816,packet_delivered,4,2038,"{""latency_us"": 1318}"
6790000,voice_frame_generated,5,2039,"{""sequence"": 339}"
6790000,tx_start,5,2039,"{""airtime_us"": 1316}"
6791316,packet_delivered,5,2039,"{""latency_us"": 1318}"
6792500,voice_frame_generated,6,2040,"{""sequence"": 339}"
6792500,tx_start,6,2040,"{""airtime_us"": 1316}"
6793816,packet_delivered,6,2040,"{""latency_us"": 1318}"
6800000,voice_frame_generated,1,2041,"{""sequence"": 340}"
6800000,tx_start,1,2041,"{""airtime_us"": 1316}"
6801316,packet_delivered,1,2041,"{""latency_us"": 1318}"
6802500,voice_frame_generated,2,2042,"{""sequence"": 340}"
6802500,tx_start,2,2042,"{""airtime_us"": 1316}"
6803816,packet_delivered,2,2042,"{""latency_us"": 1318}"
6805000,voice_frame_generated,3,2043,"{""sequence"": 340}"
6805000,tx_start,3,2043,"{""airtime_us"": 1316}"
6806316,packet_delivered,3,2043,"{""latency_us"": 1318}"
6807500,voice_frame_generated,4,2044,"{""sequence"": 340}"
6807500,tx_start,4,2044,"{""airtime_us"": 1316}"
6808816,packet_delivered,4,2044,"{""latency_us"": 1318}"
6810000,voice_frame_generated,5,2045,"{""sequence"": 340}"
6810000,tx_start,5,2045,"{""airtime_us"": 1316}"
6811316,packet_delivered,5,2045,"{""latency_us"": 1318}"
6812500,voice_frame_generated,6,2046,"{""sequence"": 340}"
6812500,tx_start,6,2046,"{""airtime_us"": 1316}"
6813816,packet_delivered,6,2046,"{""latency_us"": 1318}"
6820000,voice_frame_generated,1,2047,"{""sequence"": 341}"
6820000,tx_start,1,2047,"{""airtime_us"": 1316}"
6821316,packet_delivered,1,2047,"{""latency_us"": 1318}"
6822500,voice_frame_generated,2,2048,"{""sequence"": 341}"
6822500,tx_start,2,2048,"{""airtime_us"": 1316}"
6823816,packet_delivered,2,2048,"{""latency_us"": 1318}"
6825000,voice_frame_generated,3,2049,"{""sequence"": 341}"
6825000,tx_start,3,2049,"{""airtime_us"": 1316}"
6826316,packet_delivered,3,2049,"{""latency_us"": 1318}"
6827500,voice_frame_generated,4,2050,"{""sequence"": 341}"
6827500,tx_start,4,2050,"{""airtime_us"": 1316}"
6828816,packet_delivered,4,2050,"{""latency_us"": 1318}"
6830000,voice_frame_generated,5,2051,"{""sequence"": 341}"
6830000,tx_start,5,2051,"{""airtime_us"": 1316}"
6831316,packet_delivered,5,2051,"{""latency_us"": 1318}"
6832500,voice_frame_generated,6,2052,"{""sequence"": 341}"
6832500,tx_start,6,2052,"{""airtime_us"": 1316}"
6833816,packet_delivered,6,2052,"{""latency_us"": 1318}"
6840000,voice_frame_generated,1,2053,"{""sequence"": 342}"
6840000,tx_start,1,2053,"{""airtime_us"": 1316}"
6841316,packet_delivered,1,2053,"{""latency_us"": 1318}"
6842500,voice_frame_generated,2,2054,"{""sequence"": 342}"
6842500,tx_start,2,2054,"{""airtime_us"": 1316}"
6843816,packet_delivered,2,2054,"{""latency_us"": 1318}"
6845000,voice_frame_generated,3,2055,"{""sequence"": 342}"
6845000,tx_start,3,2055,"{""airtime_us"": 1316}"
6846316,packet_delivered,3,2055,"{""latency_us"": 1318}"
6847500,voice_frame_generated,4,2056,"{""sequence"": 342}"
6847500,tx_start,4,2056,"{""airtime_us"": 1316}"
6848816,packet_delivered,4,2056,"{""latency_us"": 1318}"
6850000,voice_frame_generated,5,2057,"{""sequence"": 342}"
6850000,tx_start,5,2057,"{""airtime_us"": 1316}"
6851316,packet_delivered,5,2057,"{""latency_us"": 1318}"
6852500,voice_frame_generated,6,2058,"{""sequence"": 342}"
6852500,tx_start,6,2058,"{""airtime_us"": 1316}"
6853816,packet_delivered,6,2058,"{""latency_us"": 1318}"
6860000,voice_frame_generated,1,2059,"{""sequence"": 343}"
6860000,tx_start,1,2059,"{""airtime_us"": 1316}"
6861316,packet_delivered,1,2059,"{""latency_us"": 1318}"
6862500,voice_frame_generated,2,2060,"{""sequence"": 343}"
6862500,tx_start,2,2060,"{""airtime_us"": 1316}"
6863816,packet_delivered,2,2060,"{""latency_us"": 1318}"
6865000,voice_frame_generated,3,2061,"{""sequence"": 343}"
6865000,tx_start,3,2061,"{""airtime_us"": 1316}"
6866316,packet_delivered,3,2061,"{""latency_us"": 1318}"
6867500,voice_frame_generated,4,2062,"{""sequence"": 343}"
6867500,tx_start,4,2062,"{""airtime_us"": 1316}"
6868816,packet_delivered,4,2062,"{""latency_us"": 1318}"
6870000,voice_frame_generated,5,2063,"{""sequence"": 343}"
6870000,tx_start,5,2063,"{""airtime_us"": 1316}"
6871316,packet_delivered,5,2063,"{""latency_us"": 1318}"
6872500,voice_frame_generated,6,2064,"{""sequence"": 343}"
6872500,tx_start,6,2064,"{""airtime_us"": 1316}"
6873816,packet_delivered,6,2064,"{""latency_us"": 1318}"
6880000,voice_frame_generated,1,2065,"{""sequence"": 344}"
6880000,tx_start,1,2065,"{""airtime_us"": 1316}"
6881316,packet_delivered,1,2065,"{""latency_us"": 1318}"
6882500,voice_frame_generated,2,2066,"{""sequence"": 344}"
6882500,tx_start,2,2066,"{""airtime_us"": 1316}"
6883816,packet_delivered,2,2066,"{""latency_us"": 1318}"
6885000,voice_frame_generated,3,2067,"{""sequence"": 344}"
6885000,tx_start,3,2067,"{""airtime_us"": 1316}"
6886316,packet_delivered,3,2067,"{""latency_us"": 1318}"
6887500,voice_frame_generated,4,2068,"{""sequence"": 344}"
6887500,tx_start,4,2068,"{""airtime_us"": 1316}"
6888816,packet_delivered,4,2068,"{""latency_us"": 1318}"
6890000,voice_frame_generated,5,2069,"{""sequence"": 344}"
6890000,tx_start,5,2069,"{""airtime_us"": 1316}"
6891316,packet_delivered,5,2069,"{""latency_us"": 1318}"
6892500,voice_frame_generated,6,2070,"{""sequence"": 344}"
6892500,tx_start,6,2070,"{""airtime_us"": 1316}"
6893816,packet_delivered,6,2070,"{""latency_us"": 1318}"
6900000,voice_frame_generated,1,2071,"{""sequence"": 345}"
6900000,tx_start,1,2071,"{""airtime_us"": 1316}"
6901316,packet_delivered,1,2071,"{""latency_us"": 1318}"
6902500,voice_frame_generated,2,2072,"{""sequence"": 345}"
6902500,tx_start,2,2072,"{""airtime_us"": 1316}"
6903816,packet_delivered,2,2072,"{""latency_us"": 1318}"
6905000,voice_frame_generated,3,2073,"{""sequence"": 345}"
6905000,tx_start,3,2073,"{""airtime_us"": 1316}"
6906316,packet_delivered,3,2073,"{""latency_us"": 1318}"
6907500,voice_frame_generated,4,2074,"{""sequence"": 345}"
6907500,tx_start,4,2074,"{""airtime_us"": 1316}"
6908816,packet_delivered,4,2074,"{""latency_us"": 1318}"
6910000,voice_frame_generated,5,2075,"{""sequence"": 345}"
6910000,tx_start,5,2075,"{""airtime_us"": 1316}"
6911316,packet_delivered,5,2075,"{""latency_us"": 1318}"
6912500,voice_frame_generated,6,2076,"{""sequence"": 345}"
6912500,tx_start,6,2076,"{""airtime_us"": 1316}"
6913816,packet_delivered,6,2076,"{""latency_us"": 1318}"
6920000,voice_frame_generated,1,2077,"{""sequence"": 346}"
6920000,tx_start,1,2077,"{""airtime_us"": 1316}"
6921316,packet_delivered,1,2077,"{""latency_us"": 1318}"
6922500,voice_frame_generated,2,2078,"{""sequence"": 346}"
6922500,tx_start,2,2078,"{""airtime_us"": 1316}"
6923816,packet_delivered,2,2078,"{""latency_us"": 1318}"
6925000,voice_frame_generated,3,2079,"{""sequence"": 346}"
6925000,tx_start,3,2079,"{""airtime_us"": 1316}"
6926316,packet_delivered,3,2079,"{""latency_us"": 1318}"
6927500,voice_frame_generated,4,2080,"{""sequence"": 346}"
6927500,tx_start,4,2080,"{""airtime_us"": 1316}"
6928816,packet_delivered,4,2080,"{""latency_us"": 1318}"
6930000,voice_frame_generated,5,2081,"{""sequence"": 346}"
6930000,tx_start,5,2081,"{""airtime_us"": 1316}"
6931316,packet_delivered,5,2081,"{""latency_us"": 1318}"
6932500,voice_frame_generated,6,2082,"{""sequence"": 346}"
6932500,tx_start,6,2082,"{""airtime_us"": 1316}"
6933816,packet_delivered,6,2082,"{""latency_us"": 1318}"
6940000,voice_frame_generated,1,2083,"{""sequence"": 347}"
6940000,tx_start,1,2083,"{""airtime_us"": 1316}"
6941316,packet_delivered,1,2083,"{""latency_us"": 1318}"
6942500,voice_frame_generated,2,2084,"{""sequence"": 347}"
6942500,tx_start,2,2084,"{""airtime_us"": 1316}"
6943816,packet_delivered,2,2084,"{""latency_us"": 1318}"
6945000,voice_frame_generated,3,2085,"{""sequence"": 347}"
6945000,tx_start,3,2085,"{""airtime_us"": 1316}"
6946316,packet_delivered,3,2085,"{""latency_us"": 1318}"
6947500,voice_frame_generated,4,2086,"{""sequence"": 347}"
6947500,tx_start,4,2086,"{""airtime_us"": 1316}"
6948816,packet_delivered,4,2086,"{""latency_us"": 1318}"
6950000,voice_frame_generated,5,2087,"{""sequence"": 347}"
6950000,tx_start,5,2087,"{""airtime_us"": 1316}"
6951316,packet_delivered,5,2087,"{""latency_us"": 1318}"
6952500,voice_frame_generated,6,2088,"{""sequence"": 347}"
6952500,tx_start,6,2088,"{""airtime_us"": 1316}"
6953816,packet_delivered,6,2088,"{""latency_us"": 1318}"
6960000,voice_frame_generated,1,2089,"{""sequence"": 348}"
6960000,tx_start,1,2089,"{""airtime_us"": 1316}"
6961316,packet_delivered,1,2089,"{""latency_us"": 1318}"
6962500,voice_frame_generated,2,2090,"{""sequence"": 348}"
6962500,tx_start,2,2090,"{""airtime_us"": 1316}"
6963816,packet_delivered,2,2090,"{""latency_us"": 1318}"
6965000,voice_frame_generated,3,2091,"{""sequence"": 348}"
6965000,tx_start,3,2091,"{""airtime_us"": 1316}"
6966316,packet_delivered,3,2091,"{""latency_us"": 1318}"
6967500,voice_frame_generated,4,2092,"{""sequence"": 348}"
6967500,tx_start,4,2092,"{""airtime_us"": 1316}"
6968816,packet_delivered,4,2092,"{""latency_us"": 1318}"
6970000,voice_frame_generated,5,2093,"{""sequence"": 348}"
6970000,tx_start,5,2093,"{""airtime_us"": 1316}"
6971316,packet_delivered,5,2093,"{""latency_us"": 1318}"
6972500,voice_frame_generated,6,2094,"{""sequence"": 348}"
6972500,tx_start,6,2094,"{""airtime_us"": 1316}"
6973816,packet_delivered,6,2094,"{""latency_us"": 1318}"
6980000,voice_frame_generated,1,2095,"{""sequence"": 349}"
6980000,tx_start,1,2095,"{""airtime_us"": 1316}"
6981316,packet_delivered,1,2095,"{""latency_us"": 1318}"
6982500,voice_frame_generated,2,2096,"{""sequence"": 349}"
6982500,tx_start,2,2096,"{""airtime_us"": 1316}"
6983816,packet_delivered,2,2096,"{""latency_us"": 1318}"
6985000,voice_frame_generated,3,2097,"{""sequence"": 349}"
6985000,tx_start,3,2097,"{""airtime_us"": 1316}"
6986316,packet_delivered,3,2097,"{""latency_us"": 1318}"
6987500,voice_frame_generated,4,2098,"{""sequence"": 349}"
6987500,tx_start,4,2098,"{""airtime_us"": 1316}"
6988816,packet_delivered,4,2098,"{""latency_us"": 1318}"
6990000,voice_frame_generated,5,2099,"{""sequence"": 349}"
6990000,tx_start,5,2099,"{""airtime_us"": 1316}"
6991316,packet_delivered,5,2099,"{""latency_us"": 1318}"
6992500,voice_frame_generated,6,2100,"{""sequence"": 349}"
6992500,tx_start,6,2100,"{""airtime_us"": 1316}"
6993816,packet_delivered,6,2100,"{""latency_us"": 1318}"
7000000,voice_frame_generated,1,2101,"{""sequence"": 350}"
7000000,tx_start,1,2101,"{""airtime_us"": 1316}"
7001316,packet_delivered,1,2101,"{""latency_us"": 1318}"
7002500,voice_frame_generated,2,2102,"{""sequence"": 350}"
7002500,tx_start,2,2102,"{""airtime_us"": 1316}"
7003816,packet_delivered,2,2102,"{""latency_us"": 1318}"
7005000,voice_frame_generated,3,2103,"{""sequence"": 350}"
7005000,tx_start,3,2103,"{""airtime_us"": 1316}"
7006316,packet_delivered,3,2103,"{""latency_us"": 1318}"
7007500,voice_frame_generated,4,2104,"{""sequence"": 350}"
7007500,tx_start,4,2104,"{""airtime_us"": 1316}"
7008816,packet_delivered,4,2104,"{""latency_us"": 1318}"
7010000,voice_frame_generated,5,2105,"{""sequence"": 350}"
7010000,tx_start,5,2105,"{""airtime_us"": 1316}"
7011316,packet_delivered,5,2105,"{""latency_us"": 1318}"
7012500,voice_frame_generated,6,2106,"{""sequence"": 350}"
7012500,tx_start,6,2106,"{""airtime_us"": 1316}"
7013816,packet_delivered,6,2106,"{""latency_us"": 1318}"
7020000,voice_frame_generated,1,2107,"{""sequence"": 351}"
7020000,tx_start,1,2107,"{""airtime_us"": 1316}"
7021316,packet_delivered,1,2107,"{""latency_us"": 1318}"
7022500,voice_frame_generated,2,2108,"{""sequence"": 351}"
7022500,tx_start,2,2108,"{""airtime_us"": 1316}"
7023816,packet_delivered,2,2108,"{""latency_us"": 1318}"
7025000,voice_frame_generated,3,2109,"{""sequence"": 351}"
7025000,tx_start,3,2109,"{""airtime_us"": 1316}"
7026316,packet_delivered,3,2109,"{""latency_us"": 1318}"
7027500,voice_frame_generated,4,2110,"{""sequence"": 351}"
7027500,tx_start,4,2110,"{""airtime_us"": 1316}"
7028816,packet_delivered,4,2110,"{""latency_us"": 1318}"
7030000,voice_frame_generated,5,2111,"{""sequence"": 351}"
7030000,tx_start,5,2111,"{""airtime_us"": 1316}"
7031316,packet_delivered,5,2111,"{""latency_us"": 1318}"
7032500,voice_frame_generated,6,2112,"{""sequence"": 351}"
7032500,tx_start,6,2112,"{""airtime_us"": 1316}"
7033816,packet_delivered,6,2112,"{""latency_us"": 1318}"
7040000,voice_frame_generated,1,2113,"{""sequence"": 352}"
7040000,tx_start,1,2113,"{""airtime_us"": 1316}"
7041316,packet_delivered,1,2113,"{""latency_us"": 1318}"
7042500,voice_frame_generated,2,2114,"{""sequence"": 352}"
7042500,tx_start,2,2114,"{""airtime_us"": 1316}"
7043816,packet_delivered,2,2114,"{""latency_us"": 1318}"
7045000,voice_frame_generated,3,2115,"{""sequence"": 352}"
7045000,tx_start,3,2115,"{""airtime_us"": 1316}"
7046316,packet_delivered,3,2115,"{""latency_us"": 1318}"
7047500,voice_frame_generated,4,2116,"{""sequence"": 352}"
7047500,tx_start,4,2116,"{""airtime_us"": 1316}"
7048816,packet_delivered,4,2116,"{""latency_us"": 1318}"
7050000,voice_frame_generated,5,2117,"{""sequence"": 352}"
7050000,tx_start,5,2117,"{""airtime_us"": 1316}"
7051316,packet_delivered,5,2117,"{""latency_us"": 1318}"
7052500,voice_frame_generated,6,2118,"{""sequence"": 352}"
7052500,tx_start,6,2118,"{""airtime_us"": 1316}"
7053816,packet_delivered,6,2118,"{""latency_us"": 1318}"
7060000,voice_frame_generated,1,2119,"{""sequence"": 353}"
7060000,tx_start,1,2119,"{""airtime_us"": 1316}"
7061316,packet_delivered,1,2119,"{""latency_us"": 1318}"
7062500,voice_frame_generated,2,2120,"{""sequence"": 353}"
7062500,tx_start,2,2120,"{""airtime_us"": 1316}"
7063816,packet_delivered,2,2120,"{""latency_us"": 1318}"
7065000,voice_frame_generated,3,2121,"{""sequence"": 353}"
7065000,tx_start,3,2121,"{""airtime_us"": 1316}"
7066316,packet_delivered,3,2121,"{""latency_us"": 1318}"
7067500,voice_frame_generated,4,2122,"{""sequence"": 353}"
7067500,tx_start,4,2122,"{""airtime_us"": 1316}"
7068816,packet_delivered,4,2122,"{""latency_us"": 1318}"
7070000,voice_frame_generated,5,2123,"{""sequence"": 353}"
7070000,tx_start,5,2123,"{""airtime_us"": 1316}"
7071316,packet_delivered,5,2123,"{""latency_us"": 1318}"
7072500,voice_frame_generated,6,2124,"{""sequence"": 353}"
7072500,tx_start,6,2124,"{""airtime_us"": 1316}"
7073816,packet_delivered,6,2124,"{""latency_us"": 1318}"
7080000,voice_frame_generated,1,2125,"{""sequence"": 354}"
7080000,tx_start,1,2125,"{""airtime_us"": 1316}"
7081316,packet_delivered,1,2125,"{""latency_us"": 1318}"
7082500,voice_frame_generated,2,2126,"{""sequence"": 354}"
7082500,tx_start,2,2126,"{""airtime_us"": 1316}"
7083816,packet_delivered,2,2126,"{""latency_us"": 1318}"
7085000,voice_frame_generated,3,2127,"{""sequence"": 354}"
7085000,tx_start,3,2127,"{""airtime_us"": 1316}"
7086316,packet_delivered,3,2127,"{""latency_us"": 1318}"
7087500,voice_frame_generated,4,2128,"{""sequence"": 354}"
7087500,tx_start,4,2128,"{""airtime_us"": 1316}"
7088816,packet_delivered,4,2128,"{""latency_us"": 1318}"
7090000,voice_frame_generated,5,2129,"{""sequence"": 354}"
7090000,tx_start,5,2129,"{""airtime_us"": 1316}"
7091316,packet_delivered,5,2129,"{""latency_us"": 1318}"
7092500,voice_frame_generated,6,2130,"{""sequence"": 354}"
7092500,tx_start,6,2130,"{""airtime_us"": 1316}"
7093816,packet_delivered,6,2130,"{""latency_us"": 1318}"
7100000,voice_frame_generated,1,2131,"{""sequence"": 355}"
7100000,tx_start,1,2131,"{""airtime_us"": 1316}"
7101316,packet_delivered,1,2131,"{""latency_us"": 1318}"
7102500,voice_frame_generated,2,2132,"{""sequence"": 355}"
7102500,tx_start,2,2132,"{""airtime_us"": 1316}"
7103816,packet_delivered,2,2132,"{""latency_us"": 1318}"
7105000,voice_frame_generated,3,2133,"{""sequence"": 355}"
7105000,tx_start,3,2133,"{""airtime_us"": 1316}"
7106316,packet_delivered,3,2133,"{""latency_us"": 1318}"
7107500,voice_frame_generated,4,2134,"{""sequence"": 355}"
7107500,tx_start,4,2134,"{""airtime_us"": 1316}"
7108816,packet_delivered,4,2134,"{""latency_us"": 1318}"
7110000,voice_frame_generated,5,2135,"{""sequence"": 355}"
7110000,tx_start,5,2135,"{""airtime_us"": 1316}"
7111316,packet_delivered,5,2135,"{""latency_us"": 1318}"
7112500,voice_frame_generated,6,2136,"{""sequence"": 355}"
7112500,tx_start,6,2136,"{""airtime_us"": 1316}"
7113816,packet_delivered,6,2136,"{""latency_us"": 1318}"
7120000,voice_frame_generated,1,2137,"{""sequence"": 356}"
7120000,tx_start,1,2137,"{""airtime_us"": 1316}"
7121316,packet_delivered,1,2137,"{""latency_us"": 1318}"
7122500,voice_frame_generated,2,2138,"{""sequence"": 356}"
7122500,tx_start,2,2138,"{""airtime_us"": 1316}"
7123816,packet_delivered,2,2138,"{""latency_us"": 1318}"
7125000,voice_frame_generated,3,2139,"{""sequence"": 356}"
7125000,tx_start,3,2139,"{""airtime_us"": 1316}"
7126316,packet_delivered,3,2139,"{""latency_us"": 1318}"
7127500,voice_frame_generated,4,2140,"{""sequence"": 356}"
7127500,tx_start,4,2140,"{""airtime_us"": 1316}"
7128816,packet_delivered,4,2140,"{""latency_us"": 1318}"
7130000,voice_frame_generated,5,2141,"{""sequence"": 356}"
7130000,tx_start,5,2141,"{""airtime_us"": 1316}"
7131316,packet_delivered,5,2141,"{""latency_us"": 1318}"
7132500,voice_frame_generated,6,2142,"{""sequence"": 356}"
7132500,tx_start,6,2142,"{""airtime_us"": 1316}"
7133816,packet_delivered,6,2142,"{""latency_us"": 1318}"
7140000,voice_frame_generated,1,2143,"{""sequence"": 357}"
7140000,tx_start,1,2143,"{""airtime_us"": 1316}"
7141316,packet_delivered,1,2143,"{""latency_us"": 1318}"
7142500,voice_frame_generated,2,2144,"{""sequence"": 357}"
7142500,tx_start,2,2144,"{""airtime_us"": 1316}"
7143816,packet_delivered,2,2144,"{""latency_us"": 1318}"
7145000,voice_frame_generated,3,2145,"{""sequence"": 357}"
7145000,tx_start,3,2145,"{""airtime_us"": 1316}"
7146316,packet_delivered,3,2145,"{""latency_us"": 1318}"
7147500,voice_frame_generated,4,2146,"{""sequence"": 357}"
7147500,tx_start,4,2146,"{""airtime_us"": 1316}"
7148816,packet_delivered,4,2146,"{""latency_us"": 1318}"
7150000,voice_frame_generated,5,2147,"{""sequence"": 357}"
7150000,tx_start,5,2147,"{""airtime_us"": 1316}"
7151316,packet_delivered,5,2147,"{""latency_us"": 1318}"
7152500,voice_frame_generated,6,2148,"{""sequence"": 357}"
7152500,tx_start,6,2148,"{""airtime_us"": 1316}"
7153816,packet_delivered,6,2148,"{""latency_us"": 1318}"
7160000,voice_frame_generated,1,2149,"{""sequence"": 358}"
7160000,tx_start,1,2149,"{""airtime_us"": 1316}"
7161316,packet_delivered,1,2149,"{""latency_us"": 1318}"
7162500,voice_frame_generated,2,2150,"{""sequence"": 358}"
7162500,tx_start,2,2150,"{""airtime_us"": 1316}"
7163816,packet_delivered,2,2150,"{""latency_us"": 1318}"
7165000,voice_frame_generated,3,2151,"{""sequence"": 358}"
7165000,tx_start,3,2151,"{""airtime_us"": 1316}"
7166316,packet_delivered,3,2151,"{""latency_us"": 1318}"
7167500,voice_frame_generated,4,2152,"{""sequence"": 358}"
7167500,tx_start,4,2152,"{""airtime_us"": 1316}"
7168816,packet_delivered,4,2152,"{""latency_us"": 1318}"
7170000,voice_frame_generated,5,2153,"{""sequence"": 358}"
7170000,tx_start,5,2153,"{""airtime_us"": 1316}"
7171316,packet_delivered,5,2153,"{""latency_us"": 1318}"
7172500,voice_frame_generated,6,2154,"{""sequence"": 358}"
7172500,tx_start,6,2154,"{""airtime_us"": 1316}"
7173816,packet_delivered,6,2154,"{""latency_us"": 1318}"
7180000,voice_frame_generated,1,2155,"{""sequence"": 359}"
7180000,tx_start,1,2155,"{""airtime_us"": 1316}"
7181316,packet_delivered,1,2155,"{""latency_us"": 1318}"
7182500,voice_frame_generated,2,2156,"{""sequence"": 359}"
7182500,tx_start,2,2156,"{""airtime_us"": 1316}"
7183816,packet_delivered,2,2156,"{""latency_us"": 1318}"
7185000,voice_frame_generated,3,2157,"{""sequence"": 359}"
7185000,tx_start,3,2157,"{""airtime_us"": 1316}"
7186316,packet_delivered,3,2157,"{""latency_us"": 1318}"
7187500,voice_frame_generated,4,2158,"{""sequence"": 359}"
7187500,tx_start,4,2158,"{""airtime_us"": 1316}"
7188816,packet_delivered,4,2158,"{""latency_us"": 1318}"
7190000,voice_frame_generated,5,2159,"{""sequence"": 359}"
7190000,tx_start,5,2159,"{""airtime_us"": 1316}"
7191316,packet_delivered,5,2159,"{""latency_us"": 1318}"
7192500,voice_frame_generated,6,2160,"{""sequence"": 359}"
7192500,tx_start,6,2160,"{""airtime_us"": 1316}"
7193816,packet_delivered,6,2160,"{""latency_us"": 1318}"
7200000,voice_frame_generated,1,2161,"{""sequence"": 360}"
7200000,tx_start,1,2161,"{""airtime_us"": 1316}"
7201316,packet_delivered,1,2161,"{""latency_us"": 1318}"
7202500,voice_frame_generated,2,2162,"{""sequence"": 360}"
7202500,tx_start,2,2162,"{""airtime_us"": 1316}"
7203816,packet_delivered,2,2162,"{""latency_us"": 1318}"
7205000,voice_frame_generated,3,2163,"{""sequence"": 360}"
7205000,tx_start,3,2163,"{""airtime_us"": 1316}"
7206316,packet_delivered,3,2163,"{""latency_us"": 1318}"
7207500,voice_frame_generated,4,2164,"{""sequence"": 360}"
7207500,tx_start,4,2164,"{""airtime_us"": 1316}"
7208816,packet_delivered,4,2164,"{""latency_us"": 1318}"
7210000,voice_frame_generated,5,2165,"{""sequence"": 360}"
7210000,tx_start,5,2165,"{""airtime_us"": 1316}"
7211316,packet_delivered,5,2165,"{""latency_us"": 1318}"
7212500,voice_frame_generated,6,2166,"{""sequence"": 360}"
7212500,tx_start,6,2166,"{""airtime_us"": 1316}"
7213816,packet_delivered,6,2166,"{""latency_us"": 1318}"
7220000,voice_frame_generated,1,2167,"{""sequence"": 361}"
7220000,tx_start,1,2167,"{""airtime_us"": 1316}"
7221316,packet_delivered,1,2167,"{""latency_us"": 1318}"
7222500,voice_frame_generated,2,2168,"{""sequence"": 361}"
7222500,tx_start,2,2168,"{""airtime_us"": 1316}"
7223816,packet_delivered,2,2168,"{""latency_us"": 1318}"
7225000,voice_frame_generated,3,2169,"{""sequence"": 361}"
7225000,tx_start,3,2169,"{""airtime_us"": 1316}"
7226316,packet_delivered,3,2169,"{""latency_us"": 1318}"
7227500,voice_frame_generated,4,2170,"{""sequence"": 361}"
7227500,tx_start,4,2170,"{""airtime_us"": 1316}"
7228816,packet_delivered,4,2170,"{""latency_us"": 1318}"
7230000,voice_frame_generated,5,2171,"{""sequence"": 361}"
7230000,tx_start,5,2171,"{""airtime_us"": 1316}"
7231316,packet_delivered,5,2171,"{""latency_us"": 1318}"
7232500,voice_frame_generated,6,2172,"{""sequence"": 361}"
7232500,tx_start,6,2172,"{""airtime_us"": 1316}"
7233816,packet_delivered,6,2172,"{""latency_us"": 1318}"
7240000,voice_frame_generated,1,2173,"{""sequence"": 362}"
7240000,tx_start,1,2173,"{""airtime_us"": 1316}"
7241316,packet_delivered,1,2173,"{""latency_us"": 1318}"
7242500,voice_frame_generated,2,2174,"{""sequence"": 362}"
7242500,tx_start,2,2174,"{""airtime_us"": 1316}"
7243816,packet_delivered,2,2174,"{""latency_us"": 1318}"
7245000,voice_frame_generated,3,2175,"{""sequence"": 362}"
7245000,tx_start,3,2175,"{""airtime_us"": 1316}"
7246316,packet_delivered,3,2175,"{""latency_us"": 1318}"
7247500,voice_frame_generated,4,2176,"{""sequence"": 362}"
7247500,tx_start,4,2176,"{""airtime_us"": 1316}"
7248816,packet_delivered,4,2176,"{""latency_us"": 1318}"
7250000,voice_frame_generated,5,2177,"{""sequence"": 362}"
7250000,tx_start,5,2177,"{""airtime_us"": 1316}"
7251316,packet_delivered,5,2177,"{""latency_us"": 1318}"
7252500,voice_frame_generated,6,2178,"{""sequence"": 362}"
7252500,tx_start,6,2178,"{""airtime_us"": 1316}"
7253816,packet_delivered,6,2178,"{""latency_us"": 1318}"
7260000,voice_frame_generated,1,2179,"{""sequence"": 363}"
7260000,tx_start,1,2179,"{""airtime_us"": 1316}"
7261316,packet_delivered,1,2179,"{""latency_us"": 1318}"
7262500,voice_frame_generated,2,2180,"{""sequence"": 363}"
7262500,tx_start,2,2180,"{""airtime_us"": 1316}"
7263816,packet_delivered,2,2180,"{""latency_us"": 1318}"
7265000,voice_frame_generated,3,2181,"{""sequence"": 363}"
7265000,tx_start,3,2181,"{""airtime_us"": 1316}"
7266316,packet_delivered,3,2181,"{""latency_us"": 1318}"
7267500,voice_frame_generated,4,2182,"{""sequence"": 363}"
7267500,tx_start,4,2182,"{""airtime_us"": 1316}"
7268816,packet_delivered,4,2182,"{""latency_us"": 1318}"
7270000,voice_frame_generated,5,2183,"{""sequence"": 363}"
7270000,tx_start,5,2183,"{""airtime_us"": 1316}"
7271316,packet_delivered,5,2183,"{""latency_us"": 1318}"
7272500,voice_frame_generated,6,2184,"{""sequence"": 363}"
7272500,tx_start,6,2184,"{""airtime_us"": 1316}"
7273816,packet_delivered,6,2184,"{""latency_us"": 1318}"
7280000,voice_frame_generated,1,2185,"{""sequence"": 364}"
7280000,tx_start,1,2185,"{""airtime_us"": 1316}"
7281316,packet_delivered,1,2185,"{""latency_us"": 1318}"
7282500,voice_frame_generated,2,2186,"{""sequence"": 364}"
7282500,tx_start,2,2186,"{""airtime_us"": 1316}"
7283816,packet_delivered,2,2186,"{""latency_us"": 1318}"
7285000,voice_frame_generated,3,2187,"{""sequence"": 364}"
7285000,tx_start,3,2187,"{""airtime_us"": 1316}"
7286316,packet_delivered,3,2187,"{""latency_us"": 1318}"
7287500,voice_frame_generated,4,2188,"{""sequence"": 364}"
7287500,tx_start,4,2188,"{""airtime_us"": 1316}"
7288816,packet_delivered,4,2188,"{""latency_us"": 1318}"
7290000,voice_frame_generated,5,2189,"{""sequence"": 364}"
7290000,tx_start,5,2189,"{""airtime_us"": 1316}"
7291316,packet_delivered,5,2189,"{""latency_us"": 1318}"
7292500,voice_frame_generated,6,2190,"{""sequence"": 364}"
7292500,tx_start,6,2190,"{""airtime_us"": 1316}"
7293816,packet_delivered,6,2190,"{""latency_us"": 1318}"
7300000,voice_frame_generated,1,2191,"{""sequence"": 365}"
7300000,tx_start,1,2191,"{""airtime_us"": 1316}"
7301316,packet_delivered,1,2191,"{""latency_us"": 1318}"
7302500,voice_frame_generated,2,2192,"{""sequence"": 365}"
7302500,tx_start,2,2192,"{""airtime_us"": 1316}"
7303816,packet_delivered,2,2192,"{""latency_us"": 1318}"
7305000,voice_frame_generated,3,2193,"{""sequence"": 365}"
7305000,tx_start,3,2193,"{""airtime_us"": 1316}"
7306316,packet_delivered,3,2193,"{""latency_us"": 1318}"
7307500,voice_frame_generated,4,2194,"{""sequence"": 365}"
7307500,tx_start,4,2194,"{""airtime_us"": 1316}"
7308816,packet_delivered,4,2194,"{""latency_us"": 1318}"
7310000,voice_frame_generated,5,2195,"{""sequence"": 365}"
7310000,tx_start,5,2195,"{""airtime_us"": 1316}"
7311316,packet_delivered,5,2195,"{""latency_us"": 1318}"
7312500,voice_frame_generated,6,2196,"{""sequence"": 365}"
7312500,tx_start,6,2196,"{""airtime_us"": 1316}"
7313816,packet_delivered,6,2196,"{""latency_us"": 1318}"
7320000,voice_frame_generated,1,2197,"{""sequence"": 366}"
7320000,tx_start,1,2197,"{""airtime_us"": 1316}"
7321316,packet_delivered,1,2197,"{""latency_us"": 1318}"
7322500,voice_frame_generated,2,2198,"{""sequence"": 366}"
7322500,tx_start,2,2198,"{""airtime_us"": 1316}"
7323816,packet_delivered,2,2198,"{""latency_us"": 1318}"
7325000,voice_frame_generated,3,2199,"{""sequence"": 366}"
7325000,tx_start,3,2199,"{""airtime_us"": 1316}"
7326316,packet_delivered,3,2199,"{""latency_us"": 1318}"
7327500,voice_frame_generated,4,2200,"{""sequence"": 366}"
7327500,tx_start,4,2200,"{""airtime_us"": 1316}"
7328816,packet_delivered,4,2200,"{""latency_us"": 1318}"
7330000,voice_frame_generated,5,2201,"{""sequence"": 366}"
7330000,tx_start,5,2201,"{""airtime_us"": 1316}"
7331316,packet_delivered,5,2201,"{""latency_us"": 1318}"
7332500,voice_frame_generated,6,2202,"{""sequence"": 366}"
7332500,tx_start,6,2202,"{""airtime_us"": 1316}"
7333816,packet_delivered,6,2202,"{""latency_us"": 1318}"
7340000,voice_frame_generated,1,2203,"{""sequence"": 367}"
7340000,tx_start,1,2203,"{""airtime_us"": 1316}"
7341316,packet_delivered,1,2203,"{""latency_us"": 1318}"
7342500,voice_frame_generated,2,2204,"{""sequence"": 367}"
7342500,tx_start,2,2204,"{""airtime_us"": 1316}"
7343816,packet_delivered,2,2204,"{""latency_us"": 1318}"
7345000,voice_frame_generated,3,2205,"{""sequence"": 367}"
7345000,tx_start,3,2205,"{""airtime_us"": 1316}"
7346316,packet_delivered,3,2205,"{""latency_us"": 1318}"
7347500,voice_frame_generated,4,2206,"{""sequence"": 367}"
7347500,tx_start,4,2206,"{""airtime_us"": 1316}"
7348816,packet_delivered,4,2206,"{""latency_us"": 1318}"
7350000,voice_frame_generated,5,2207,"{""sequence"": 367}"
7350000,tx_start,5,2207,"{""airtime_us"": 1316}"
7351316,packet_delivered,5,2207,"{""latency_us"": 1318}"
7352500,voice_frame_generated,6,2208,"{""sequence"": 367}"
7352500,tx_start,6,2208,"{""airtime_us"": 1316}"
7353816,packet_delivered,6,2208,"{""latency_us"": 1318}"
7360000,voice_frame_generated,1,2209,"{""sequence"": 368}"
7360000,tx_start,1,2209,"{""airtime_us"": 1316}"
7361316,packet_delivered,1,2209,"{""latency_us"": 1318}"
7362500,voice_frame_generated,2,2210,"{""sequence"": 368}"
7362500,tx_start,2,2210,"{""airtime_us"": 1316}"
7363816,packet_delivered,2,2210,"{""latency_us"": 1318}"
7365000,voice_frame_generated,3,2211,"{""sequence"": 368}"
7365000,tx_start,3,2211,"{""airtime_us"": 1316}"
7366316,packet_delivered,3,2211,"{""latency_us"": 1318}"
7367500,voice_frame_generated,4,2212,"{""sequence"": 368}"
7367500,tx_start,4,2212,"{""airtime_us"": 1316}"
7368816,packet_delivered,4,2212,"{""latency_us"": 1318}"
7370000,voice_frame_generated,5,2213,"{""sequence"": 368}"
7370000,tx_start,5,2213,"{""airtime_us"": 1316}"
7371316,packet_delivered,5,2213,"{""latency_us"": 1318}"
7372500,voice_frame_generated,6,2214,"{""sequence"": 368}"
7372500,tx_start,6,2214,"{""airtime_us"": 1316}"
7373816,packet_delivered,6,2214,"{""latency_us"": 1318}"
7380000,voice_frame_generated,1,2215,"{""sequence"": 369}"
7380000,tx_start,1,2215,"{""airtime_us"": 1316}"
7381316,packet_delivered,1,2215,"{""latency_us"": 1318}"
7382500,voice_frame_generated,2,2216,"{""sequence"": 369}"
7382500,tx_start,2,2216,"{""airtime_us"": 1316}"
7383816,packet_delivered,2,2216,"{""latency_us"": 1318}"
7385000,voice_frame_generated,3,2217,"{""sequence"": 369}"
7385000,tx_start,3,2217,"{""airtime_us"": 1316}"
7386316,packet_delivered,3,2217,"{""latency_us"": 1318}"
7387500,voice_frame_generated,4,2218,"{""sequence"": 369}"
7387500,tx_start,4,2218,"{""airtime_us"": 1316}"
7388816,packet_delivered,4,2218,"{""latency_us"": 1318}"
7390000,voice_frame_generated,5,2219,"{""sequence"": 369}"
7390000,tx_start,5,2219,"{""airtime_us"": 1316}"
7391316,packet_delivered,5,2219,"{""latency_us"": 1318}"
7392500,voice_frame_generated,6,2220,"{""sequence"": 369}"
7392500,tx_start,6,2220,"{""airtime_us"": 1316}"
7393816,packet_delivered,6,2220,"{""latency_us"": 1318}"
7400000,voice_frame_generated,1,2221,"{""sequence"": 370}"
7400000,tx_start,1,2221,"{""airtime_us"": 1316}"
7401316,packet_delivered,1,2221,"{""latency_us"": 1318}"
7402500,voice_frame_generated,2,2222,"{""sequence"": 370}"
7402500,tx_start,2,2222,"{""airtime_us"": 1316}"
7403816,packet_delivered,2,2222,"{""latency_us"": 1318}"
7405000,voice_frame_generated,3,2223,"{""sequence"": 370}"
7405000,tx_start,3,2223,"{""airtime_us"": 1316}"
7406316,packet_delivered,3,2223,"{""latency_us"": 1318}"
7407500,voice_frame_generated,4,2224,"{""sequence"": 370}"
7407500,tx_start,4,2224,"{""airtime_us"": 1316}"
7408816,packet_delivered,4,2224,"{""latency_us"": 1318}"
7410000,voice_frame_generated,5,2225,"{""sequence"": 370}"
7410000,tx_start,5,2225,"{""airtime_us"": 1316}"
7411316,packet_delivered,5,2225,"{""latency_us"": 1318}"
7412500,voice_frame_generated,6,2226,"{""sequence"": 370}"
7412500,tx_start,6,2226,"{""airtime_us"": 1316}"
7413816,packet_delivered,6,2226,"{""latency_us"": 1318}"
7420000,voice_frame_generated,1,2227,"{""sequence"": 371}"
7420000,tx_start,1,2227,"{""airtime_us"": 1316}"
7421316,packet_delivered,1,2227,"{""latency_us"": 1318}"
7422500,voice_frame_generated,2,2228,"{""sequence"": 371}"
7422500,tx_start,2,2228,"{""airtime_us"": 1316}"
7423816,packet_delivered,2,2228,"{""latency_us"": 1318}"
7425000,voice_frame_generated,3,2229,"{""sequence"": 371}"
7425000,tx_start,3,2229,"{""airtime_us"": 1316}"
7426316,packet_delivered,3,2229,"{""latency_us"": 1318}"
7427500,voice_frame_generated,4,2230,"{""sequence"": 371}"
7427500,tx_start,4,2230,"{""airtime_us"": 1316}"
7428816,packet_delivered,4,2230,"{""latency_us"": 1318}"
7430000,voice_frame_generated,5,2231,"{""sequence"": 371}"
7430000,tx_start,5,2231,"{""airtime_us"": 1316}"
7431316,packet_delivered,5,2231,"{""latency_us"": 1318}"
7432500,voice_frame_generated,6,2232,"{""sequence"": 371}"
7432500,tx_start,6,2232,"{""airtime_us"": 1316}"
7433816,packet_delivered,6,2232,"{""latency_us"": 1318}"
7440000,voice_frame_generated,1,2233,"{""sequence"": 372}"
7440000,tx_start,1,2233,"{""airtime_us"": 1316}"
7441316,packet_delivered,1,2233,"{""latency_us"": 1318}"
7442500,voice_frame_generated,2,2234,"{""sequence"": 372}"
7442500,tx_start,2,2234,"{""airtime_us"": 1316}"
7443816,packet_delivered,2,2234,"{""latency_us"": 1318}"
7445000,voice_frame_generated,3,2235,"{""sequence"": 372}"
7445000,tx_start,3,2235,"{""airtime_us"": 1316}"
7446316,packet_delivered,3,2235,"{""latency_us"": 1318}"
7447500,voice_frame_generated,4,2236,"{""sequence"": 372}"
7447500,tx_start,4,2236,"{""airtime_us"": 1316}"
7448816,packet_delivered,4,2236,"{""latency_us"": 1318}"
7450000,voice_frame_generated,5,2237,"{""sequence"": 372}"
7450000,tx_start,5,2237,"{""airtime_us"": 1316}"
7451316,packet_delivered,5,2237,"{""latency_us"": 1318}"
7452500,voice_frame_generated,6,2238,"{""sequence"": 372}"
7452500,tx_start,6,2238,"{""airtime_us"": 1316}"
7453816,packet_delivered,6,2238,"{""latency_us"": 1318}"
7460000,voice_frame_generated,1,2239,"{""sequence"": 373}"
7460000,tx_start,1,2239,"{""airtime_us"": 1316}"
7461316,packet_delivered,1,2239,"{""latency_us"": 1318}"
7462500,voice_frame_generated,2,2240,"{""sequence"": 373}"
7462500,tx_start,2,2240,"{""airtime_us"": 1316}"
7463816,packet_delivered,2,2240,"{""latency_us"": 1318}"
7465000,voice_frame_generated,3,2241,"{""sequence"": 373}"
7465000,tx_start,3,2241,"{""airtime_us"": 1316}"
7466316,packet_delivered,3,2241,"{""latency_us"": 1318}"
7467500,voice_frame_generated,4,2242,"{""sequence"": 373}"
7467500,tx_start,4,2242,"{""airtime_us"": 1316}"
7468816,packet_delivered,4,2242,"{""latency_us"": 1318}"
7470000,voice_frame_generated,5,2243,"{""sequence"": 373}"
7470000,tx_start,5,2243,"{""airtime_us"": 1316}"
7471316,packet_delivered,5,2243,"{""latency_us"": 1318}"
7472500,voice_frame_generated,6,2244,"{""sequence"": 373}"
7472500,tx_start,6,2244,"{""airtime_us"": 1316}"
7473816,packet_delivered,6,2244,"{""latency_us"": 1318}"
7480000,voice_frame_generated,1,2245,"{""sequence"": 374}"
7480000,tx_start,1,2245,"{""airtime_us"": 1316}"
7481316,packet_delivered,1,2245,"{""latency_us"": 1318}"
7482500,voice_frame_generated,2,2246,"{""sequence"": 374}"
7482500,tx_start,2,2246,"{""airtime_us"": 1316}"
7483816,packet_delivered,2,2246,"{""latency_us"": 1318}"
7485000,voice_frame_generated,3,2247,"{""sequence"": 374}"
7485000,tx_start,3,2247,"{""airtime_us"": 1316}"
7486316,packet_delivered,3,2247,"{""latency_us"": 1318}"
7487500,voice_frame_generated,4,2248,"{""sequence"": 374}"
7487500,tx_start,4,2248,"{""airtime_us"": 1316}"
7488816,packet_delivered,4,2248,"{""latency_us"": 1318}"
7490000,voice_frame_generated,5,2249,"{""sequence"": 374}"
7490000,tx_start,5,2249,"{""airtime_us"": 1316}"
7491316,packet_delivered,5,2249,"{""latency_us"": 1318}"
7492500,voice_frame_generated,6,2250,"{""sequence"": 374}"
7492500,tx_start,6,2250,"{""airtime_us"": 1316}"
7493816,packet_delivered,6,2250,"{""latency_us"": 1318}"
7500000,voice_frame_generated,1,2251,"{""sequence"": 375}"
7500000,tx_start,1,2251,"{""airtime_us"": 1316}"
7501316,packet_delivered,1,2251,"{""latency_us"": 1318}"
7502500,voice_frame_generated,2,2252,"{""sequence"": 375}"
7502500,tx_start,2,2252,"{""airtime_us"": 1316}"
7503816,packet_delivered,2,2252,"{""latency_us"": 1318}"
7505000,voice_frame_generated,3,2253,"{""sequence"": 375}"
7505000,tx_start,3,2253,"{""airtime_us"": 1316}"
7506316,packet_delivered,3,2253,"{""latency_us"": 1318}"
7507500,voice_frame_generated,4,2254,"{""sequence"": 375}"
7507500,tx_start,4,2254,"{""airtime_us"": 1316}"
7508816,packet_delivered,4,2254,"{""latency_us"": 1318}"
7510000,voice_frame_generated,5,2255,"{""sequence"": 375}"
7510000,tx_start,5,2255,"{""airtime_us"": 1316}"
7511316,packet_delivered,5,2255,"{""latency_us"": 1318}"
7512500,voice_frame_generated,6,2256,"{""sequence"": 375}"
7512500,tx_start,6,2256,"{""airtime_us"": 1316}"
7513816,packet_delivered,6,2256,"{""latency_us"": 1318}"
7520000,voice_frame_generated,1,2257,"{""sequence"": 376}"
7520000,tx_start,1,2257,"{""airtime_us"": 1316}"
7521316,packet_delivered,1,2257,"{""latency_us"": 1318}"
7522500,voice_frame_generated,2,2258,"{""sequence"": 376}"
7522500,tx_start,2,2258,"{""airtime_us"": 1316}"
7523816,packet_delivered,2,2258,"{""latency_us"": 1318}"
7525000,voice_frame_generated,3,2259,"{""sequence"": 376}"
7525000,tx_start,3,2259,"{""airtime_us"": 1316}"
7526316,packet_delivered,3,2259,"{""latency_us"": 1318}"
7527500,voice_frame_generated,4,2260,"{""sequence"": 376}"
7527500,tx_start,4,2260,"{""airtime_us"": 1316}"
7528816,packet_delivered,4,2260,"{""latency_us"": 1318}"
7530000,voice_frame_generated,5,2261,"{""sequence"": 376}"
7530000,tx_start,5,2261,"{""airtime_us"": 1316}"
7531316,packet_delivered,5,2261,"{""latency_us"": 1318}"
7532500,voice_frame_generated,6,2262,"{""sequence"": 376}"
7532500,tx_start,6,2262,"{""airtime_us"": 1316}"
7533816,packet_delivered,6,2262,"{""latency_us"": 1318}"
7540000,voice_frame_generated,1,2263,"{""sequence"": 377}"
7540000,tx_start,1,2263,"{""airtime_us"": 1316}"
7541316,packet_delivered,1,2263,"{""latency_us"": 1318}"
7542500,voice_frame_generated,2,2264,"{""sequence"": 377}"
7542500,tx_start,2,2264,"{""airtime_us"": 1316}"
7543816,packet_delivered,2,2264,"{""latency_us"": 1318}"
7545000,voice_frame_generated,3,2265,"{""sequence"": 377}"
7545000,tx_start,3,2265,"{""airtime_us"": 1316}"
7546316,packet_delivered,3,2265,"{""latency_us"": 1318}"
7547500,voice_frame_generated,4,2266,"{""sequence"": 377}"
7547500,tx_start,4,2266,"{""airtime_us"": 1316}"
7548816,packet_delivered,4,2266,"{""latency_us"": 1318}"
7550000,voice_frame_generated,5,2267,"{""sequence"": 377}"
7550000,tx_start,5,2267,"{""airtime_us"": 1316}"
7551316,packet_delivered,5,2267,"{""latency_us"": 1318}"
7552500,voice_frame_generated,6,2268,"{""sequence"": 377}"
7552500,tx_start,6,2268,"{""airtime_us"": 1316}"
7553816,packet_delivered,6,2268,"{""latency_us"": 1318}"
7560000,voice_frame_generated,1,2269,"{""sequence"": 378}"
7560000,tx_start,1,2269,"{""airtime_us"": 1316}"
7561316,packet_delivered,1,2269,"{""latency_us"": 1318}"
7562500,voice_frame_generated,2,2270,"{""sequence"": 378}"
7562500,tx_start,2,2270,"{""airtime_us"": 1316}"
7563816,packet_delivered,2,2270,"{""latency_us"": 1318}"
7565000,voice_frame_generated,3,2271,"{""sequence"": 378}"
7565000,tx_start,3,2271,"{""airtime_us"": 1316}"
7566316,packet_delivered,3,2271,"{""latency_us"": 1318}"
7567500,voice_frame_generated,4,2272,"{""sequence"": 378}"
7567500,tx_start,4,2272,"{""airtime_us"": 1316}"
7568816,packet_delivered,4,2272,"{""latency_us"": 1318}"
7570000,voice_frame_generated,5,2273,"{""sequence"": 378}"
7570000,tx_start,5,2273,"{""airtime_us"": 1316}"
7571316,packet_delivered,5,2273,"{""latency_us"": 1318}"
7572500,voice_frame_generated,6,2274,"{""sequence"": 378}"
7572500,tx_start,6,2274,"{""airtime_us"": 1316}"
7573816,packet_delivered,6,2274,"{""latency_us"": 1318}"
7580000,voice_frame_generated,1,2275,"{""sequence"": 379}"
7580000,tx_start,1,2275,"{""airtime_us"": 1316}"
7581316,packet_delivered,1,2275,"{""latency_us"": 1318}"
7582500,voice_frame_generated,2,2276,"{""sequence"": 379}"
7582500,tx_start,2,2276,"{""airtime_us"": 1316}"
7583816,packet_delivered,2,2276,"{""latency_us"": 1318}"
7585000,voice_frame_generated,3,2277,"{""sequence"": 379}"
7585000,tx_start,3,2277,"{""airtime_us"": 1316}"
7586316,packet_delivered,3,2277,"{""latency_us"": 1318}"
7587500,voice_frame_generated,4,2278,"{""sequence"": 379}"
7587500,tx_start,4,2278,"{""airtime_us"": 1316}"
7588816,packet_delivered,4,2278,"{""latency_us"": 1318}"
7590000,voice_frame_generated,5,2279,"{""sequence"": 379}"
7590000,tx_start,5,2279,"{""airtime_us"": 1316}"
7591316,packet_delivered,5,2279,"{""latency_us"": 1318}"
7592500,voice_frame_generated,6,2280,"{""sequence"": 379}"
7592500,tx_start,6,2280,"{""airtime_us"": 1316}"
7593816,packet_delivered,6,2280,"{""latency_us"": 1318}"
7600000,voice_frame_generated,1,2281,"{""sequence"": 380}"
7600000,tx_start,1,2281,"{""airtime_us"": 1316}"
7601316,packet_delivered,1,2281,"{""latency_us"": 1318}"
7602500,voice_frame_generated,2,2282,"{""sequence"": 380}"
7602500,tx_start,2,2282,"{""airtime_us"": 1316}"
7603816,packet_delivered,2,2282,"{""latency_us"": 1318}"
7605000,voice_frame_generated,3,2283,"{""sequence"": 380}"
7605000,tx_start,3,2283,"{""airtime_us"": 1316}"
7606316,packet_delivered,3,2283,"{""latency_us"": 1318}"
7607500,voice_frame_generated,4,2284,"{""sequence"": 380}"
7607500,tx_start,4,2284,"{""airtime_us"": 1316}"
7608816,packet_delivered,4,2284,"{""latency_us"": 1318}"
7610000,voice_frame_generated,5,2285,"{""sequence"": 380}"
7610000,tx_start,5,2285,"{""airtime_us"": 1316}"
7611316,packet_delivered,5,2285,"{""latency_us"": 1318}"
7612500,voice_frame_generated,6,2286,"{""sequence"": 380}"
7612500,tx_start,6,2286,"{""airtime_us"": 1316}"
7613816,packet_delivered,6,2286,"{""latency_us"": 1318}"
7620000,voice_frame_generated,1,2287,"{""sequence"": 381}"
7620000,tx_start,1,2287,"{""airtime_us"": 1316}"
7621316,packet_delivered,1,2287,"{""latency_us"": 1318}"
7622500,voice_frame_generated,2,2288,"{""sequence"": 381}"
7622500,tx_start,2,2288,"{""airtime_us"": 1316}"
7623816,packet_delivered,2,2288,"{""latency_us"": 1318}"
7625000,voice_frame_generated,3,2289,"{""sequence"": 381}"
7625000,tx_start,3,2289,"{""airtime_us"": 1316}"
7626316,packet_delivered,3,2289,"{""latency_us"": 1318}"
7627500,voice_frame_generated,4,2290,"{""sequence"": 381}"
7627500,tx_start,4,2290,"{""airtime_us"": 1316}"
7628816,packet_delivered,4,2290,"{""latency_us"": 1318}"
7630000,voice_frame_generated,5,2291,"{""sequence"": 381}"
7630000,tx_start,5,2291,"{""airtime_us"": 1316}"
7631316,packet_delivered,5,2291,"{""latency_us"": 1318}"
7632500,voice_frame_generated,6,2292,"{""sequence"": 381}"
7632500,tx_start,6,2292,"{""airtime_us"": 1316}"
7633816,packet_delivered,6,2292,"{""latency_us"": 1318}"
7640000,voice_frame_generated,1,2293,"{""sequence"": 382}"
7640000,tx_start,1,2293,"{""airtime_us"": 1316}"
7641316,packet_delivered,1,2293,"{""latency_us"": 1318}"
7642500,voice_frame_generated,2,2294,"{""sequence"": 382}"
7642500,tx_start,2,2294,"{""airtime_us"": 1316}"
7643816,packet_delivered,2,2294,"{""latency_us"": 1318}"
7645000,voice_frame_generated,3,2295,"{""sequence"": 382}"
7645000,tx_start,3,2295,"{""airtime_us"": 1316}"
7646316,packet_delivered,3,2295,"{""latency_us"": 1318}"
7647500,voice_frame_generated,4,2296,"{""sequence"": 382}"
7647500,tx_start,4,2296,"{""airtime_us"": 1316}"
7648816,packet_delivered,4,2296,"{""latency_us"": 1318}"
7650000,voice_frame_generated,5,2297,"{""sequence"": 382}"
7650000,tx_start,5,2297,"{""airtime_us"": 1316}"
7651316,packet_delivered,5,2297,"{""latency_us"": 1318}"
7652500,voice_frame_generated,6,2298,"{""sequence"": 382}"
7652500,tx_start,6,2298,"{""airtime_us"": 1316}"
7653816,packet_delivered,6,2298,"{""latency_us"": 1318}"
7660000,voice_frame_generated,1,2299,"{""sequence"": 383}"
7660000,tx_start,1,2299,"{""airtime_us"": 1316}"
7661316,packet_delivered,1,2299,"{""latency_us"": 1318}"
7662500,voice_frame_generated,2,2300,"{""sequence"": 383}"
7662500,tx_start,2,2300,"{""airtime_us"": 1316}"
7663816,packet_delivered,2,2300,"{""latency_us"": 1318}"
7665000,voice_frame_generated,3,2301,"{""sequence"": 383}"
7665000,tx_start,3,2301,"{""airtime_us"": 1316}"
7666316,packet_delivered,3,2301,"{""latency_us"": 1318}"
7667500,voice_frame_generated,4,2302,"{""sequence"": 383}"
7667500,tx_start,4,2302,"{""airtime_us"": 1316}"
7668816,packet_delivered,4,2302,"{""latency_us"": 1318}"
7670000,voice_frame_generated,5,2303,"{""sequence"": 383}"
7670000,tx_start,5,2303,"{""airtime_us"": 1316}"
7671316,packet_delivered,5,2303,"{""latency_us"": 1318}"
7672500,voice_frame_generated,6,2304,"{""sequence"": 383}"
7672500,tx_start,6,2304,"{""airtime_us"": 1316}"
7673816,packet_delivered,6,2304,"{""latency_us"": 1318}"
7680000,voice_frame_generated,1,2305,"{""sequence"": 384}"
7680000,tx_start,1,2305,"{""airtime_us"": 1316}"
7681316,packet_delivered,1,2305,"{""latency_us"": 1318}"
7682500,voice_frame_generated,2,2306,"{""sequence"": 384}"
7682500,tx_start,2,2306,"{""airtime_us"": 1316}"
7683816,packet_delivered,2,2306,"{""latency_us"": 1318}"
7685000,voice_frame_generated,3,2307,"{""sequence"": 384}"
7685000,tx_start,3,2307,"{""airtime_us"": 1316}"
7686316,packet_delivered,3,2307,"{""latency_us"": 1318}"
7687500,voice_frame_generated,4,2308,"{""sequence"": 384}"
7687500,tx_start,4,2308,"{""airtime_us"": 1316}"
7688816,packet_delivered,4,2308,"{""latency_us"": 1318}"
7690000,voice_frame_generated,5,2309,"{""sequence"": 384}"
7690000,tx_start,5,2309,"{""airtime_us"": 1316}"
7691316,packet_delivered,5,2309,"{""latency_us"": 1318}"
7692500,voice_frame_generated,6,2310,"{""sequence"": 384}"
7692500,tx_start,6,2310,"{""airtime_us"": 1316}"
7693816,packet_delivered,6,2310,"{""latency_us"": 1318}"
7700000,voice_frame_generated,1,2311,"{""sequence"": 385}"
7700000,tx_start,1,2311,"{""airtime_us"": 1316}"
7701316,packet_delivered,1,2311,"{""latency_us"": 1318}"
7702500,voice_frame_generated,2,2312,"{""sequence"": 385}"
7702500,tx_start,2,2312,"{""airtime_us"": 1316}"
7703816,packet_delivered,2,2312,"{""latency_us"": 1318}"
7705000,voice_frame_generated,3,2313,"{""sequence"": 385}"
7705000,tx_start,3,2313,"{""airtime_us"": 1316}"
7706316,packet_delivered,3,2313,"{""latency_us"": 1318}"
7707500,voice_frame_generated,4,2314,"{""sequence"": 385}"
7707500,tx_start,4,2314,"{""airtime_us"": 1316}"
7708816,packet_delivered,4,2314,"{""latency_us"": 1318}"
7710000,voice_frame_generated,5,2315,"{""sequence"": 385}"
7710000,tx_start,5,2315,"{""airtime_us"": 1316}"
7711316,packet_delivered,5,2315,"{""latency_us"": 1318}"
7712500,voice_frame_generated,6,2316,"{""sequence"": 385}"
7712500,tx_start,6,2316,"{""airtime_us"": 1316}"
7713816,packet_delivered,6,2316,"{""latency_us"": 1318}"
7720000,voice_frame_generated,1,2317,"{""sequence"": 386}"
7720000,tx_start,1,2317,"{""airtime_us"": 1316}"
7721316,packet_delivered,1,2317,"{""latency_us"": 1318}"
7722500,voice_frame_generated,2,2318,"{""sequence"": 386}"
7722500,tx_start,2,2318,"{""airtime_us"": 1316}"
7723816,packet_delivered,2,2318,"{""latency_us"": 1318}"
7725000,voice_frame_generated,3,2319,"{""sequence"": 386}"
7725000,tx_start,3,2319,"{""airtime_us"": 1316}"
7726316,packet_delivered,3,2319,"{""latency_us"": 1318}"
7727500,voice_frame_generated,4,2320,"{""sequence"": 386}"
7727500,tx_start,4,2320,"{""airtime_us"": 1316}"
7728816,packet_delivered,4,2320,"{""latency_us"": 1318}"
7730000,voice_frame_generated,5,2321,"{""sequence"": 386}"
7730000,tx_start,5,2321,"{""airtime_us"": 1316}"
7731316,packet_delivered,5,2321,"{""latency_us"": 1318}"
7732500,voice_frame_generated,6,2322,"{""sequence"": 386}"
7732500,tx_start,6,2322,"{""airtime_us"": 1316}"
7733816,packet_delivered,6,2322,"{""latency_us"": 1318}"
7740000,voice_frame_generated,1,2323,"{""sequence"": 387}"
7740000,tx_start,1,2323,"{""airtime_us"": 1316}"
7741316,packet_delivered,1,2323,"{""latency_us"": 1318}"
7742500,voice_frame_generated,2,2324,"{""sequence"": 387}"
7742500,tx_start,2,2324,"{""airtime_us"": 1316}"
7743816,packet_delivered,2,2324,"{""latency_us"": 1318}"
7745000,voice_frame_generated,3,2325,"{""sequence"": 387}"
7745000,tx_start,3,2325,"{""airtime_us"": 1316}"
7746316,packet_delivered,3,2325,"{""latency_us"": 1318}"
7747500,voice_frame_generated,4,2326,"{""sequence"": 387}"
7747500,tx_start,4,2326,"{""airtime_us"": 1316}"
7748816,packet_delivered,4,2326,"{""latency_us"": 1318}"
7750000,voice_frame_generated,5,2327,"{""sequence"": 387}"
7750000,tx_start,5,2327,"{""airtime_us"": 1316}"
7751316,packet_delivered,5,2327,"{""latency_us"": 1318}"
7752500,voice_frame_generated,6,2328,"{""sequence"": 387}"
7752500,tx_start,6,2328,"{""airtime_us"": 1316}"
7753816,packet_delivered,6,2328,"{""latency_us"": 1318}"
7760000,voice_frame_generated,1,2329,"{""sequence"": 388}"
7760000,tx_start,1,2329,"{""airtime_us"": 1316}"
7761316,packet_delivered,1,2329,"{""latency_us"": 1318}"
7762500,voice_frame_generated,2,2330,"{""sequence"": 388}"
7762500,tx_start,2,2330,"{""airtime_us"": 1316}"
7763816,packet_delivered,2,2330,"{""latency_us"": 1318}"
7765000,voice_frame_generated,3,2331,"{""sequence"": 388}"
7765000,tx_start,3,2331,"{""airtime_us"": 1316}"
7766316,packet_delivered,3,2331,"{""latency_us"": 1318}"
7767500,voice_frame_generated,4,2332,"{""sequence"": 388}"
7767500,tx_start,4,2332,"{""airtime_us"": 1316}"
7768816,packet_delivered,4,2332,"{""latency_us"": 1318}"
7770000,voice_frame_generated,5,2333,"{""sequence"": 388}"
7770000,tx_start,5,2333,"{""airtime_us"": 1316}"
7771316,packet_delivered,5,2333,"{""latency_us"": 1318}"
7772500,voice_frame_generated,6,2334,"{""sequence"": 388}"
7772500,tx_start,6,2334,"{""airtime_us"": 1316}"
7773816,packet_delivered,6,2334,"{""latency_us"": 1318}"
7780000,voice_frame_generated,1,2335,"{""sequence"": 389}"
7780000,tx_start,1,2335,"{""airtime_us"": 1316}"
7781316,packet_delivered,1,2335,"{""latency_us"": 1318}"
7782500,voice_frame_generated,2,2336,"{""sequence"": 389}"
7782500,tx_start,2,2336,"{""airtime_us"": 1316}"
7783816,packet_delivered,2,2336,"{""latency_us"": 1318}"
7785000,voice_frame_generated,3,2337,"{""sequence"": 389}"
7785000,tx_start,3,2337,"{""airtime_us"": 1316}"
7786316,packet_delivered,3,2337,"{""latency_us"": 1318}"
7787500,voice_frame_generated,4,2338,"{""sequence"": 389}"
7787500,tx_start,4,2338,"{""airtime_us"": 1316}"
7788816,packet_delivered,4,2338,"{""latency_us"": 1318}"
7790000,voice_frame_generated,5,2339,"{""sequence"": 389}"
7790000,tx_start,5,2339,"{""airtime_us"": 1316}"
7791316,packet_delivered,5,2339,"{""latency_us"": 1318}"
7792500,voice_frame_generated,6,2340,"{""sequence"": 389}"
7792500,tx_start,6,2340,"{""airtime_us"": 1316}"
7793816,packet_delivered,6,2340,"{""latency_us"": 1318}"
7800000,voice_frame_generated,1,2341,"{""sequence"": 390}"
7800000,tx_start,1,2341,"{""airtime_us"": 1316}"
7801316,packet_delivered,1,2341,"{""latency_us"": 1318}"
7802500,voice_frame_generated,2,2342,"{""sequence"": 390}"
7802500,tx_start,2,2342,"{""airtime_us"": 1316}"
7803816,packet_delivered,2,2342,"{""latency_us"": 1318}"
7805000,voice_frame_generated,3,2343,"{""sequence"": 390}"
7805000,tx_start,3,2343,"{""airtime_us"": 1316}"
7806316,packet_delivered,3,2343,"{""latency_us"": 1318}"
7807500,voice_frame_generated,4,2344,"{""sequence"": 390}"
7807500,tx_start,4,2344,"{""airtime_us"": 1316}"
7808816,packet_delivered,4,2344,"{""latency_us"": 1318}"
7810000,voice_frame_generated,5,2345,"{""sequence"": 390}"
7810000,tx_start,5,2345,"{""airtime_us"": 1316}"
7811316,packet_delivered,5,2345,"{""latency_us"": 1318}"
7812500,voice_frame_generated,6,2346,"{""sequence"": 390}"
7812500,tx_start,6,2346,"{""airtime_us"": 1316}"
7813816,packet_delivered,6,2346,"{""latency_us"": 1318}"
7820000,voice_frame_generated,1,2347,"{""sequence"": 391}"
7820000,tx_start,1,2347,"{""airtime_us"": 1316}"
7821316,packet_delivered,1,2347,"{""latency_us"": 1318}"
7822500,voice_frame_generated,2,2348,"{""sequence"": 391}"
7822500,tx_start,2,2348,"{""airtime_us"": 1316}"
7823816,packet_delivered,2,2348,"{""latency_us"": 1318}"
7825000,voice_frame_generated,3,2349,"{""sequence"": 391}"
7825000,tx_start,3,2349,"{""airtime_us"": 1316}"
7826316,packet_delivered,3,2349,"{""latency_us"": 1318}"
7827500,voice_frame_generated,4,2350,"{""sequence"": 391}"
7827500,tx_start,4,2350,"{""airtime_us"": 1316}"
7828816,packet_delivered,4,2350,"{""latency_us"": 1318}"
7830000,voice_frame_generated,5,2351,"{""sequence"": 391}"
7830000,tx_start,5,2351,"{""airtime_us"": 1316}"
7831316,packet_delivered,5,2351,"{""latency_us"": 1318}"
7832500,voice_frame_generated,6,2352,"{""sequence"": 391}"
7832500,tx_start,6,2352,"{""airtime_us"": 1316}"
7833816,packet_delivered,6,2352,"{""latency_us"": 1318}"
7840000,voice_frame_generated,1,2353,"{""sequence"": 392}"
7840000,tx_start,1,2353,"{""airtime_us"": 1316}"
7841316,packet_delivered,1,2353,"{""latency_us"": 1318}"
7842500,voice_frame_generated,2,2354,"{""sequence"": 392}"
7842500,tx_start,2,2354,"{""airtime_us"": 1316}"
7843816,packet_delivered,2,2354,"{""latency_us"": 1318}"
7845000,voice_frame_generated,3,2355,"{""sequence"": 392}"
7845000,tx_start,3,2355,"{""airtime_us"": 1316}"
7846316,packet_delivered,3,2355,"{""latency_us"": 1318}"
7847500,voice_frame_generated,4,2356,"{""sequence"": 392}"
7847500,tx_start,4,2356,"{""airtime_us"": 1316}"
7848816,packet_delivered,4,2356,"{""latency_us"": 1318}"
7850000,voice_frame_generated,5,2357,"{""sequence"": 392}"
7850000,tx_start,5,2357,"{""airtime_us"": 1316}"
7851316,packet_delivered,5,2357,"{""latency_us"": 1318}"
7852500,voice_frame_generated,6,2358,"{""sequence"": 392}"
7852500,tx_start,6,2358,"{""airtime_us"": 1316}"
7853816,packet_delivered,6,2358,"{""latency_us"": 1318}"
7860000,voice_frame_generated,1,2359,"{""sequence"": 393}"
7860000,tx_start,1,2359,"{""airtime_us"": 1316}"
7861316,packet_delivered,1,2359,"{""latency_us"": 1318}"
7862500,voice_frame_generated,2,2360,"{""sequence"": 393}"
7862500,tx_start,2,2360,"{""airtime_us"": 1316}"
7863816,packet_delivered,2,2360,"{""latency_us"": 1318}"
7865000,voice_frame_generated,3,2361,"{""sequence"": 393}"
7865000,tx_start,3,2361,"{""airtime_us"": 1316}"
7866316,packet_delivered,3,2361,"{""latency_us"": 1318}"
7867500,voice_frame_generated,4,2362,"{""sequence"": 393}"
7867500,tx_start,4,2362,"{""airtime_us"": 1316}"
7868816,packet_delivered,4,2362,"{""latency_us"": 1318}"
7870000,voice_frame_generated,5,2363,"{""sequence"": 393}"
7870000,tx_start,5,2363,"{""airtime_us"": 1316}"
7871316,packet_delivered,5,2363,"{""latency_us"": 1318}"
7872500,voice_frame_generated,6,2364,"{""sequence"": 393}"
7872500,tx_start,6,2364,"{""airtime_us"": 1316}"
7873816,packet_delivered,6,2364,"{""latency_us"": 1318}"
7880000,voice_frame_generated,1,2365,"{""sequence"": 394}"
7880000,tx_start,1,2365,"{""airtime_us"": 1316}"
7881316,packet_delivered,1,2365,"{""latency_us"": 1318}"
7882500,voice_frame_generated,2,2366,"{""sequence"": 394}"
7882500,tx_start,2,2366,"{""airtime_us"": 1316}"
7883816,packet_delivered,2,2366,"{""latency_us"": 1318}"
7885000,voice_frame_generated,3,2367,"{""sequence"": 394}"
7885000,tx_start,3,2367,"{""airtime_us"": 1316}"
7886316,packet_delivered,3,2367,"{""latency_us"": 1318}"
7887500,voice_frame_generated,4,2368,"{""sequence"": 394}"
7887500,tx_start,4,2368,"{""airtime_us"": 1316}"
7888816,packet_delivered,4,2368,"{""latency_us"": 1318}"
7890000,voice_frame_generated,5,2369,"{""sequence"": 394}"
7890000,tx_start,5,2369,"{""airtime_us"": 1316}"
7891316,packet_delivered,5,2369,"{""latency_us"": 1318}"
7892500,voice_frame_generated,6,2370,"{""sequence"": 394}"
7892500,tx_start,6,2370,"{""airtime_us"": 1316}"
7893816,packet_delivered,6,2370,"{""latency_us"": 1318}"
7900000,voice_frame_generated,1,2371,"{""sequence"": 395}"
7900000,tx_start,1,2371,"{""airtime_us"": 1316}"
7901316,packet_delivered,1,2371,"{""latency_us"": 1318}"
7902500,voice_frame_generated,2,2372,"{""sequence"": 395}"
7902500,tx_start,2,2372,"{""airtime_us"": 1316}"
7903816,packet_delivered,2,2372,"{""latency_us"": 1318}"
7905000,voice_frame_generated,3,2373,"{""sequence"": 395}"
7905000,tx_start,3,2373,"{""airtime_us"": 1316}"
7906316,packet_delivered,3,2373,"{""latency_us"": 1318}"
7907500,voice_frame_generated,4,2374,"{""sequence"": 395}"
7907500,tx_start,4,2374,"{""airtime_us"": 1316}"
7908816,packet_delivered,4,2374,"{""latency_us"": 1318}"
7910000,voice_frame_generated,5,2375,"{""sequence"": 395}"
7910000,tx_start,5,2375,"{""airtime_us"": 1316}"
7911316,packet_delivered,5,2375,"{""latency_us"": 1318}"
7912500,voice_frame_generated,6,2376,"{""sequence"": 395}"
7912500,tx_start,6,2376,"{""airtime_us"": 1316}"
7913816,packet_delivered,6,2376,"{""latency_us"": 1318}"
7920000,voice_frame_generated,1,2377,"{""sequence"": 396}"
7920000,tx_start,1,2377,"{""airtime_us"": 1316}"
7921316,packet_delivered,1,2377,"{""latency_us"": 1318}"
7922500,voice_frame_generated,2,2378,"{""sequence"": 396}"
7922500,tx_start,2,2378,"{""airtime_us"": 1316}"
7923816,packet_delivered,2,2378,"{""latency_us"": 1318}"
7925000,voice_frame_generated,3,2379,"{""sequence"": 396}"
7925000,tx_start,3,2379,"{""airtime_us"": 1316}"
7926316,packet_delivered,3,2379,"{""latency_us"": 1318}"
7927500,voice_frame_generated,4,2380,"{""sequence"": 396}"
7927500,tx_start,4,2380,"{""airtime_us"": 1316}"
7928816,packet_delivered,4,2380,"{""latency_us"": 1318}"
7930000,voice_frame_generated,5,2381,"{""sequence"": 396}"
7930000,tx_start,5,2381,"{""airtime_us"": 1316}"
7931316,packet_delivered,5,2381,"{""latency_us"": 1318}"
7932500,voice_frame_generated,6,2382,"{""sequence"": 396}"
7932500,tx_start,6,2382,"{""airtime_us"": 1316}"
7933816,packet_delivered,6,2382,"{""latency_us"": 1318}"
7940000,voice_frame_generated,1,2383,"{""sequence"": 397}"
7940000,tx_start,1,2383,"{""airtime_us"": 1316}"
7941316,packet_delivered,1,2383,"{""latency_us"": 1318}"
7942500,voice_frame_generated,2,2384,"{""sequence"": 397}"
7942500,tx_start,2,2384,"{""airtime_us"": 1316}"
7943816,packet_delivered,2,2384,"{""latency_us"": 1318}"
7945000,voice_frame_generated,3,2385,"{""sequence"": 397}"
7945000,tx_start,3,2385,"{""airtime_us"": 1316}"
7946316,packet_delivered,3,2385,"{""latency_us"": 1318}"
7947500,voice_frame_generated,4,2386,"{""sequence"": 397}"
7947500,tx_start,4,2386,"{""airtime_us"": 1316}"
7948816,packet_delivered,4,2386,"{""latency_us"": 1318}"
7950000,voice_frame_generated,5,2387,"{""sequence"": 397}"
7950000,tx_start,5,2387,"{""airtime_us"": 1316}"
7951316,packet_delivered,5,2387,"{""latency_us"": 1318}"
7952500,voice_frame_generated,6,2388,"{""sequence"": 397}"
7952500,tx_start,6,2388,"{""airtime_us"": 1316}"
7953816,packet_delivered,6,2388,"{""latency_us"": 1318}"
7960000,voice_frame_generated,1,2389,"{""sequence"": 398}"
7960000,tx_start,1,2389,"{""airtime_us"": 1316}"
7961316,packet_delivered,1,2389,"{""latency_us"": 1318}"
7962500,voice_frame_generated,2,2390,"{""sequence"": 398}"
7962500,tx_start,2,2390,"{""airtime_us"": 1316}"
7963816,packet_delivered,2,2390,"{""latency_us"": 1318}"
7965000,voice_frame_generated,3,2391,"{""sequence"": 398}"
7965000,tx_start,3,2391,"{""airtime_us"": 1316}"
7966316,packet_delivered,3,2391,"{""latency_us"": 1318}"
7967500,voice_frame_generated,4,2392,"{""sequence"": 398}"
7967500,tx_start,4,2392,"{""airtime_us"": 1316}"
7968816,packet_delivered,4,2392,"{""latency_us"": 1318}"
7970000,voice_frame_generated,5,2393,"{""sequence"": 398}"
7970000,tx_start,5,2393,"{""airtime_us"": 1316}"
7971316,packet_delivered,5,2393,"{""latency_us"": 1318}"
7972500,voice_frame_generated,6,2394,"{""sequence"": 398}"
7972500,tx_start,6,2394,"{""airtime_us"": 1316}"
7973816,packet_delivered,6,2394,"{""latency_us"": 1318}"
7980000,voice_frame_generated,1,2395,"{""sequence"": 399}"
7980000,tx_start,1,2395,"{""airtime_us"": 1316}"
7981316,packet_delivered,1,2395,"{""latency_us"": 1318}"
7982500,voice_frame_generated,2,2396,"{""sequence"": 399}"
7982500,tx_start,2,2396,"{""airtime_us"": 1316}"
7983816,packet_delivered,2,2396,"{""latency_us"": 1318}"
7985000,voice_frame_generated,3,2397,"{""sequence"": 399}"
7985000,tx_start,3,2397,"{""airtime_us"": 1316}"
7986316,packet_delivered,3,2397,"{""latency_us"": 1318}"
7987500,voice_frame_generated,4,2398,"{""sequence"": 399}"
7987500,tx_start,4,2398,"{""airtime_us"": 1316}"
7988816,packet_delivered,4,2398,"{""latency_us"": 1318}"
7990000,voice_frame_generated,5,2399,"{""sequence"": 399}"
7990000,tx_start,5,2399,"{""airtime_us"": 1316}"
7991316,packet_delivered,5,2399,"{""latency_us"": 1318}"
7992500,voice_frame_generated,6,2400,"{""sequence"": 399}"
7992500,tx_start,6,2400,"{""airtime_us"": 1316}"
7993816,packet_delivered,6,2400,"{""latency_us"": 1318}"
8000000,voice_frame_generated,1,2401,"{""sequence"": 400}"
8000000,tx_start,1,2401,"{""airtime_us"": 1316}"
8001316,packet_delivered,1,2401,"{""latency_us"": 1318}"
8002500,voice_frame_generated,2,2402,"{""sequence"": 400}"
8002500,tx_start,2,2402,"{""airtime_us"": 1316}"
8003816,packet_delivered,2,2402,"{""latency_us"": 1318}"
8005000,voice_frame_generated,3,2403,"{""sequence"": 400}"
8005000,tx_start,3,2403,"{""airtime_us"": 1316}"
8006316,packet_delivered,3,2403,"{""latency_us"": 1318}"
8007500,voice_frame_generated,4,2404,"{""sequence"": 400}"
8007500,tx_start,4,2404,"{""airtime_us"": 1316}"
8008816,packet_delivered,4,2404,"{""latency_us"": 1318}"
8010000,voice_frame_generated,5,2405,"{""sequence"": 400}"
8010000,tx_start,5,2405,"{""airtime_us"": 1316}"
8011316,packet_delivered,5,2405,"{""latency_us"": 1318}"
8012500,voice_frame_generated,6,2406,"{""sequence"": 400}"
8012500,tx_start,6,2406,"{""airtime_us"": 1316}"
8013816,packet_delivered,6,2406,"{""latency_us"": 1318}"
8020000,voice_frame_generated,1,2407,"{""sequence"": 401}"
8020000,tx_start,1,2407,"{""airtime_us"": 1316}"
8021316,packet_delivered,1,2407,"{""latency_us"": 1318}"
8022500,voice_frame_generated,2,2408,"{""sequence"": 401}"
8022500,tx_start,2,2408,"{""airtime_us"": 1316}"
8023816,packet_delivered,2,2408,"{""latency_us"": 1318}"
8025000,voice_frame_generated,3,2409,"{""sequence"": 401}"
8025000,tx_start,3,2409,"{""airtime_us"": 1316}"
8026316,packet_delivered,3,2409,"{""latency_us"": 1318}"
8027500,voice_frame_generated,4,2410,"{""sequence"": 401}"
8027500,tx_start,4,2410,"{""airtime_us"": 1316}"
8028816,packet_delivered,4,2410,"{""latency_us"": 1318}"
8030000,voice_frame_generated,5,2411,"{""sequence"": 401}"
8030000,tx_start,5,2411,"{""airtime_us"": 1316}"
8031316,packet_delivered,5,2411,"{""latency_us"": 1318}"
8032500,voice_frame_generated,6,2412,"{""sequence"": 401}"
8032500,tx_start,6,2412,"{""airtime_us"": 1316}"
8033816,packet_delivered,6,2412,"{""latency_us"": 1318}"
8040000,voice_frame_generated,1,2413,"{""sequence"": 402}"
8040000,tx_start,1,2413,"{""airtime_us"": 1316}"
8041316,packet_delivered,1,2413,"{""latency_us"": 1318}"
8042500,voice_frame_generated,2,2414,"{""sequence"": 402}"
8042500,tx_start,2,2414,"{""airtime_us"": 1316}"
8043816,packet_delivered,2,2414,"{""latency_us"": 1318}"
8045000,voice_frame_generated,3,2415,"{""sequence"": 402}"
8045000,tx_start,3,2415,"{""airtime_us"": 1316}"
8046316,packet_delivered,3,2415,"{""latency_us"": 1318}"
8047500,voice_frame_generated,4,2416,"{""sequence"": 402}"
8047500,tx_start,4,2416,"{""airtime_us"": 1316}"
8048816,packet_delivered,4,2416,"{""latency_us"": 1318}"
8050000,voice_frame_generated,5,2417,"{""sequence"": 402}"
8050000,tx_start,5,2417,"{""airtime_us"": 1316}"
8051316,packet_delivered,5,2417,"{""latency_us"": 1318}"
8052500,voice_frame_generated,6,2418,"{""sequence"": 402}"
8052500,tx_start,6,2418,"{""airtime_us"": 1316}"
8053816,packet_delivered,6,2418,"{""latency_us"": 1318}"
8060000,voice_frame_generated,1,2419,"{""sequence"": 403}"
8060000,tx_start,1,2419,"{""airtime_us"": 1316}"
8061316,packet_delivered,1,2419,"{""latency_us"": 1318}"
8062500,voice_frame_generated,2,2420,"{""sequence"": 403}"
8062500,tx_start,2,2420,"{""airtime_us"": 1316}"
8063816,packet_delivered,2,2420,"{""latency_us"": 1318}"
8065000,voice_frame_generated,3,2421,"{""sequence"": 403}"
8065000,tx_start,3,2421,"{""airtime_us"": 1316}"
8066316,packet_delivered,3,2421,"{""latency_us"": 1318}"
8067500,voice_frame_generated,4,2422,"{""sequence"": 403}"
8067500,tx_start,4,2422,"{""airtime_us"": 1316}"
8068816,packet_delivered,4,2422,"{""latency_us"": 1318}"
8070000,voice_frame_generated,5,2423,"{""sequence"": 403}"
8070000,tx_start,5,2423,"{""airtime_us"": 1316}"
8071316,packet_delivered,5,2423,"{""latency_us"": 1318}"
8072500,voice_frame_generated,6,2424,"{""sequence"": 403}"
8072500,tx_start,6,2424,"{""airtime_us"": 1316}"
8073816,packet_delivered,6,2424,"{""latency_us"": 1318}"
8080000,voice_frame_generated,1,2425,"{""sequence"": 404}"
8080000,tx_start,1,2425,"{""airtime_us"": 1316}"
8081316,packet_delivered,1,2425,"{""latency_us"": 1318}"
8082500,voice_frame_generated,2,2426,"{""sequence"": 404}"
8082500,tx_start,2,2426,"{""airtime_us"": 1316}"
8083816,packet_delivered,2,2426,"{""latency_us"": 1318}"
8085000,voice_frame_generated,3,2427,"{""sequence"": 404}"
8085000,tx_start,3,2427,"{""airtime_us"": 1316}"
8086316,packet_delivered,3,2427,"{""latency_us"": 1318}"
8087500,voice_frame_generated,4,2428,"{""sequence"": 404}"
8087500,tx_start,4,2428,"{""airtime_us"": 1316}"
8088816,packet_delivered,4,2428,"{""latency_us"": 1318}"
8090000,voice_frame_generated,5,2429,"{""sequence"": 404}"
8090000,tx_start,5,2429,"{""airtime_us"": 1316}"
8091316,packet_delivered,5,2429,"{""latency_us"": 1318}"
8092500,voice_frame_generated,6,2430,"{""sequence"": 404}"
8092500,tx_start,6,2430,"{""airtime_us"": 1316}"
8093816,packet_delivered,6,2430,"{""latency_us"": 1318}"
8100000,voice_frame_generated,1,2431,"{""sequence"": 405}"
8100000,tx_start,1,2431,"{""airtime_us"": 1316}"
8101316,packet_delivered,1,2431,"{""latency_us"": 1318}"
8102500,voice_frame_generated,2,2432,"{""sequence"": 405}"
8102500,tx_start,2,2432,"{""airtime_us"": 1316}"
8103816,packet_delivered,2,2432,"{""latency_us"": 1318}"
8105000,voice_frame_generated,3,2433,"{""sequence"": 405}"
8105000,tx_start,3,2433,"{""airtime_us"": 1316}"
8106316,packet_delivered,3,2433,"{""latency_us"": 1318}"
8107500,voice_frame_generated,4,2434,"{""sequence"": 405}"
8107500,tx_start,4,2434,"{""airtime_us"": 1316}"
8108816,packet_delivered,4,2434,"{""latency_us"": 1318}"
8110000,voice_frame_generated,5,2435,"{""sequence"": 405}"
8110000,tx_start,5,2435,"{""airtime_us"": 1316}"
8111316,packet_delivered,5,2435,"{""latency_us"": 1318}"
8112500,voice_frame_generated,6,2436,"{""sequence"": 405}"
8112500,tx_start,6,2436,"{""airtime_us"": 1316}"
8113816,packet_delivered,6,2436,"{""latency_us"": 1318}"
8120000,voice_frame_generated,1,2437,"{""sequence"": 406}"
8120000,tx_start,1,2437,"{""airtime_us"": 1316}"
8121316,packet_delivered,1,2437,"{""latency_us"": 1318}"
8122500,voice_frame_generated,2,2438,"{""sequence"": 406}"
8122500,tx_start,2,2438,"{""airtime_us"": 1316}"
8123816,packet_delivered,2,2438,"{""latency_us"": 1318}"
8125000,voice_frame_generated,3,2439,"{""sequence"": 406}"
8125000,tx_start,3,2439,"{""airtime_us"": 1316}"
8126316,packet_delivered,3,2439,"{""latency_us"": 1318}"
8127500,voice_frame_generated,4,2440,"{""sequence"": 406}"
8127500,tx_start,4,2440,"{""airtime_us"": 1316}"
8128816,packet_delivered,4,2440,"{""latency_us"": 1318}"
8130000,voice_frame_generated,5,2441,"{""sequence"": 406}"
8130000,tx_start,5,2441,"{""airtime_us"": 1316}"
8131316,packet_delivered,5,2441,"{""latency_us"": 1318}"
8132500,voice_frame_generated,6,2442,"{""sequence"": 406}"
8132500,tx_start,6,2442,"{""airtime_us"": 1316}"
8133816,packet_delivered,6,2442,"{""latency_us"": 1318}"
8140000,voice_frame_generated,1,2443,"{""sequence"": 407}"
8140000,tx_start,1,2443,"{""airtime_us"": 1316}"
8141316,packet_delivered,1,2443,"{""latency_us"": 1318}"
8142500,voice_frame_generated,2,2444,"{""sequence"": 407}"
8142500,tx_start,2,2444,"{""airtime_us"": 1316}"
8143816,packet_delivered,2,2444,"{""latency_us"": 1318}"
8145000,voice_frame_generated,3,2445,"{""sequence"": 407}"
8145000,tx_start,3,2445,"{""airtime_us"": 1316}"
8146316,packet_delivered,3,2445,"{""latency_us"": 1318}"
8147500,voice_frame_generated,4,2446,"{""sequence"": 407}"
8147500,tx_start,4,2446,"{""airtime_us"": 1316}"
8148816,packet_delivered,4,2446,"{""latency_us"": 1318}"
8150000,voice_frame_generated,5,2447,"{""sequence"": 407}"
8150000,tx_start,5,2447,"{""airtime_us"": 1316}"
8151316,packet_delivered,5,2447,"{""latency_us"": 1318}"
8152500,voice_frame_generated,6,2448,"{""sequence"": 407}"
8152500,tx_start,6,2448,"{""airtime_us"": 1316}"
8153816,packet_delivered,6,2448,"{""latency_us"": 1318}"
8160000,voice_frame_generated,1,2449,"{""sequence"": 408}"
8160000,tx_start,1,2449,"{""airtime_us"": 1316}"
8161316,packet_delivered,1,2449,"{""latency_us"": 1318}"
8162500,voice_frame_generated,2,2450,"{""sequence"": 408}"
8162500,tx_start,2,2450,"{""airtime_us"": 1316}"
8163816,packet_delivered,2,2450,"{""latency_us"": 1318}"
8165000,voice_frame_generated,3,2451,"{""sequence"": 408}"
8165000,tx_start,3,2451,"{""airtime_us"": 1316}"
8166316,packet_delivered,3,2451,"{""latency_us"": 1318}"
8167500,voice_frame_generated,4,2452,"{""sequence"": 408}"
8167500,tx_start,4,2452,"{""airtime_us"": 1316}"
8168816,packet_delivered,4,2452,"{""latency_us"": 1318}"
8170000,voice_frame_generated,5,2453,"{""sequence"": 408}"
8170000,tx_start,5,2453,"{""airtime_us"": 1316}"
8171316,packet_delivered,5,2453,"{""latency_us"": 1318}"
8172500,voice_frame_generated,6,2454,"{""sequence"": 408}"
8172500,tx_start,6,2454,"{""airtime_us"": 1316}"
8173816,packet_delivered,6,2454,"{""latency_us"": 1318}"
8180000,voice_frame_generated,1,2455,"{""sequence"": 409}"
8180000,tx_start,1,2455,"{""airtime_us"": 1316}"
8181316,packet_delivered,1,2455,"{""latency_us"": 1318}"
8182500,voice_frame_generated,2,2456,"{""sequence"": 409}"
8182500,tx_start,2,2456,"{""airtime_us"": 1316}"
8183816,packet_delivered,2,2456,"{""latency_us"": 1318}"
8185000,voice_frame_generated,3,2457,"{""sequence"": 409}"
8185000,tx_start,3,2457,"{""airtime_us"": 1316}"
8186316,packet_delivered,3,2457,"{""latency_us"": 1318}"
8187500,voice_frame_generated,4,2458,"{""sequence"": 409}"
8187500,tx_start,4,2458,"{""airtime_us"": 1316}"
8188816,packet_delivered,4,2458,"{""latency_us"": 1318}"
8190000,voice_frame_generated,5,2459,"{""sequence"": 409}"
8190000,tx_start,5,2459,"{""airtime_us"": 1316}"
8191316,packet_delivered,5,2459,"{""latency_us"": 1318}"
8192500,voice_frame_generated,6,2460,"{""sequence"": 409}"
8192500,tx_start,6,2460,"{""airtime_us"": 1316}"
8193816,packet_delivered,6,2460,"{""latency_us"": 1318}"
8200000,voice_frame_generated,1,2461,"{""sequence"": 410}"
8200000,tx_start,1,2461,"{""airtime_us"": 1316}"
8201316,packet_delivered,1,2461,"{""latency_us"": 1318}"
8202500,voice_frame_generated,2,2462,"{""sequence"": 410}"
8202500,tx_start,2,2462,"{""airtime_us"": 1316}"
8203816,packet_delivered,2,2462,"{""latency_us"": 1318}"
8205000,voice_frame_generated,3,2463,"{""sequence"": 410}"
8205000,tx_start,3,2463,"{""airtime_us"": 1316}"
8206316,packet_delivered,3,2463,"{""latency_us"": 1318}"
8207500,voice_frame_generated,4,2464,"{""sequence"": 410}"
8207500,tx_start,4,2464,"{""airtime_us"": 1316}"
8208816,packet_delivered,4,2464,"{""latency_us"": 1318}"
8210000,voice_frame_generated,5,2465,"{""sequence"": 410}"
8210000,tx_start,5,2465,"{""airtime_us"": 1316}"
8211316,packet_delivered,5,2465,"{""latency_us"": 1318}"
8212500,voice_frame_generated,6,2466,"{""sequence"": 410}"
8212500,tx_start,6,2466,"{""airtime_us"": 1316}"
8213816,packet_delivered,6,2466,"{""latency_us"": 1318}"
8220000,voice_frame_generated,1,2467,"{""sequence"": 411}"
8220000,tx_start,1,2467,"{""airtime_us"": 1316}"
8221316,packet_delivered,1,2467,"{""latency_us"": 1318}"
8222500,voice_frame_generated,2,2468,"{""sequence"": 411}"
8222500,tx_start,2,2468,"{""airtime_us"": 1316}"
8223816,packet_delivered,2,2468,"{""latency_us"": 1318}"
8225000,voice_frame_generated,3,2469,"{""sequence"": 411}"
8225000,tx_start,3,2469,"{""airtime_us"": 1316}"
8226316,packet_delivered,3,2469,"{""latency_us"": 1318}"
8227500,voice_frame_generated,4,2470,"{""sequence"": 411}"
8227500,tx_start,4,2470,"{""airtime_us"": 1316}"
8228816,packet_delivered,4,2470,"{""latency_us"": 1318}"
8230000,voice_frame_generated,5,2471,"{""sequence"": 411}"
8230000,tx_start,5,2471,"{""airtime_us"": 1316}"
8231316,packet_delivered,5,2471,"{""latency_us"": 1318}"
8232500,voice_frame_generated,6,2472,"{""sequence"": 411}"
8232500,tx_start,6,2472,"{""airtime_us"": 1316}"
8233816,packet_delivered,6,2472,"{""latency_us"": 1318}"
8240000,voice_frame_generated,1,2473,"{""sequence"": 412}"
8240000,tx_start,1,2473,"{""airtime_us"": 1316}"
8241316,packet_delivered,1,2473,"{""latency_us"": 1318}"
8242500,voice_frame_generated,2,2474,"{""sequence"": 412}"
8242500,tx_start,2,2474,"{""airtime_us"": 1316}"
8243816,packet_delivered,2,2474,"{""latency_us"": 1318}"
8245000,voice_frame_generated,3,2475,"{""sequence"": 412}"
8245000,tx_start,3,2475,"{""airtime_us"": 1316}"
8246316,packet_delivered,3,2475,"{""latency_us"": 1318}"
8247500,voice_frame_generated,4,2476,"{""sequence"": 412}"
8247500,tx_start,4,2476,"{""airtime_us"": 1316}"
8248816,packet_delivered,4,2476,"{""latency_us"": 1318}"
8250000,voice_frame_generated,5,2477,"{""sequence"": 412}"
8250000,tx_start,5,2477,"{""airtime_us"": 1316}"
8251316,packet_delivered,5,2477,"{""latency_us"": 1318}"
8252500,voice_frame_generated,6,2478,"{""sequence"": 412}"
8252500,tx_start,6,2478,"{""airtime_us"": 1316}"
8253816,packet_delivered,6,2478,"{""latency_us"": 1318}"
8260000,voice_frame_generated,1,2479,"{""sequence"": 413}"
8260000,tx_start,1,2479,"{""airtime_us"": 1316}"
8261316,packet_delivered,1,2479,"{""latency_us"": 1318}"
8262500,voice_frame_generated,2,2480,"{""sequence"": 413}"
8262500,tx_start,2,2480,"{""airtime_us"": 1316}"
8263816,packet_delivered,2,2480,"{""latency_us"": 1318}"
8265000,voice_frame_generated,3,2481,"{""sequence"": 413}"
8265000,tx_start,3,2481,"{""airtime_us"": 1316}"
8266316,packet_delivered,3,2481,"{""latency_us"": 1318}"
8267500,voice_frame_generated,4,2482,"{""sequence"": 413}"
8267500,tx_start,4,2482,"{""airtime_us"": 1316}"
8268816,packet_delivered,4,2482,"{""latency_us"": 1318}"
8270000,voice_frame_generated,5,2483,"{""sequence"": 413}"
8270000,tx_start,5,2483,"{""airtime_us"": 1316}"
8271316,packet_delivered,5,2483,"{""latency_us"": 1318}"
8272500,voice_frame_generated,6,2484,"{""sequence"": 413}"
8272500,tx_start,6,2484,"{""airtime_us"": 1316}"
8273816,packet_delivered,6,2484,"{""latency_us"": 1318}"
8280000,voice_frame_generated,1,2485,"{""sequence"": 414}"
8280000,tx_start,1,2485,"{""airtime_us"": 1316}"
8281316,packet_delivered,1,2485,"{""latency_us"": 1318}"
8282500,voice_frame_generated,2,2486,"{""sequence"": 414}"
8282500,tx_start,2,2486,"{""airtime_us"": 1316}"
8283816,packet_delivered,2,2486,"{""latency_us"": 1318}"
8285000,voice_frame_generated,3,2487,"{""sequence"": 414}"
8285000,tx_start,3,2487,"{""airtime_us"": 1316}"
8286316,packet_delivered,3,2487,"{""latency_us"": 1318}"
8287500,voice_frame_generated,4,2488,"{""sequence"": 414}"
8287500,tx_start,4,2488,"{""airtime_us"": 1316}"
8288816,packet_delivered,4,2488,"{""latency_us"": 1318}"
8290000,voice_frame_generated,5,2489,"{""sequence"": 414}"
8290000,tx_start,5,2489,"{""airtime_us"": 1316}"
8291316,packet_delivered,5,2489,"{""latency_us"": 1318}"
8292500,voice_frame_generated,6,2490,"{""sequence"": 414}"
8292500,tx_start,6,2490,"{""airtime_us"": 1316}"
8293816,packet_delivered,6,2490,"{""latency_us"": 1318}"
8300000,voice_frame_generated,1,2491,"{""sequence"": 415}"
8300000,tx_start,1,2491,"{""airtime_us"": 1316}"
8301316,packet_delivered,1,2491,"{""latency_us"": 1318}"
8302500,voice_frame_generated,2,2492,"{""sequence"": 415}"
8302500,tx_start,2,2492,"{""airtime_us"": 1316}"
8303816,packet_delivered,2,2492,"{""latency_us"": 1318}"
8305000,voice_frame_generated,3,2493,"{""sequence"": 415}"
8305000,tx_start,3,2493,"{""airtime_us"": 1316}"
8306316,packet_delivered,3,2493,"{""latency_us"": 1318}"
8307500,voice_frame_generated,4,2494,"{""sequence"": 415}"
8307500,tx_start,4,2494,"{""airtime_us"": 1316}"
8308816,packet_delivered,4,2494,"{""latency_us"": 1318}"
8310000,voice_frame_generated,5,2495,"{""sequence"": 415}"
8310000,tx_start,5,2495,"{""airtime_us"": 1316}"
8311316,packet_delivered,5,2495,"{""latency_us"": 1318}"
8312500,voice_frame_generated,6,2496,"{""sequence"": 415}"
8312500,tx_start,6,2496,"{""airtime_us"": 1316}"
8313816,packet_delivered,6,2496,"{""latency_us"": 1318}"
8320000,voice_frame_generated,1,2497,"{""sequence"": 416}"
8320000,tx_start,1,2497,"{""airtime_us"": 1316}"
8321316,packet_delivered,1,2497,"{""latency_us"": 1318}"
8322500,voice_frame_generated,2,2498,"{""sequence"": 416}"
8322500,tx_start,2,2498,"{""airtime_us"": 1316}"
8323816,packet_delivered,2,2498,"{""latency_us"": 1318}"
8325000,voice_frame_generated,3,2499,"{""sequence"": 416}"
8325000,tx_start,3,2499,"{""airtime_us"": 1316}"
8326316,packet_delivered,3,2499,"{""latency_us"": 1318}"
8327500,voice_frame_generated,4,2500,"{""sequence"": 416}"
8327500,tx_start,4,2500,"{""airtime_us"": 1316}"
8328816,packet_delivered,4,2500,"{""latency_us"": 1318}"
8330000,voice_frame_generated,5,2501,"{""sequence"": 416}"
8330000,tx_start,5,2501,"{""airtime_us"": 1316}"
8331316,packet_delivered,5,2501,"{""latency_us"": 1318}"
8332500,voice_frame_generated,6,2502,"{""sequence"": 416}"
8332500,tx_start,6,2502,"{""airtime_us"": 1316}"
8333816,packet_delivered,6,2502,"{""latency_us"": 1318}"
8340000,voice_frame_generated,1,2503,"{""sequence"": 417}"
8340000,tx_start,1,2503,"{""airtime_us"": 1316}"
8341316,packet_delivered,1,2503,"{""latency_us"": 1318}"
8342500,voice_frame_generated,2,2504,"{""sequence"": 417}"
8342500,tx_start,2,2504,"{""airtime_us"": 1316}"
8343816,packet_delivered,2,2504,"{""latency_us"": 1318}"
8345000,voice_frame_generated,3,2505,"{""sequence"": 417}"
8345000,tx_start,3,2505,"{""airtime_us"": 1316}"
8346316,packet_delivered,3,2505,"{""latency_us"": 1318}"
8347500,voice_frame_generated,4,2506,"{""sequence"": 417}"
8347500,tx_start,4,2506,"{""airtime_us"": 1316}"
8348816,packet_delivered,4,2506,"{""latency_us"": 1318}"
8350000,voice_frame_generated,5,2507,"{""sequence"": 417}"
8350000,tx_start,5,2507,"{""airtime_us"": 1316}"
8351316,packet_delivered,5,2507,"{""latency_us"": 1318}"
8352500,voice_frame_generated,6,2508,"{""sequence"": 417}"
8352500,tx_start,6,2508,"{""airtime_us"": 1316}"
8353816,packet_delivered,6,2508,"{""latency_us"": 1318}"
8360000,voice_frame_generated,1,2509,"{""sequence"": 418}"
8360000,tx_start,1,2509,"{""airtime_us"": 1316}"
8361316,packet_delivered,1,2509,"{""latency_us"": 1318}"
8362500,voice_frame_generated,2,2510,"{""sequence"": 418}"
8362500,tx_start,2,2510,"{""airtime_us"": 1316}"
8363816,packet_delivered,2,2510,"{""latency_us"": 1318}"
8365000,voice_frame_generated,3,2511,"{""sequence"": 418}"
8365000,tx_start,3,2511,"{""airtime_us"": 1316}"
8366316,packet_delivered,3,2511,"{""latency_us"": 1318}"
8367500,voice_frame_generated,4,2512,"{""sequence"": 418}"
8367500,tx_start,4,2512,"{""airtime_us"": 1316}"
8368816,packet_delivered,4,2512,"{""latency_us"": 1318}"
8370000,voice_frame_generated,5,2513,"{""sequence"": 418}"
8370000,tx_start,5,2513,"{""airtime_us"": 1316}"
8371316,packet_delivered,5,2513,"{""latency_us"": 1318}"
8372500,voice_frame_generated,6,2514,"{""sequence"": 418}"
8372500,tx_start,6,2514,"{""airtime_us"": 1316}"
8373816,packet_delivered,6,2514,"{""latency_us"": 1318}"
8380000,voice_frame_generated,1,2515,"{""sequence"": 419}"
8380000,tx_start,1,2515,"{""airtime_us"": 1316}"
8381316,packet_delivered,1,2515,"{""latency_us"": 1318}"
8382500,voice_frame_generated,2,2516,"{""sequence"": 419}"
8382500,tx_start,2,2516,"{""airtime_us"": 1316}"
8383816,packet_delivered,2,2516,"{""latency_us"": 1318}"
8385000,voice_frame_generated,3,2517,"{""sequence"": 419}"
8385000,tx_start,3,2517,"{""airtime_us"": 1316}"
8386316,packet_delivered,3,2517,"{""latency_us"": 1318}"
8387500,voice_frame_generated,4,2518,"{""sequence"": 419}"
8387500,tx_start,4,2518,"{""airtime_us"": 1316}"
8388816,packet_delivered,4,2518,"{""latency_us"": 1318}"
8390000,voice_frame_generated,5,2519,"{""sequence"": 419}"
8390000,tx_start,5,2519,"{""airtime_us"": 1316}"
8391316,packet_delivered,5,2519,"{""latency_us"": 1318}"
8392500,voice_frame_generated,6,2520,"{""sequence"": 419}"
8392500,tx_start,6,2520,"{""airtime_us"": 1316}"
8393816,packet_delivered,6,2520,"{""latency_us"": 1318}"
8400000,voice_frame_generated,1,2521,"{""sequence"": 420}"
8400000,tx_start,1,2521,"{""airtime_us"": 1316}"
8401316,packet_delivered,1,2521,"{""latency_us"": 1318}"
8402500,voice_frame_generated,2,2522,"{""sequence"": 420}"
8402500,tx_start,2,2522,"{""airtime_us"": 1316}"
8403816,packet_delivered,2,2522,"{""latency_us"": 1318}"
8405000,voice_frame_generated,3,2523,"{""sequence"": 420}"
8405000,tx_start,3,2523,"{""airtime_us"": 1316}"
8406316,packet_delivered,3,2523,"{""latency_us"": 1318}"
8407500,voice_frame_generated,4,2524,"{""sequence"": 420}"
8407500,tx_start,4,2524,"{""airtime_us"": 1316}"
8408816,packet_delivered,4,2524,"{""latency_us"": 1318}"
8410000,voice_frame_generated,5,2525,"{""sequence"": 420}"
8410000,tx_start,5,2525,"{""airtime_us"": 1316}"
8411316,packet_delivered,5,2525,"{""latency_us"": 1318}"
8412500,voice_frame_generated,6,2526,"{""sequence"": 420}"
8412500,tx_start,6,2526,"{""airtime_us"": 1316}"
8413816,packet_delivered,6,2526,"{""latency_us"": 1318}"
8420000,voice_frame_generated,1,2527,"{""sequence"": 421}"
8420000,tx_start,1,2527,"{""airtime_us"": 1316}"
8421316,packet_delivered,1,2527,"{""latency_us"": 1318}"
8422500,voice_frame_generated,2,2528,"{""sequence"": 421}"
8422500,tx_start,2,2528,"{""airtime_us"": 1316}"
8423816,packet_delivered,2,2528,"{""latency_us"": 1318}"
8425000,voice_frame_generated,3,2529,"{""sequence"": 421}"
8425000,tx_start,3,2529,"{""airtime_us"": 1316}"
8426316,packet_delivered,3,2529,"{""latency_us"": 1318}"
8427500,voice_frame_generated,4,2530,"{""sequence"": 421}"
8427500,tx_start,4,2530,"{""airtime_us"": 1316}"
8428816,packet_delivered,4,2530,"{""latency_us"": 1318}"
8430000,voice_frame_generated,5,2531,"{""sequence"": 421}"
8430000,tx_start,5,2531,"{""airtime_us"": 1316}"
8431316,packet_delivered,5,2531,"{""latency_us"": 1318}"
8432500,voice_frame_generated,6,2532,"{""sequence"": 421}"
8432500,tx_start,6,2532,"{""airtime_us"": 1316}"
8433816,packet_delivered,6,2532,"{""latency_us"": 1318}"
8440000,voice_frame_generated,1,2533,"{""sequence"": 422}"
8440000,tx_start,1,2533,"{""airtime_us"": 1316}"
8441316,packet_delivered,1,2533,"{""latency_us"": 1318}"
8442500,voice_frame_generated,2,2534,"{""sequence"": 422}"
8442500,tx_start,2,2534,"{""airtime_us"": 1316}"
8443816,packet_delivered,2,2534,"{""latency_us"": 1318}"
8445000,voice_frame_generated,3,2535,"{""sequence"": 422}"
8445000,tx_start,3,2535,"{""airtime_us"": 1316}"
8446316,packet_delivered,3,2535,"{""latency_us"": 1318}"
8447500,voice_frame_generated,4,2536,"{""sequence"": 422}"
8447500,tx_start,4,2536,"{""airtime_us"": 1316}"
8448816,packet_delivered,4,2536,"{""latency_us"": 1318}"
8450000,voice_frame_generated,5,2537,"{""sequence"": 422}"
8450000,tx_start,5,2537,"{""airtime_us"": 1316}"
8451316,packet_delivered,5,2537,"{""latency_us"": 1318}"
8452500,voice_frame_generated,6,2538,"{""sequence"": 422}"
8452500,tx_start,6,2538,"{""airtime_us"": 1316}"
8453816,packet_delivered,6,2538,"{""latency_us"": 1318}"
8460000,voice_frame_generated,1,2539,"{""sequence"": 423}"
8460000,tx_start,1,2539,"{""airtime_us"": 1316}"
8461316,packet_delivered,1,2539,"{""latency_us"": 1318}"
8462500,voice_frame_generated,2,2540,"{""sequence"": 423}"
8462500,tx_start,2,2540,"{""airtime_us"": 1316}"
8463816,packet_delivered,2,2540,"{""latency_us"": 1318}"
8465000,voice_frame_generated,3,2541,"{""sequence"": 423}"
8465000,tx_start,3,2541,"{""airtime_us"": 1316}"
8466316,packet_delivered,3,2541,"{""latency_us"": 1318}"
8467500,voice_frame_generated,4,2542,"{""sequence"": 423}"
8467500,tx_start,4,2542,"{""airtime_us"": 1316}"
8468816,packet_delivered,4,2542,"{""latency_us"": 1318}"
8470000,voice_frame_generated,5,2543,"{""sequence"": 423}"
8470000,tx_start,5,2543,"{""airtime_us"": 1316}"
8471316,packet_delivered,5,2543,"{""latency_us"": 1318}"
8472500,voice_frame_generated,6,2544,"{""sequence"": 423}"
8472500,tx_start,6,2544,"{""airtime_us"": 1316}"
8473816,packet_delivered,6,2544,"{""latency_us"": 1318}"
8480000,voice_frame_generated,1,2545,"{""sequence"": 424}"
8480000,tx_start,1,2545,"{""airtime_us"": 1316}"
8481316,packet_delivered,1,2545,"{""latency_us"": 1318}"
8482500,voice_frame_generated,2,2546,"{""sequence"": 424}"
8482500,tx_start,2,2546,"{""airtime_us"": 1316}"
8483816,packet_delivered,2,2546,"{""latency_us"": 1318}"
8485000,voice_frame_generated,3,2547,"{""sequence"": 424}"
8485000,tx_start,3,2547,"{""airtime_us"": 1316}"
8486316,packet_delivered,3,2547,"{""latency_us"": 1318}"
8487500,voice_frame_generated,4,2548,"{""sequence"": 424}"
8487500,tx_start,4,2548,"{""airtime_us"": 1316}"
8488816,packet_delivered,4,2548,"{""latency_us"": 1318}"
8490000,voice_frame_generated,5,2549,"{""sequence"": 424}"
8490000,tx_start,5,2549,"{""airtime_us"": 1316}"
8491316,packet_delivered,5,2549,"{""latency_us"": 1318}"
8492500,voice_frame_generated,6,2550,"{""sequence"": 424}"
8492500,tx_start,6,2550,"{""airtime_us"": 1316}"
8493816,packet_delivered,6,2550,"{""latency_us"": 1318}"
8500000,voice_frame_generated,1,2551,"{""sequence"": 425}"
8500000,tx_start,1,2551,"{""airtime_us"": 1316}"
8501316,packet_delivered,1,2551,"{""latency_us"": 1318}"
8502500,voice_frame_generated,2,2552,"{""sequence"": 425}"
8502500,tx_start,2,2552,"{""airtime_us"": 1316}"
8503816,packet_delivered,2,2552,"{""latency_us"": 1318}"
8505000,voice_frame_generated,3,2553,"{""sequence"": 425}"
8505000,tx_start,3,2553,"{""airtime_us"": 1316}"
8506316,packet_delivered,3,2553,"{""latency_us"": 1318}"
8507500,voice_frame_generated,4,2554,"{""sequence"": 425}"
8507500,tx_start,4,2554,"{""airtime_us"": 1316}"
8508816,packet_delivered,4,2554,"{""latency_us"": 1318}"
8510000,voice_frame_generated,5,2555,"{""sequence"": 425}"
8510000,tx_start,5,2555,"{""airtime_us"": 1316}"
8511316,packet_delivered,5,2555,"{""latency_us"": 1318}"
8512500,voice_frame_generated,6,2556,"{""sequence"": 425}"
8512500,tx_start,6,2556,"{""airtime_us"": 1316}"
8513816,packet_delivered,6,2556,"{""latency_us"": 1318}"
8520000,voice_frame_generated,1,2557,"{""sequence"": 426}"
8520000,tx_start,1,2557,"{""airtime_us"": 1316}"
8521316,packet_delivered,1,2557,"{""latency_us"": 1318}"
8522500,voice_frame_generated,2,2558,"{""sequence"": 426}"
8522500,tx_start,2,2558,"{""airtime_us"": 1316}"
8523816,packet_delivered,2,2558,"{""latency_us"": 1318}"
8525000,voice_frame_generated,3,2559,"{""sequence"": 426}"
8525000,tx_start,3,2559,"{""airtime_us"": 1316}"
8526316,packet_delivered,3,2559,"{""latency_us"": 1318}"
8527500,voice_frame_generated,4,2560,"{""sequence"": 426}"
8527500,tx_start,4,2560,"{""airtime_us"": 1316}"
8528816,packet_delivered,4,2560,"{""latency_us"": 1318}"
8530000,voice_frame_generated,5,2561,"{""sequence"": 426}"
8530000,tx_start,5,2561,"{""airtime_us"": 1316}"
8531316,packet_delivered,5,2561,"{""latency_us"": 1318}"
8532500,voice_frame_generated,6,2562,"{""sequence"": 426}"
8532500,tx_start,6,2562,"{""airtime_us"": 1316}"
8533816,packet_delivered,6,2562,"{""latency_us"": 1318}"
8540000,voice_frame_generated,1,2563,"{""sequence"": 427}"
8540000,tx_start,1,2563,"{""airtime_us"": 1316}"
8541316,packet_delivered,1,2563,"{""latency_us"": 1318}"
8542500,voice_frame_generated,2,2564,"{""sequence"": 427}"
8542500,tx_start,2,2564,"{""airtime_us"": 1316}"
8543816,packet_delivered,2,2564,"{""latency_us"": 1318}"
8545000,voice_frame_generated,3,2565,"{""sequence"": 427}"
8545000,tx_start,3,2565,"{""airtime_us"": 1316}"
8546316,packet_delivered,3,2565,"{""latency_us"": 1318}"
8547500,voice_frame_generated,4,2566,"{""sequence"": 427}"
8547500,tx_start,4,2566,"{""airtime_us"": 1316}"
8548816,packet_delivered,4,2566,"{""latency_us"": 1318}"
8550000,voice_frame_generated,5,2567,"{""sequence"": 427}"
8550000,tx_start,5,2567,"{""airtime_us"": 1316}"
8551316,packet_delivered,5,2567,"{""latency_us"": 1318}"
8552500,voice_frame_generated,6,2568,"{""sequence"": 427}"
8552500,tx_start,6,2568,"{""airtime_us"": 1316}"
8553816,packet_delivered,6,2568,"{""latency_us"": 1318}"
8560000,voice_frame_generated,1,2569,"{""sequence"": 428}"
8560000,tx_start,1,2569,"{""airtime_us"": 1316}"
8561316,packet_delivered,1,2569,"{""latency_us"": 1318}"
8562500,voice_frame_generated,2,2570,"{""sequence"": 428}"
8562500,tx_start,2,2570,"{""airtime_us"": 1316}"
8563816,packet_delivered,2,2570,"{""latency_us"": 1318}"
8565000,voice_frame_generated,3,2571,"{""sequence"": 428}"
8565000,tx_start,3,2571,"{""airtime_us"": 1316}"
8566316,packet_delivered,3,2571,"{""latency_us"": 1318}"
8567500,voice_frame_generated,4,2572,"{""sequence"": 428}"
8567500,tx_start,4,2572,"{""airtime_us"": 1316}"
8568816,packet_delivered,4,2572,"{""latency_us"": 1318}"
8570000,voice_frame_generated,5,2573,"{""sequence"": 428}"
8570000,tx_start,5,2573,"{""airtime_us"": 1316}"
8571316,packet_delivered,5,2573,"{""latency_us"": 1318}"
8572500,voice_frame_generated,6,2574,"{""sequence"": 428}"
8572500,tx_start,6,2574,"{""airtime_us"": 1316}"
8573816,packet_delivered,6,2574,"{""latency_us"": 1318}"
8580000,voice_frame_generated,1,2575,"{""sequence"": 429}"
8580000,tx_start,1,2575,"{""airtime_us"": 1316}"
8581316,packet_delivered,1,2575,"{""latency_us"": 1318}"
8582500,voice_frame_generated,2,2576,"{""sequence"": 429}"
8582500,tx_start,2,2576,"{""airtime_us"": 1316}"
8583816,packet_delivered,2,2576,"{""latency_us"": 1318}"
8585000,voice_frame_generated,3,2577,"{""sequence"": 429}"
8585000,tx_start,3,2577,"{""airtime_us"": 1316}"
8586316,packet_delivered,3,2577,"{""latency_us"": 1318}"
8587500,voice_frame_generated,4,2578,"{""sequence"": 429}"
8587500,tx_start,4,2578,"{""airtime_us"": 1316}"
8588816,packet_delivered,4,2578,"{""latency_us"": 1318}"
8590000,voice_frame_generated,5,2579,"{""sequence"": 429}"
8590000,tx_start,5,2579,"{""airtime_us"": 1316}"
8591316,packet_delivered,5,2579,"{""latency_us"": 1318}"
8592500,voice_frame_generated,6,2580,"{""sequence"": 429}"
8592500,tx_start,6,2580,"{""airtime_us"": 1316}"
8593816,packet_delivered,6,2580,"{""latency_us"": 1318}"
8600000,voice_frame_generated,1,2581,"{""sequence"": 430}"
8600000,tx_start,1,2581,"{""airtime_us"": 1316}"
8601316,packet_delivered,1,2581,"{""latency_us"": 1318}"
8602500,voice_frame_generated,2,2582,"{""sequence"": 430}"
8602500,tx_start,2,2582,"{""airtime_us"": 1316}"
8603816,packet_delivered,2,2582,"{""latency_us"": 1318}"
8605000,voice_frame_generated,3,2583,"{""sequence"": 430}"
8605000,tx_start,3,2583,"{""airtime_us"": 1316}"
8606316,packet_delivered,3,2583,"{""latency_us"": 1318}"
8607500,voice_frame_generated,4,2584,"{""sequence"": 430}"
8607500,tx_start,4,2584,"{""airtime_us"": 1316}"
8608816,packet_delivered,4,2584,"{""latency_us"": 1318}"
8610000,voice_frame_generated,5,2585,"{""sequence"": 430}"
8610000,tx_start,5,2585,"{""airtime_us"": 1316}"
8611316,packet_delivered,5,2585,"{""latency_us"": 1318}"
8612500,voice_frame_generated,6,2586,"{""sequence"": 430}"
8612500,tx_start,6,2586,"{""airtime_us"": 1316}"
8613816,packet_delivered,6,2586,"{""latency_us"": 1318}"
8620000,voice_frame_generated,1,2587,"{""sequence"": 431}"
8620000,tx_start,1,2587,"{""airtime_us"": 1316}"
8621316,packet_delivered,1,2587,"{""latency_us"": 1318}"
8622500,voice_frame_generated,2,2588,"{""sequence"": 431}"
8622500,tx_start,2,2588,"{""airtime_us"": 1316}"
8623816,packet_delivered,2,2588,"{""latency_us"": 1318}"
8625000,voice_frame_generated,3,2589,"{""sequence"": 431}"
8625000,tx_start,3,2589,"{""airtime_us"": 1316}"
8626316,packet_delivered,3,2589,"{""latency_us"": 1318}"
8627500,voice_frame_generated,4,2590,"{""sequence"": 431}"
8627500,tx_start,4,2590,"{""airtime_us"": 1316}"
8628816,packet_delivered,4,2590,"{""latency_us"": 1318}"
8630000,voice_frame_generated,5,2591,"{""sequence"": 431}"
8630000,tx_start,5,2591,"{""airtime_us"": 1316}"
8631316,packet_delivered,5,2591,"{""latency_us"": 1318}"
8632500,voice_frame_generated,6,2592,"{""sequence"": 431}"
8632500,tx_start,6,2592,"{""airtime_us"": 1316}"
8633816,packet_delivered,6,2592,"{""latency_us"": 1318}"
8640000,voice_frame_generated,1,2593,"{""sequence"": 432}"
8640000,tx_start,1,2593,"{""airtime_us"": 1316}"
8641316,packet_delivered,1,2593,"{""latency_us"": 1318}"
8642500,voice_frame_generated,2,2594,"{""sequence"": 432}"
8642500,tx_start,2,2594,"{""airtime_us"": 1316}"
8643816,packet_delivered,2,2594,"{""latency_us"": 1318}"
8645000,voice_frame_generated,3,2595,"{""sequence"": 432}"
8645000,tx_start,3,2595,"{""airtime_us"": 1316}"
8646316,packet_delivered,3,2595,"{""latency_us"": 1318}"
8647500,voice_frame_generated,4,2596,"{""sequence"": 432}"
8647500,tx_start,4,2596,"{""airtime_us"": 1316}"
8648816,packet_delivered,4,2596,"{""latency_us"": 1318}"
8650000,voice_frame_generated,5,2597,"{""sequence"": 432}"
8650000,tx_start,5,2597,"{""airtime_us"": 1316}"
8651316,packet_delivered,5,2597,"{""latency_us"": 1318}"
8652500,voice_frame_generated,6,2598,"{""sequence"": 432}"
8652500,tx_start,6,2598,"{""airtime_us"": 1316}"
8653816,packet_delivered,6,2598,"{""latency_us"": 1318}"
8660000,voice_frame_generated,1,2599,"{""sequence"": 433}"
8660000,tx_start,1,2599,"{""airtime_us"": 1316}"
8661316,packet_delivered,1,2599,"{""latency_us"": 1318}"
8662500,voice_frame_generated,2,2600,"{""sequence"": 433}"
8662500,tx_start,2,2600,"{""airtime_us"": 1316}"
8663816,packet_delivered,2,2600,"{""latency_us"": 1318}"
8665000,voice_frame_generated,3,2601,"{""sequence"": 433}"
8665000,tx_start,3,2601,"{""airtime_us"": 1316}"
8666316,packet_delivered,3,2601,"{""latency_us"": 1318}"
8667500,voice_frame_generated,4,2602,"{""sequence"": 433}"
8667500,tx_start,4,2602,"{""airtime_us"": 1316}"
8668816,packet_delivered,4,2602,"{""latency_us"": 1318}"
8670000,voice_frame_generated,5,2603,"{""sequence"": 433}"
8670000,tx_start,5,2603,"{""airtime_us"": 1316}"
8671316,packet_delivered,5,2603,"{""latency_us"": 1318}"
8672500,voice_frame_generated,6,2604,"{""sequence"": 433}"
8672500,tx_start,6,2604,"{""airtime_us"": 1316}"
8673816,packet_delivered,6,2604,"{""latency_us"": 1318}"
8680000,voice_frame_generated,1,2605,"{""sequence"": 434}"
8680000,tx_start,1,2605,"{""airtime_us"": 1316}"
8681316,packet_delivered,1,2605,"{""latency_us"": 1318}"
8682500,voice_frame_generated,2,2606,"{""sequence"": 434}"
8682500,tx_start,2,2606,"{""airtime_us"": 1316}"
8683816,packet_delivered,2,2606,"{""latency_us"": 1318}"
8685000,voice_frame_generated,3,2607,"{""sequence"": 434}"
8685000,tx_start,3,2607,"{""airtime_us"": 1316}"
8686316,packet_delivered,3,2607,"{""latency_us"": 1318}"
8687500,voice_frame_generated,4,2608,"{""sequence"": 434}"
8687500,tx_start,4,2608,"{""airtime_us"": 1316}"
8688816,packet_delivered,4,2608,"{""latency_us"": 1318}"
8690000,voice_frame_generated,5,2609,"{""sequence"": 434}"
8690000,tx_start,5,2609,"{""airtime_us"": 1316}"
8691316,packet_delivered,5,2609,"{""latency_us"": 1318}"
8692500,voice_frame_generated,6,2610,"{""sequence"": 434}"
8692500,tx_start,6,2610,"{""airtime_us"": 1316}"
8693816,packet_delivered,6,2610,"{""latency_us"": 1318}"
8700000,voice_frame_generated,1,2611,"{""sequence"": 435}"
8700000,tx_start,1,2611,"{""airtime_us"": 1316}"
8701316,packet_delivered,1,2611,"{""latency_us"": 1318}"
8702500,voice_frame_generated,2,2612,"{""sequence"": 435}"
8702500,tx_start,2,2612,"{""airtime_us"": 1316}"
8703816,packet_delivered,2,2612,"{""latency_us"": 1318}"
8705000,voice_frame_generated,3,2613,"{""sequence"": 435}"
8705000,tx_start,3,2613,"{""airtime_us"": 1316}"
8706316,packet_delivered,3,2613,"{""latency_us"": 1318}"
8707500,voice_frame_generated,4,2614,"{""sequence"": 435}"
8707500,tx_start,4,2614,"{""airtime_us"": 1316}"
8708816,packet_delivered,4,2614,"{""latency_us"": 1318}"
8710000,voice_frame_generated,5,2615,"{""sequence"": 435}"
8710000,tx_start,5,2615,"{""airtime_us"": 1316}"
8711316,packet_delivered,5,2615,"{""latency_us"": 1318}"
8712500,voice_frame_generated,6,2616,"{""sequence"": 435}"
8712500,tx_start,6,2616,"{""airtime_us"": 1316}"
8713816,packet_delivered,6,2616,"{""latency_us"": 1318}"
8720000,voice_frame_generated,1,2617,"{""sequence"": 436}"
8720000,tx_start,1,2617,"{""airtime_us"": 1316}"
8721316,packet_delivered,1,2617,"{""latency_us"": 1318}"
8722500,voice_frame_generated,2,2618,"{""sequence"": 436}"
8722500,tx_start,2,2618,"{""airtime_us"": 1316}"
8723816,packet_delivered,2,2618,"{""latency_us"": 1318}"
8725000,voice_frame_generated,3,2619,"{""sequence"": 436}"
8725000,tx_start,3,2619,"{""airtime_us"": 1316}"
8726316,packet_delivered,3,2619,"{""latency_us"": 1318}"
8727500,voice_frame_generated,4,2620,"{""sequence"": 436}"
8727500,tx_start,4,2620,"{""airtime_us"": 1316}"
8728816,packet_delivered,4,2620,"{""latency_us"": 1318}"
8730000,voice_frame_generated,5,2621,"{""sequence"": 436}"
8730000,tx_start,5,2621,"{""airtime_us"": 1316}"
8731316,packet_delivered,5,2621,"{""latency_us"": 1318}"
8732500,voice_frame_generated,6,2622,"{""sequence"": 436}"
8732500,tx_start,6,2622,"{""airtime_us"": 1316}"
8733816,packet_delivered,6,2622,"{""latency_us"": 1318}"
8740000,voice_frame_generated,1,2623,"{""sequence"": 437}"
8740000,tx_start,1,2623,"{""airtime_us"": 1316}"
8741316,packet_delivered,1,2623,"{""latency_us"": 1318}"
8742500,voice_frame_generated,2,2624,"{""sequence"": 437}"
8742500,tx_start,2,2624,"{""airtime_us"": 1316}"
8743816,packet_delivered,2,2624,"{""latency_us"": 1318}"
8745000,voice_frame_generated,3,2625,"{""sequence"": 437}"
8745000,tx_start,3,2625,"{""airtime_us"": 1316}"
8746316,packet_delivered,3,2625,"{""latency_us"": 1318}"
8747500,voice_frame_generated,4,2626,"{""sequence"": 437}"
8747500,tx_start,4,2626,"{""airtime_us"": 1316}"
8748816,packet_delivered,4,2626,"{""latency_us"": 1318}"
8750000,voice_frame_generated,5,2627,"{""sequence"": 437}"
8750000,tx_start,5,2627,"{""airtime_us"": 1316}"
8751316,packet_delivered,5,2627,"{""latency_us"": 1318}"
8752500,voice_frame_generated,6,2628,"{""sequence"": 437}"
8752500,tx_start,6,2628,"{""airtime_us"": 1316}"
8753816,packet_delivered,6,2628,"{""latency_us"": 1318}"
8760000,voice_frame_generated,1,2629,"{""sequence"": 438}"
8760000,tx_start,1,2629,"{""airtime_us"": 1316}"
8761316,packet_delivered,1,2629,"{""latency_us"": 1318}"
8762500,voice_frame_generated,2,2630,"{""sequence"": 438}"
8762500,tx_start,2,2630,"{""airtime_us"": 1316}"
8763816,packet_delivered,2,2630,"{""latency_us"": 1318}"
8765000,voice_frame_generated,3,2631,"{""sequence"": 438}"
8765000,tx_start,3,2631,"{""airtime_us"": 1316}"
8766316,packet_delivered,3,2631,"{""latency_us"": 1318}"
8767500,voice_frame_generated,4,2632,"{""sequence"": 438}"
8767500,tx_start,4,2632,"{""airtime_us"": 1316}"
8768816,packet_delivered,4,2632,"{""latency_us"": 1318}"
8770000,voice_frame_generated,5,2633,"{""sequence"": 438}"
8770000,tx_start,5,2633,"{""airtime_us"": 1316}"
8771316,packet_delivered,5,2633,"{""latency_us"": 1318}"
8772500,voice_frame_generated,6,2634,"{""sequence"": 438}"
8772500,tx_start,6,2634,"{""airtime_us"": 1316}"
8773816,packet_delivered,6,2634,"{""latency_us"": 1318}"
8780000,voice_frame_generated,1,2635,"{""sequence"": 439}"
8780000,tx_start,1,2635,"{""airtime_us"": 1316}"
8781316,packet_delivered,1,2635,"{""latency_us"": 1318}"
8782500,voice_frame_generated,2,2636,"{""sequence"": 439}"
8782500,tx_start,2,2636,"{""airtime_us"": 1316}"
8783816,packet_delivered,2,2636,"{""latency_us"": 1318}"
8785000,voice_frame_generated,3,2637,"{""sequence"": 439}"
8785000,tx_start,3,2637,"{""airtime_us"": 1316}"
8786316,packet_delivered,3,2637,"{""latency_us"": 1318}"
8787500,voice_frame_generated,4,2638,"{""sequence"": 439}"
8787500,tx_start,4,2638,"{""airtime_us"": 1316}"
8788816,packet_delivered,4,2638,"{""latency_us"": 1318}"
8790000,voice_frame_generated,5,2639,"{""sequence"": 439}"
8790000,tx_start,5,2639,"{""airtime_us"": 1316}"
8791316,packet_delivered,5,2639,"{""latency_us"": 1318}"
8792500,voice_frame_generated,6,2640,"{""sequence"": 439}"
8792500,tx_start,6,2640,"{""airtime_us"": 1316}"
8793816,packet_delivered,6,2640,"{""latency_us"": 1318}"
8800000,voice_frame_generated,1,2641,"{""sequence"": 440}"
8800000,tx_start,1,2641,"{""airtime_us"": 1316}"
8801316,packet_delivered,1,2641,"{""latency_us"": 1318}"
8802500,voice_frame_generated,2,2642,"{""sequence"": 440}"
8802500,tx_start,2,2642,"{""airtime_us"": 1316}"
8803816,packet_delivered,2,2642,"{""latency_us"": 1318}"
8805000,voice_frame_generated,3,2643,"{""sequence"": 440}"
8805000,tx_start,3,2643,"{""airtime_us"": 1316}"
8806316,packet_delivered,3,2643,"{""latency_us"": 1318}"
8807500,voice_frame_generated,4,2644,"{""sequence"": 440}"
8807500,tx_start,4,2644,"{""airtime_us"": 1316}"
8808816,packet_delivered,4,2644,"{""latency_us"": 1318}"
8810000,voice_frame_generated,5,2645,"{""sequence"": 440}"
8810000,tx_start,5,2645,"{""airtime_us"": 1316}"
8811316,packet_delivered,5,2645,"{""latency_us"": 1318}"
8812500,voice_frame_generated,6,2646,"{""sequence"": 440}"
8812500,tx_start,6,2646,"{""airtime_us"": 1316}"
8813816,packet_delivered,6,2646,"{""latency_us"": 1318}"
8820000,voice_frame_generated,1,2647,"{""sequence"": 441}"
8820000,tx_start,1,2647,"{""airtime_us"": 1316}"
8821316,packet_delivered,1,2647,"{""latency_us"": 1318}"
8822500,voice_frame_generated,2,2648,"{""sequence"": 441}"
8822500,tx_start,2,2648,"{""airtime_us"": 1316}"
8823816,packet_delivered,2,2648,"{""latency_us"": 1318}"
8825000,voice_frame_generated,3,2649,"{""sequence"": 441}"
8825000,tx_start,3,2649,"{""airtime_us"": 1316}"
8826316,packet_delivered,3,2649,"{""latency_us"": 1318}"
8827500,voice_frame_generated,4,2650,"{""sequence"": 441}"
8827500,tx_start,4,2650,"{""airtime_us"": 1316}"
8828816,packet_delivered,4,2650,"{""latency_us"": 1318}"
8830000,voice_frame_generated,5,2651,"{""sequence"": 441}"
8830000,tx_start,5,2651,"{""airtime_us"": 1316}"
8831316,packet_delivered,5,2651,"{""latency_us"": 1318}"
8832500,voice_frame_generated,6,2652,"{""sequence"": 441}"
8832500,tx_start,6,2652,"{""airtime_us"": 1316}"
8833816,packet_delivered,6,2652,"{""latency_us"": 1318}"
8840000,voice_frame_generated,1,2653,"{""sequence"": 442}"
8840000,tx_start,1,2653,"{""airtime_us"": 1316}"
8841316,packet_delivered,1,2653,"{""latency_us"": 1318}"
8842500,voice_frame_generated,2,2654,"{""sequence"": 442}"
8842500,tx_start,2,2654,"{""airtime_us"": 1316}"
8843816,packet_delivered,2,2654,"{""latency_us"": 1318}"
8845000,voice_frame_generated,3,2655,"{""sequence"": 442}"
8845000,tx_start,3,2655,"{""airtime_us"": 1316}"
8846316,packet_delivered,3,2655,"{""latency_us"": 1318}"
8847500,voice_frame_generated,4,2656,"{""sequence"": 442}"
8847500,tx_start,4,2656,"{""airtime_us"": 1316}"
8848816,packet_delivered,4,2656,"{""latency_us"": 1318}"
8850000,voice_frame_generated,5,2657,"{""sequence"": 442}"
8850000,tx_start,5,2657,"{""airtime_us"": 1316}"
8851316,packet_delivered,5,2657,"{""latency_us"": 1318}"
8852500,voice_frame_generated,6,2658,"{""sequence"": 442}"
8852500,tx_start,6,2658,"{""airtime_us"": 1316}"
8853816,packet_delivered,6,2658,"{""latency_us"": 1318}"
8860000,voice_frame_generated,1,2659,"{""sequence"": 443}"
8860000,tx_start,1,2659,"{""airtime_us"": 1316}"
8861316,packet_delivered,1,2659,"{""latency_us"": 1318}"
8862500,voice_frame_generated,2,2660,"{""sequence"": 443}"
8862500,tx_start,2,2660,"{""airtime_us"": 1316}"
8863816,packet_delivered,2,2660,"{""latency_us"": 1318}"
8865000,voice_frame_generated,3,2661,"{""sequence"": 443}"
8865000,tx_start,3,2661,"{""airtime_us"": 1316}"
8866316,packet_delivered,3,2661,"{""latency_us"": 1318}"
8867500,voice_frame_generated,4,2662,"{""sequence"": 443}"
8867500,tx_start,4,2662,"{""airtime_us"": 1316}"
8868816,packet_delivered,4,2662,"{""latency_us"": 1318}"
8870000,voice_frame_generated,5,2663,"{""sequence"": 443}"
8870000,tx_start,5,2663,"{""airtime_us"": 1316}"
8871316,packet_delivered,5,2663,"{""latency_us"": 1318}"
8872500,voice_frame_generated,6,2664,"{""sequence"": 443}"
8872500,tx_start,6,2664,"{""airtime_us"": 1316}"
8873816,packet_delivered,6,2664,"{""latency_us"": 1318}"
8880000,voice_frame_generated,1,2665,"{""sequence"": 444}"
8880000,tx_start,1,2665,"{""airtime_us"": 1316}"
8881316,packet_delivered,1,2665,"{""latency_us"": 1318}"
8882500,voice_frame_generated,2,2666,"{""sequence"": 444}"
8882500,tx_start,2,2666,"{""airtime_us"": 1316}"
8883816,packet_delivered,2,2666,"{""latency_us"": 1318}"
8885000,voice_frame_generated,3,2667,"{""sequence"": 444}"
8885000,tx_start,3,2667,"{""airtime_us"": 1316}"
8886316,packet_delivered,3,2667,"{""latency_us"": 1318}"
8887500,voice_frame_generated,4,2668,"{""sequence"": 444}"
8887500,tx_start,4,2668,"{""airtime_us"": 1316}"
8888816,packet_delivered,4,2668,"{""latency_us"": 1318}"
8890000,voice_frame_generated,5,2669,"{""sequence"": 444}"
8890000,tx_start,5,2669,"{""airtime_us"": 1316}"
8891316,packet_delivered,5,2669,"{""latency_us"": 1318}"
8892500,voice_frame_generated,6,2670,"{""sequence"": 444}"
8892500,tx_start,6,2670,"{""airtime_us"": 1316}"
8893816,packet_delivered,6,2670,"{""latency_us"": 1318}"
8900000,voice_frame_generated,1,2671,"{""sequence"": 445}"
8900000,tx_start,1,2671,"{""airtime_us"": 1316}"
8901316,packet_delivered,1,2671,"{""latency_us"": 1318}"
8902500,voice_frame_generated,2,2672,"{""sequence"": 445}"
8902500,tx_start,2,2672,"{""airtime_us"": 1316}"
8903816,packet_delivered,2,2672,"{""latency_us"": 1318}"
8905000,voice_frame_generated,3,2673,"{""sequence"": 445}"
8905000,tx_start,3,2673,"{""airtime_us"": 1316}"
8906316,packet_delivered,3,2673,"{""latency_us"": 1318}"
8907500,voice_frame_generated,4,2674,"{""sequence"": 445}"
8907500,tx_start,4,2674,"{""airtime_us"": 1316}"
8908816,packet_delivered,4,2674,"{""latency_us"": 1318}"
8910000,voice_frame_generated,5,2675,"{""sequence"": 445}"
8910000,tx_start,5,2675,"{""airtime_us"": 1316}"
8911316,packet_delivered,5,2675,"{""latency_us"": 1318}"
8912500,voice_frame_generated,6,2676,"{""sequence"": 445}"
8912500,tx_start,6,2676,"{""airtime_us"": 1316}"
8913816,packet_delivered,6,2676,"{""latency_us"": 1318}"
8920000,voice_frame_generated,1,2677,"{""sequence"": 446}"
8920000,tx_start,1,2677,"{""airtime_us"": 1316}"
8921316,packet_delivered,1,2677,"{""latency_us"": 1318}"
8922500,voice_frame_generated,2,2678,"{""sequence"": 446}"
8922500,tx_start,2,2678,"{""airtime_us"": 1316}"
8923816,packet_delivered,2,2678,"{""latency_us"": 1318}"
8925000,voice_frame_generated,3,2679,"{""sequence"": 446}"
8925000,tx_start,3,2679,"{""airtime_us"": 1316}"
8926316,packet_delivered,3,2679,"{""latency_us"": 1318}"
8927500,voice_frame_generated,4,2680,"{""sequence"": 446}"
8927500,tx_start,4,2680,"{""airtime_us"": 1316}"
8928816,packet_delivered,4,2680,"{""latency_us"": 1318}"
8930000,voice_frame_generated,5,2681,"{""sequence"": 446}"
8930000,tx_start,5,2681,"{""airtime_us"": 1316}"
8931316,packet_delivered,5,2681,"{""latency_us"": 1318}"
8932500,voice_frame_generated,6,2682,"{""sequence"": 446}"
8932500,tx_start,6,2682,"{""airtime_us"": 1316}"
8933816,packet_delivered,6,2682,"{""latency_us"": 1318}"
8940000,voice_frame_generated,1,2683,"{""sequence"": 447}"
8940000,tx_start,1,2683,"{""airtime_us"": 1316}"
8941316,packet_delivered,1,2683,"{""latency_us"": 1318}"
8942500,voice_frame_generated,2,2684,"{""sequence"": 447}"
8942500,tx_start,2,2684,"{""airtime_us"": 1316}"
8943816,packet_delivered,2,2684,"{""latency_us"": 1318}"
8945000,voice_frame_generated,3,2685,"{""sequence"": 447}"
8945000,tx_start,3,2685,"{""airtime_us"": 1316}"
8946316,packet_delivered,3,2685,"{""latency_us"": 1318}"
8947500,voice_frame_generated,4,2686,"{""sequence"": 447}"
8947500,tx_start,4,2686,"{""airtime_us"": 1316}"
8948816,packet_delivered,4,2686,"{""latency_us"": 1318}"
8950000,voice_frame_generated,5,2687,"{""sequence"": 447}"
8950000,tx_start,5,2687,"{""airtime_us"": 1316}"
8951316,packet_delivered,5,2687,"{""latency_us"": 1318}"
8952500,voice_frame_generated,6,2688,"{""sequence"": 447}"
8952500,tx_start,6,2688,"{""airtime_us"": 1316}"
8953816,packet_delivered,6,2688,"{""latency_us"": 1318}"
8960000,voice_frame_generated,1,2689,"{""sequence"": 448}"
8960000,tx_start,1,2689,"{""airtime_us"": 1316}"
8961316,packet_delivered,1,2689,"{""latency_us"": 1318}"
8962500,voice_frame_generated,2,2690,"{""sequence"": 448}"
8962500,tx_start,2,2690,"{""airtime_us"": 1316}"
8963816,packet_delivered,2,2690,"{""latency_us"": 1318}"
8965000,voice_frame_generated,3,2691,"{""sequence"": 448}"
8965000,tx_start,3,2691,"{""airtime_us"": 1316}"
8966316,packet_delivered,3,2691,"{""latency_us"": 1318}"
8967500,voice_frame_generated,4,2692,"{""sequence"": 448}"
8967500,tx_start,4,2692,"{""airtime_us"": 1316}"
8968816,packet_delivered,4,2692,"{""latency_us"": 1318}"
8970000,voice_frame_generated,5,2693,"{""sequence"": 448}"
8970000,tx_start,5,2693,"{""airtime_us"": 1316}"
8971316,packet_delivered,5,2693,"{""latency_us"": 1318}"
8972500,voice_frame_generated,6,2694,"{""sequence"": 448}"
8972500,tx_start,6,2694,"{""airtime_us"": 1316}"
8973816,packet_delivered,6,2694,"{""latency_us"": 1318}"
8980000,voice_frame_generated,1,2695,"{""sequence"": 449}"
8980000,tx_start,1,2695,"{""airtime_us"": 1316}"
8981316,packet_delivered,1,2695,"{""latency_us"": 1318}"
8982500,voice_frame_generated,2,2696,"{""sequence"": 449}"
8982500,tx_start,2,2696,"{""airtime_us"": 1316}"
8983816,packet_delivered,2,2696,"{""latency_us"": 1318}"
8985000,voice_frame_generated,3,2697,"{""sequence"": 449}"
8985000,tx_start,3,2697,"{""airtime_us"": 1316}"
8986316,packet_delivered,3,2697,"{""latency_us"": 1318}"
8987500,voice_frame_generated,4,2698,"{""sequence"": 449}"
8987500,tx_start,4,2698,"{""airtime_us"": 1316}"
8988816,packet_delivered,4,2698,"{""latency_us"": 1318}"
8990000,voice_frame_generated,5,2699,"{""sequence"": 449}"
8990000,tx_start,5,2699,"{""airtime_us"": 1316}"
8991316,packet_delivered,5,2699,"{""latency_us"": 1318}"
8992500,voice_frame_generated,6,2700,"{""sequence"": 449}"
8992500,tx_start,6,2700,"{""airtime_us"": 1316}"
8993816,packet_delivered,6,2700,"{""latency_us"": 1318}"
9000000,voice_frame_generated,1,2701,"{""sequence"": 450}"
9000000,tx_start,1,2701,"{""airtime_us"": 1316}"
9001316,packet_delivered,1,2701,"{""latency_us"": 1318}"
9002500,voice_frame_generated,2,2702,"{""sequence"": 450}"
9002500,tx_start,2,2702,"{""airtime_us"": 1316}"
9003816,packet_delivered,2,2702,"{""latency_us"": 1318}"
9005000,voice_frame_generated,3,2703,"{""sequence"": 450}"
9005000,tx_start,3,2703,"{""airtime_us"": 1316}"
9006316,packet_delivered,3,2703,"{""latency_us"": 1318}"
9007500,voice_frame_generated,4,2704,"{""sequence"": 450}"
9007500,tx_start,4,2704,"{""airtime_us"": 1316}"
9008816,packet_delivered,4,2704,"{""latency_us"": 1318}"
9010000,voice_frame_generated,5,2705,"{""sequence"": 450}"
9010000,tx_start,5,2705,"{""airtime_us"": 1316}"
9011316,packet_delivered,5,2705,"{""latency_us"": 1318}"
9012500,voice_frame_generated,6,2706,"{""sequence"": 450}"
9012500,tx_start,6,2706,"{""airtime_us"": 1316}"
9013816,packet_delivered,6,2706,"{""latency_us"": 1318}"
9020000,voice_frame_generated,1,2707,"{""sequence"": 451}"
9020000,tx_start,1,2707,"{""airtime_us"": 1316}"
9021316,packet_delivered,1,2707,"{""latency_us"": 1318}"
9022500,voice_frame_generated,2,2708,"{""sequence"": 451}"
9022500,tx_start,2,2708,"{""airtime_us"": 1316}"
9023816,packet_delivered,2,2708,"{""latency_us"": 1318}"
9025000,voice_frame_generated,3,2709,"{""sequence"": 451}"
9025000,tx_start,3,2709,"{""airtime_us"": 1316}"
9026316,packet_delivered,3,2709,"{""latency_us"": 1318}"
9027500,voice_frame_generated,4,2710,"{""sequence"": 451}"
9027500,tx_start,4,2710,"{""airtime_us"": 1316}"
9028816,packet_delivered,4,2710,"{""latency_us"": 1318}"
9030000,voice_frame_generated,5,2711,"{""sequence"": 451}"
9030000,tx_start,5,2711,"{""airtime_us"": 1316}"
9031316,packet_delivered,5,2711,"{""latency_us"": 1318}"
9032500,voice_frame_generated,6,2712,"{""sequence"": 451}"
9032500,tx_start,6,2712,"{""airtime_us"": 1316}"
9033816,packet_delivered,6,2712,"{""latency_us"": 1318}"
9040000,voice_frame_generated,1,2713,"{""sequence"": 452}"
9040000,tx_start,1,2713,"{""airtime_us"": 1316}"
9041316,packet_delivered,1,2713,"{""latency_us"": 1318}"
9042500,voice_frame_generated,2,2714,"{""sequence"": 452}"
9042500,tx_start,2,2714,"{""airtime_us"": 1316}"
9043816,packet_delivered,2,2714,"{""latency_us"": 1318}"
9045000,voice_frame_generated,3,2715,"{""sequence"": 452}"
9045000,tx_start,3,2715,"{""airtime_us"": 1316}"
9046316,packet_delivered,3,2715,"{""latency_us"": 1318}"
9047500,voice_frame_generated,4,2716,"{""sequence"": 452}"
9047500,tx_start,4,2716,"{""airtime_us"": 1316}"
9048816,packet_delivered,4,2716,"{""latency_us"": 1318}"
9050000,voice_frame_generated,5,2717,"{""sequence"": 452}"
9050000,tx_start,5,2717,"{""airtime_us"": 1316}"
9051316,packet_delivered,5,2717,"{""latency_us"": 1318}"
9052500,voice_frame_generated,6,2718,"{""sequence"": 452}"
9052500,tx_start,6,2718,"{""airtime_us"": 1316}"
9053816,packet_delivered,6,2718,"{""latency_us"": 1318}"
9060000,voice_frame_generated,1,2719,"{""sequence"": 453}"
9060000,tx_start,1,2719,"{""airtime_us"": 1316}"
9061316,packet_delivered,1,2719,"{""latency_us"": 1318}"
9062500,voice_frame_generated,2,2720,"{""sequence"": 453}"
9062500,tx_start,2,2720,"{""airtime_us"": 1316}"
9063816,packet_delivered,2,2720,"{""latency_us"": 1318}"
9065000,voice_frame_generated,3,2721,"{""sequence"": 453}"
9065000,tx_start,3,2721,"{""airtime_us"": 1316}"
9066316,packet_delivered,3,2721,"{""latency_us"": 1318}"
9067500,voice_frame_generated,4,2722,"{""sequence"": 453}"
9067500,tx_start,4,2722,"{""airtime_us"": 1316}"
9068816,packet_delivered,4,2722,"{""latency_us"": 1318}"
9070000,voice_frame_generated,5,2723,"{""sequence"": 453}"
9070000,tx_start,5,2723,"{""airtime_us"": 1316}"
9071316,packet_delivered,5,2723,"{""latency_us"": 1318}"
9072500,voice_frame_generated,6,2724,"{""sequence"": 453}"
9072500,tx_start,6,2724,"{""airtime_us"": 1316}"
9073816,packet_delivered,6,2724,"{""latency_us"": 1318}"
9080000,voice_frame_generated,1,2725,"{""sequence"": 454}"
9080000,tx_start,1,2725,"{""airtime_us"": 1316}"
9081316,packet_delivered,1,2725,"{""latency_us"": 1318}"
9082500,voice_frame_generated,2,2726,"{""sequence"": 454}"
9082500,tx_start,2,2726,"{""airtime_us"": 1316}"
9083816,packet_delivered,2,2726,"{""latency_us"": 1318}"
9085000,voice_frame_generated,3,2727,"{""sequence"": 454}"
9085000,tx_start,3,2727,"{""airtime_us"": 1316}"
9086316,packet_delivered,3,2727,"{""latency_us"": 1318}"
9087500,voice_frame_generated,4,2728,"{""sequence"": 454}"
9087500,tx_start,4,2728,"{""airtime_us"": 1316}"
9088816,packet_delivered,4,2728,"{""latency_us"": 1318}"
9090000,voice_frame_generated,5,2729,"{""sequence"": 454}"
9090000,tx_start,5,2729,"{""airtime_us"": 1316}"
9091316,packet_delivered,5,2729,"{""latency_us"": 1318}"
9092500,voice_frame_generated,6,2730,"{""sequence"": 454}"
9092500,tx_start,6,2730,"{""airtime_us"": 1316}"
9093816,packet_delivered,6,2730,"{""latency_us"": 1318}"
9100000,voice_frame_generated,1,2731,"{""sequence"": 455}"
9100000,tx_start,1,2731,"{""airtime_us"": 1316}"
9101316,packet_delivered,1,2731,"{""latency_us"": 1318}"
9102500,voice_frame_generated,2,2732,"{""sequence"": 455}"
9102500,tx_start,2,2732,"{""airtime_us"": 1316}"
9103816,packet_delivered,2,2732,"{""latency_us"": 1318}"
9105000,voice_frame_generated,3,2733,"{""sequence"": 455}"
9105000,tx_start,3,2733,"{""airtime_us"": 1316}"
9106316,packet_delivered,3,2733,"{""latency_us"": 1318}"
9107500,voice_frame_generated,4,2734,"{""sequence"": 455}"
9107500,tx_start,4,2734,"{""airtime_us"": 1316}"
9108816,packet_delivered,4,2734,"{""latency_us"": 1318}"
9110000,voice_frame_generated,5,2735,"{""sequence"": 455}"
9110000,tx_start,5,2735,"{""airtime_us"": 1316}"
9111316,packet_delivered,5,2735,"{""latency_us"": 1318}"
9112500,voice_frame_generated,6,2736,"{""sequence"": 455}"
9112500,tx_start,6,2736,"{""airtime_us"": 1316}"
9113816,packet_delivered,6,2736,"{""latency_us"": 1318}"
9120000,voice_frame_generated,1,2737,"{""sequence"": 456}"
9120000,tx_start,1,2737,"{""airtime_us"": 1316}"
9121316,packet_delivered,1,2737,"{""latency_us"": 1318}"
9122500,voice_frame_generated,2,2738,"{""sequence"": 456}"
9122500,tx_start,2,2738,"{""airtime_us"": 1316}"
9123816,packet_delivered,2,2738,"{""latency_us"": 1318}"
9125000,voice_frame_generated,3,2739,"{""sequence"": 456}"
9125000,tx_start,3,2739,"{""airtime_us"": 1316}"
9126316,packet_delivered,3,2739,"{""latency_us"": 1318}"
9127500,voice_frame_generated,4,2740,"{""sequence"": 456}"
9127500,tx_start,4,2740,"{""airtime_us"": 1316}"
9128816,packet_delivered,4,2740,"{""latency_us"": 1318}"
9130000,voice_frame_generated,5,2741,"{""sequence"": 456}"
9130000,tx_start,5,2741,"{""airtime_us"": 1316}"
9131316,packet_delivered,5,2741,"{""latency_us"": 1318}"
9132500,voice_frame_generated,6,2742,"{""sequence"": 456}"
9132500,tx_start,6,2742,"{""airtime_us"": 1316}"
9133816,packet_delivered,6,2742,"{""latency_us"": 1318}"
9140000,voice_frame_generated,1,2743,"{""sequence"": 457}"
9140000,tx_start,1,2743,"{""airtime_us"": 1316}"
9141316,packet_delivered,1,2743,"{""latency_us"": 1318}"
9142500,voice_frame_generated,2,2744,"{""sequence"": 457}"
9142500,tx_start,2,2744,"{""airtime_us"": 1316}"
9143816,packet_delivered,2,2744,"{""latency_us"": 1318}"
9145000,voice_frame_generated,3,2745,"{""sequence"": 457}"
9145000,tx_start,3,2745,"{""airtime_us"": 1316}"
9146316,packet_delivered,3,2745,"{""latency_us"": 1318}"
9147500,voice_frame_generated,4,2746,"{""sequence"": 457}"
9147500,tx_start,4,2746,"{""airtime_us"": 1316}"
9148816,packet_delivered,4,2746,"{""latency_us"": 1318}"
9150000,voice_frame_generated,5,2747,"{""sequence"": 457}"
9150000,tx_start,5,2747,"{""airtime_us"": 1316}"
9151316,packet_delivered,5,2747,"{""latency_us"": 1318}"
9152500,voice_frame_generated,6,2748,"{""sequence"": 457}"
9152500,tx_start,6,2748,"{""airtime_us"": 1316}"
9153816,packet_delivered,6,2748,"{""latency_us"": 1318}"
9160000,voice_frame_generated,1,2749,"{""sequence"": 458}"
9160000,tx_start,1,2749,"{""airtime_us"": 1316}"
9161316,packet_delivered,1,2749,"{""latency_us"": 1318}"
9162500,voice_frame_generated,2,2750,"{""sequence"": 458}"
9162500,tx_start,2,2750,"{""airtime_us"": 1316}"
9163816,packet_delivered,2,2750,"{""latency_us"": 1318}"
9165000,voice_frame_generated,3,2751,"{""sequence"": 458}"
9165000,tx_start,3,2751,"{""airtime_us"": 1316}"
9166316,packet_delivered,3,2751,"{""latency_us"": 1318}"
9167500,voice_frame_generated,4,2752,"{""sequence"": 458}"
9167500,tx_start,4,2752,"{""airtime_us"": 1316}"
9168816,packet_delivered,4,2752,"{""latency_us"": 1318}"
9170000,voice_frame_generated,5,2753,"{""sequence"": 458}"
9170000,tx_start,5,2753,"{""airtime_us"": 1316}"
9171316,packet_delivered,5,2753,"{""latency_us"": 1318}"
9172500,voice_frame_generated,6,2754,"{""sequence"": 458}"
9172500,tx_start,6,2754,"{""airtime_us"": 1316}"
9173816,packet_delivered,6,2754,"{""latency_us"": 1318}"
9180000,voice_frame_generated,1,2755,"{""sequence"": 459}"
9180000,tx_start,1,2755,"{""airtime_us"": 1316}"
9181316,packet_delivered,1,2755,"{""latency_us"": 1318}"
9182500,voice_frame_generated,2,2756,"{""sequence"": 459}"
9182500,tx_start,2,2756,"{""airtime_us"": 1316}"
9183816,packet_delivered,2,2756,"{""latency_us"": 1318}"
9185000,voice_frame_generated,3,2757,"{""sequence"": 459}"
9185000,tx_start,3,2757,"{""airtime_us"": 1316}"
9186316,packet_delivered,3,2757,"{""latency_us"": 1318}"
9187500,voice_frame_generated,4,2758,"{""sequence"": 459}"
9187500,tx_start,4,2758,"{""airtime_us"": 1316}"
9188816,packet_delivered,4,2758,"{""latency_us"": 1318}"
9190000,voice_frame_generated,5,2759,"{""sequence"": 459}"
9190000,tx_start,5,2759,"{""airtime_us"": 1316}"
9191316,packet_delivered,5,2759,"{""latency_us"": 1318}"
9192500,voice_frame_generated,6,2760,"{""sequence"": 459}"
9192500,tx_start,6,2760,"{""airtime_us"": 1316}"
9193816,packet_delivered,6,2760,"{""latency_us"": 1318}"
9200000,voice_frame_generated,1,2761,"{""sequence"": 460}"
9200000,tx_start,1,2761,"{""airtime_us"": 1316}"
9201316,packet_delivered,1,2761,"{""latency_us"": 1318}"
9202500,voice_frame_generated,2,2762,"{""sequence"": 460}"
9202500,tx_start,2,2762,"{""airtime_us"": 1316}"
9203816,packet_delivered,2,2762,"{""latency_us"": 1318}"
9205000,voice_frame_generated,3,2763,"{""sequence"": 460}"
9205000,tx_start,3,2763,"{""airtime_us"": 1316}"
9206316,packet_delivered,3,2763,"{""latency_us"": 1318}"
9207500,voice_frame_generated,4,2764,"{""sequence"": 460}"
9207500,tx_start,4,2764,"{""airtime_us"": 1316}"
9208816,packet_delivered,4,2764,"{""latency_us"": 1318}"
9210000,voice_frame_generated,5,2765,"{""sequence"": 460}"
9210000,tx_start,5,2765,"{""airtime_us"": 1316}"
9211316,packet_delivered,5,2765,"{""latency_us"": 1318}"
9212500,voice_frame_generated,6,2766,"{""sequence"": 460}"
9212500,tx_start,6,2766,"{""airtime_us"": 1316}"
9213816,packet_delivered,6,2766,"{""latency_us"": 1318}"
9220000,voice_frame_generated,1,2767,"{""sequence"": 461}"
9220000,tx_start,1,2767,"{""airtime_us"": 1316}"
9221316,packet_delivered,1,2767,"{""latency_us"": 1318}"
9222500,voice_frame_generated,2,2768,"{""sequence"": 461}"
9222500,tx_start,2,2768,"{""airtime_us"": 1316}"
9223816,packet_delivered,2,2768,"{""latency_us"": 1318}"
9225000,voice_frame_generated,3,2769,"{""sequence"": 461}"
9225000,tx_start,3,2769,"{""airtime_us"": 1316}"
9226316,packet_delivered,3,2769,"{""latency_us"": 1318}"
9227500,voice_frame_generated,4,2770,"{""sequence"": 461}"
9227500,tx_start,4,2770,"{""airtime_us"": 1316}"
9228816,packet_delivered,4,2770,"{""latency_us"": 1318}"
9230000,voice_frame_generated,5,2771,"{""sequence"": 461}"
9230000,tx_start,5,2771,"{""airtime_us"": 1316}"
9231316,packet_delivered,5,2771,"{""latency_us"": 1318}"
9232500,voice_frame_generated,6,2772,"{""sequence"": 461}"
9232500,tx_start,6,2772,"{""airtime_us"": 1316}"
9233816,packet_delivered,6,2772,"{""latency_us"": 1318}"
9240000,voice_frame_generated,1,2773,"{""sequence"": 462}"
9240000,tx_start,1,2773,"{""airtime_us"": 1316}"
9241316,packet_delivered,1,2773,"{""latency_us"": 1318}"
9242500,voice_frame_generated,2,2774,"{""sequence"": 462}"
9242500,tx_start,2,2774,"{""airtime_us"": 1316}"
9243816,packet_delivered,2,2774,"{""latency_us"": 1318}"
9245000,voice_frame_generated,3,2775,"{""sequence"": 462}"
9245000,tx_start,3,2775,"{""airtime_us"": 1316}"
9246316,packet_delivered,3,2775,"{""latency_us"": 1318}"
9247500,voice_frame_generated,4,2776,"{""sequence"": 462}"
9247500,tx_start,4,2776,"{""airtime_us"": 1316}"
9248816,packet_delivered,4,2776,"{""latency_us"": 1318}"
9250000,voice_frame_generated,5,2777,"{""sequence"": 462}"
9250000,tx_start,5,2777,"{""airtime_us"": 1316}"
9251316,packet_delivered,5,2777,"{""latency_us"": 1318}"
9252500,voice_frame_generated,6,2778,"{""sequence"": 462}"
9252500,tx_start,6,2778,"{""airtime_us"": 1316}"
9253816,packet_delivered,6,2778,"{""latency_us"": 1318}"
9260000,voice_frame_generated,1,2779,"{""sequence"": 463}"
9260000,tx_start,1,2779,"{""airtime_us"": 1316}"
9261316,packet_delivered,1,2779,"{""latency_us"": 1318}"
9262500,voice_frame_generated,2,2780,"{""sequence"": 463}"
9262500,tx_start,2,2780,"{""airtime_us"": 1316}"
9263816,packet_delivered,2,2780,"{""latency_us"": 1318}"
9265000,voice_frame_generated,3,2781,"{""sequence"": 463}"
9265000,tx_start,3,2781,"{""airtime_us"": 1316}"
9266316,packet_delivered,3,2781,"{""latency_us"": 1318}"
9267500,voice_frame_generated,4,2782,"{""sequence"": 463}"
9267500,tx_start,4,2782,"{""airtime_us"": 1316}"
9268816,packet_delivered,4,2782,"{""latency_us"": 1318}"
9270000,voice_frame_generated,5,2783,"{""sequence"": 463}"
9270000,tx_start,5,2783,"{""airtime_us"": 1316}"
9271316,packet_delivered,5,2783,"{""latency_us"": 1318}"
9272500,voice_frame_generated,6,2784,"{""sequence"": 463}"
9272500,tx_start,6,2784,"{""airtime_us"": 1316}"
9273816,packet_delivered,6,2784,"{""latency_us"": 1318}"
9280000,voice_frame_generated,1,2785,"{""sequence"": 464}"
9280000,tx_start,1,2785,"{""airtime_us"": 1316}"
9281316,packet_delivered,1,2785,"{""latency_us"": 1318}"
9282500,voice_frame_generated,2,2786,"{""sequence"": 464}"
9282500,tx_start,2,2786,"{""airtime_us"": 1316}"
9283816,packet_delivered,2,2786,"{""latency_us"": 1318}"
9285000,voice_frame_generated,3,2787,"{""sequence"": 464}"
9285000,tx_start,3,2787,"{""airtime_us"": 1316}"
9286316,packet_delivered,3,2787,"{""latency_us"": 1318}"
9287500,voice_frame_generated,4,2788,"{""sequence"": 464}"
9287500,tx_start,4,2788,"{""airtime_us"": 1316}"
9288816,packet_delivered,4,2788,"{""latency_us"": 1318}"
9290000,voice_frame_generated,5,2789,"{""sequence"": 464}"
9290000,tx_start,5,2789,"{""airtime_us"": 1316}"
9291316,packet_delivered,5,2789,"{""latency_us"": 1318}"
9292500,voice_frame_generated,6,2790,"{""sequence"": 464}"
9292500,tx_start,6,2790,"{""airtime_us"": 1316}"
9293816,packet_delivered,6,2790,"{""latency_us"": 1318}"
9300000,voice_frame_generated,1,2791,"{""sequence"": 465}"
9300000,tx_start,1,2791,"{""airtime_us"": 1316}"
9301316,packet_delivered,1,2791,"{""latency_us"": 1318}"
9302500,voice_frame_generated,2,2792,"{""sequence"": 465}"
9302500,tx_start,2,2792,"{""airtime_us"": 1316}"
9303816,packet_delivered,2,2792,"{""latency_us"": 1318}"
9305000,voice_frame_generated,3,2793,"{""sequence"": 465}"
9305000,tx_start,3,2793,"{""airtime_us"": 1316}"
9306316,packet_delivered,3,2793,"{""latency_us"": 1318}"
9307500,voice_frame_generated,4,2794,"{""sequence"": 465}"
9307500,tx_start,4,2794,"{""airtime_us"": 1316}"
9308816,packet_delivered,4,2794,"{""latency_us"": 1318}"
9310000,voice_frame_generated,5,2795,"{""sequence"": 465}"
9310000,tx_start,5,2795,"{""airtime_us"": 1316}"
9311316,packet_delivered,5,2795,"{""latency_us"": 1318}"
9312500,voice_frame_generated,6,2796,"{""sequence"": 465}"
9312500,tx_start,6,2796,"{""airtime_us"": 1316}"
9313816,packet_delivered,6,2796,"{""latency_us"": 1318}"
9320000,voice_frame_generated,1,2797,"{""sequence"": 466}"
9320000,tx_start,1,2797,"{""airtime_us"": 1316}"
9321316,packet_delivered,1,2797,"{""latency_us"": 1318}"
9322500,voice_frame_generated,2,2798,"{""sequence"": 466}"
9322500,tx_start,2,2798,"{""airtime_us"": 1316}"
9323816,packet_delivered,2,2798,"{""latency_us"": 1318}"
9325000,voice_frame_generated,3,2799,"{""sequence"": 466}"
9325000,tx_start,3,2799,"{""airtime_us"": 1316}"
9326316,packet_delivered,3,2799,"{""latency_us"": 1318}"
9327500,voice_frame_generated,4,2800,"{""sequence"": 466}"
9327500,tx_start,4,2800,"{""airtime_us"": 1316}"
9328816,packet_delivered,4,2800,"{""latency_us"": 1318}"
9330000,voice_frame_generated,5,2801,"{""sequence"": 466}"
9330000,tx_start,5,2801,"{""airtime_us"": 1316}"
9331316,packet_delivered,5,2801,"{""latency_us"": 1318}"
9332500,voice_frame_generated,6,2802,"{""sequence"": 466}"
9332500,tx_start,6,2802,"{""airtime_us"": 1316}"
9333816,packet_delivered,6,2802,"{""latency_us"": 1318}"
9340000,voice_frame_generated,1,2803,"{""sequence"": 467}"
9340000,tx_start,1,2803,"{""airtime_us"": 1316}"
9341316,packet_delivered,1,2803,"{""latency_us"": 1318}"
9342500,voice_frame_generated,2,2804,"{""sequence"": 467}"
9342500,tx_start,2,2804,"{""airtime_us"": 1316}"
9343816,packet_delivered,2,2804,"{""latency_us"": 1318}"
9345000,voice_frame_generated,3,2805,"{""sequence"": 467}"
9345000,tx_start,3,2805,"{""airtime_us"": 1316}"
9346316,packet_delivered,3,2805,"{""latency_us"": 1318}"
9347500,voice_frame_generated,4,2806,"{""sequence"": 467}"
9347500,tx_start,4,2806,"{""airtime_us"": 1316}"
9348816,packet_delivered,4,2806,"{""latency_us"": 1318}"
9350000,voice_frame_generated,5,2807,"{""sequence"": 467}"
9350000,tx_start,5,2807,"{""airtime_us"": 1316}"
9351316,packet_delivered,5,2807,"{""latency_us"": 1318}"
9352500,voice_frame_generated,6,2808,"{""sequence"": 467}"
9352500,tx_start,6,2808,"{""airtime_us"": 1316}"
9353816,packet_delivered,6,2808,"{""latency_us"": 1318}"
9360000,voice_frame_generated,1,2809,"{""sequence"": 468}"
9360000,tx_start,1,2809,"{""airtime_us"": 1316}"
9361316,packet_delivered,1,2809,"{""latency_us"": 1318}"
9362500,voice_frame_generated,2,2810,"{""sequence"": 468}"
9362500,tx_start,2,2810,"{""airtime_us"": 1316}"
9363816,packet_delivered,2,2810,"{""latency_us"": 1318}"
9365000,voice_frame_generated,3,2811,"{""sequence"": 468}"
9365000,tx_start,3,2811,"{""airtime_us"": 1316}"
9366316,packet_delivered,3,2811,"{""latency_us"": 1318}"
9367500,voice_frame_generated,4,2812,"{""sequence"": 468}"
9367500,tx_start,4,2812,"{""airtime_us"": 1316}"
9368816,packet_delivered,4,2812,"{""latency_us"": 1318}"
9370000,voice_frame_generated,5,2813,"{""sequence"": 468}"
9370000,tx_start,5,2813,"{""airtime_us"": 1316}"
9371316,packet_delivered,5,2813,"{""latency_us"": 1318}"
9372500,voice_frame_generated,6,2814,"{""sequence"": 468}"
9372500,tx_start,6,2814,"{""airtime_us"": 1316}"
9373816,packet_delivered,6,2814,"{""latency_us"": 1318}"
9380000,voice_frame_generated,1,2815,"{""sequence"": 469}"
9380000,tx_start,1,2815,"{""airtime_us"": 1316}"
9381316,packet_delivered,1,2815,"{""latency_us"": 1318}"
9382500,voice_frame_generated,2,2816,"{""sequence"": 469}"
9382500,tx_start,2,2816,"{""airtime_us"": 1316}"
9383816,packet_delivered,2,2816,"{""latency_us"": 1318}"
9385000,voice_frame_generated,3,2817,"{""sequence"": 469}"
9385000,tx_start,3,2817,"{""airtime_us"": 1316}"
9386316,packet_delivered,3,2817,"{""latency_us"": 1318}"
9387500,voice_frame_generated,4,2818,"{""sequence"": 469}"
9387500,tx_start,4,2818,"{""airtime_us"": 1316}"
9388816,packet_delivered,4,2818,"{""latency_us"": 1318}"
9390000,voice_frame_generated,5,2819,"{""sequence"": 469}"
9390000,tx_start,5,2819,"{""airtime_us"": 1316}"
9391316,packet_delivered,5,2819,"{""latency_us"": 1318}"
9392500,voice_frame_generated,6,2820,"{""sequence"": 469}"
9392500,tx_start,6,2820,"{""airtime_us"": 1316}"
9393816,packet_delivered,6,2820,"{""latency_us"": 1318}"
9400000,voice_frame_generated,1,2821,"{""sequence"": 470}"
9400000,tx_start,1,2821,"{""airtime_us"": 1316}"
9401316,packet_delivered,1,2821,"{""latency_us"": 1318}"
9402500,voice_frame_generated,2,2822,"{""sequence"": 470}"
9402500,tx_start,2,2822,"{""airtime_us"": 1316}"
9403816,packet_delivered,2,2822,"{""latency_us"": 1318}"
9405000,voice_frame_generated,3,2823,"{""sequence"": 470}"
9405000,tx_start,3,2823,"{""airtime_us"": 1316}"
9406316,packet_delivered,3,2823,"{""latency_us"": 1318}"
9407500,voice_frame_generated,4,2824,"{""sequence"": 470}"
9407500,tx_start,4,2824,"{""airtime_us"": 1316}"
9408816,packet_delivered,4,2824,"{""latency_us"": 1318}"
9410000,voice_frame_generated,5,2825,"{""sequence"": 470}"
9410000,tx_start,5,2825,"{""airtime_us"": 1316}"
9411316,packet_delivered,5,2825,"{""latency_us"": 1318}"
9412500,voice_frame_generated,6,2826,"{""sequence"": 470}"
9412500,tx_start,6,2826,"{""airtime_us"": 1316}"
9413816,packet_delivered,6,2826,"{""latency_us"": 1318}"
9420000,voice_frame_generated,1,2827,"{""sequence"": 471}"
9420000,tx_start,1,2827,"{""airtime_us"": 1316}"
9421316,packet_delivered,1,2827,"{""latency_us"": 1318}"
9422500,voice_frame_generated,2,2828,"{""sequence"": 471}"
9422500,tx_start,2,2828,"{""airtime_us"": 1316}"
9423816,packet_delivered,2,2828,"{""latency_us"": 1318}"
9425000,voice_frame_generated,3,2829,"{""sequence"": 471}"
9425000,tx_start,3,2829,"{""airtime_us"": 1316}"
9426316,packet_delivered,3,2829,"{""latency_us"": 1318}"
9427500,voice_frame_generated,4,2830,"{""sequence"": 471}"
9427500,tx_start,4,2830,"{""airtime_us"": 1316}"
9428816,packet_delivered,4,2830,"{""latency_us"": 1318}"
9430000,voice_frame_generated,5,2831,"{""sequence"": 471}"
9430000,tx_start,5,2831,"{""airtime_us"": 1316}"
9431316,packet_delivered,5,2831,"{""latency_us"": 1318}"
9432500,voice_frame_generated,6,2832,"{""sequence"": 471}"
9432500,tx_start,6,2832,"{""airtime_us"": 1316}"
9433816,packet_delivered,6,2832,"{""latency_us"": 1318}"
9440000,voice_frame_generated,1,2833,"{""sequence"": 472}"
9440000,tx_start,1,2833,"{""airtime_us"": 1316}"
9441316,packet_delivered,1,2833,"{""latency_us"": 1318}"
9442500,voice_frame_generated,2,2834,"{""sequence"": 472}"
9442500,tx_start,2,2834,"{""airtime_us"": 1316}"
9443816,packet_delivered,2,2834,"{""latency_us"": 1318}"
9445000,voice_frame_generated,3,2835,"{""sequence"": 472}"
9445000,tx_start,3,2835,"{""airtime_us"": 1316}"
9446316,packet_delivered,3,2835,"{""latency_us"": 1318}"
9447500,voice_frame_generated,4,2836,"{""sequence"": 472}"
9447500,tx_start,4,2836,"{""airtime_us"": 1316}"
9448816,packet_delivered,4,2836,"{""latency_us"": 1318}"
9450000,voice_frame_generated,5,2837,"{""sequence"": 472}"
9450000,tx_start,5,2837,"{""airtime_us"": 1316}"
9451316,packet_delivered,5,2837,"{""latency_us"": 1318}"
9452500,voice_frame_generated,6,2838,"{""sequence"": 472}"
9452500,tx_start,6,2838,"{""airtime_us"": 1316}"
9453816,packet_delivered,6,2838,"{""latency_us"": 1318}"
9460000,voice_frame_generated,1,2839,"{""sequence"": 473}"
9460000,tx_start,1,2839,"{""airtime_us"": 1316}"
9461316,packet_delivered,1,2839,"{""latency_us"": 1318}"
9462500,voice_frame_generated,2,2840,"{""sequence"": 473}"
9462500,tx_start,2,2840,"{""airtime_us"": 1316}"
9463816,packet_delivered,2,2840,"{""latency_us"": 1318}"
9465000,voice_frame_generated,3,2841,"{""sequence"": 473}"
9465000,tx_start,3,2841,"{""airtime_us"": 1316}"
9466316,packet_delivered,3,2841,"{""latency_us"": 1318}"
9467500,voice_frame_generated,4,2842,"{""sequence"": 473}"
9467500,tx_start,4,2842,"{""airtime_us"": 1316}"
9468816,packet_delivered,4,2842,"{""latency_us"": 1318}"
9470000,voice_frame_generated,5,2843,"{""sequence"": 473}"
9470000,tx_start,5,2843,"{""airtime_us"": 1316}"
9471316,packet_delivered,5,2843,"{""latency_us"": 1318}"
9472500,voice_frame_generated,6,2844,"{""sequence"": 473}"
9472500,tx_start,6,2844,"{""airtime_us"": 1316}"
9473816,packet_delivered,6,2844,"{""latency_us"": 1318}"
9480000,voice_frame_generated,1,2845,"{""sequence"": 474}"
9480000,tx_start,1,2845,"{""airtime_us"": 1316}"
9481316,packet_delivered,1,2845,"{""latency_us"": 1318}"
9482500,voice_frame_generated,2,2846,"{""sequence"": 474}"
9482500,tx_start,2,2846,"{""airtime_us"": 1316}"
9483816,packet_delivered,2,2846,"{""latency_us"": 1318}"
9485000,voice_frame_generated,3,2847,"{""sequence"": 474}"
9485000,tx_start,3,2847,"{""airtime_us"": 1316}"
9486316,packet_delivered,3,2847,"{""latency_us"": 1318}"
9487500,voice_frame_generated,4,2848,"{""sequence"": 474}"
9487500,tx_start,4,2848,"{""airtime_us"": 1316}"
9488816,packet_delivered,4,2848,"{""latency_us"": 1318}"
9490000,voice_frame_generated,5,2849,"{""sequence"": 474}"
9490000,tx_start,5,2849,"{""airtime_us"": 1316}"
9491316,packet_delivered,5,2849,"{""latency_us"": 1318}"
9492500,voice_frame_generated,6,2850,"{""sequence"": 474}"
9492500,tx_start,6,2850,"{""airtime_us"": 1316}"
9493816,packet_delivered,6,2850,"{""latency_us"": 1318}"
9500000,voice_frame_generated,1,2851,"{""sequence"": 475}"
9500000,tx_start,1,2851,"{""airtime_us"": 1316}"
9501316,packet_delivered,1,2851,"{""latency_us"": 1318}"
9502500,voice_frame_generated,2,2852,"{""sequence"": 475}"
9502500,tx_start,2,2852,"{""airtime_us"": 1316}"
9503816,packet_delivered,2,2852,"{""latency_us"": 1318}"
9505000,voice_frame_generated,3,2853,"{""sequence"": 475}"
9505000,tx_start,3,2853,"{""airtime_us"": 1316}"
9506316,packet_delivered,3,2853,"{""latency_us"": 1318}"
9507500,voice_frame_generated,4,2854,"{""sequence"": 475}"
9507500,tx_start,4,2854,"{""airtime_us"": 1316}"
9508816,packet_delivered,4,2854,"{""latency_us"": 1318}"
9510000,voice_frame_generated,5,2855,"{""sequence"": 475}"
9510000,tx_start,5,2855,"{""airtime_us"": 1316}"
9511316,packet_delivered,5,2855,"{""latency_us"": 1318}"
9512500,voice_frame_generated,6,2856,"{""sequence"": 475}"
9512500,tx_start,6,2856,"{""airtime_us"": 1316}"
9513816,packet_delivered,6,2856,"{""latency_us"": 1318}"
9520000,voice_frame_generated,1,2857,"{""sequence"": 476}"
9520000,tx_start,1,2857,"{""airtime_us"": 1316}"
9521316,packet_delivered,1,2857,"{""latency_us"": 1318}"
9522500,voice_frame_generated,2,2858,"{""sequence"": 476}"
9522500,tx_start,2,2858,"{""airtime_us"": 1316}"
9523816,packet_delivered,2,2858,"{""latency_us"": 1318}"
9525000,voice_frame_generated,3,2859,"{""sequence"": 476}"
9525000,tx_start,3,2859,"{""airtime_us"": 1316}"
9526316,packet_delivered,3,2859,"{""latency_us"": 1318}"
9527500,voice_frame_generated,4,2860,"{""sequence"": 476}"
9527500,tx_start,4,2860,"{""airtime_us"": 1316}"
9528816,packet_delivered,4,2860,"{""latency_us"": 1318}"
9530000,voice_frame_generated,5,2861,"{""sequence"": 476}"
9530000,tx_start,5,2861,"{""airtime_us"": 1316}"
9531316,packet_delivered,5,2861,"{""latency_us"": 1318}"
9532500,voice_frame_generated,6,2862,"{""sequence"": 476}"
9532500,tx_start,6,2862,"{""airtime_us"": 1316}"
9533816,packet_delivered,6,2862,"{""latency_us"": 1318}"
9540000,voice_frame_generated,1,2863,"{""sequence"": 477}"
9540000,tx_start,1,2863,"{""airtime_us"": 1316}"
9541316,packet_delivered,1,2863,"{""latency_us"": 1318}"
9542500,voice_frame_generated,2,2864,"{""sequence"": 477}"
9542500,tx_start,2,2864,"{""airtime_us"": 1316}"
9543816,packet_delivered,2,2864,"{""latency_us"": 1318}"
9545000,voice_frame_generated,3,2865,"{""sequence"": 477}"
9545000,tx_start,3,2865,"{""airtime_us"": 1316}"
9546316,packet_delivered,3,2865,"{""latency_us"": 1318}"
9547500,voice_frame_generated,4,2866,"{""sequence"": 477}"
9547500,tx_start,4,2866,"{""airtime_us"": 1316}"
9548816,packet_delivered,4,2866,"{""latency_us"": 1318}"
9550000,voice_frame_generated,5,2867,"{""sequence"": 477}"
9550000,tx_start,5,2867,"{""airtime_us"": 1316}"
9551316,packet_delivered,5,2867,"{""latency_us"": 1318}"
9552500,voice_frame_generated,6,2868,"{""sequence"": 477}"
9552500,tx_start,6,2868,"{""airtime_us"": 1316}"
9553816,packet_delivered,6,2868,"{""latency_us"": 1318}"
9560000,voice_frame_generated,1,2869,"{""sequence"": 478}"
9560000,tx_start,1,2869,"{""airtime_us"": 1316}"
9561316,packet_delivered,1,2869,"{""latency_us"": 1318}"
9562500,voice_frame_generated,2,2870,"{""sequence"": 478}"
9562500,tx_start,2,2870,"{""airtime_us"": 1316}"
9563816,packet_delivered,2,2870,"{""latency_us"": 1318}"
9565000,voice_frame_generated,3,2871,"{""sequence"": 478}"
9565000,tx_start,3,2871,"{""airtime_us"": 1316}"
9566316,packet_delivered,3,2871,"{""latency_us"": 1318}"
9567500,voice_frame_generated,4,2872,"{""sequence"": 478}"
9567500,tx_start,4,2872,"{""airtime_us"": 1316}"
9568816,packet_delivered,4,2872,"{""latency_us"": 1318}"
9570000,voice_frame_generated,5,2873,"{""sequence"": 478}"
9570000,tx_start,5,2873,"{""airtime_us"": 1316}"
9571316,packet_delivered,5,2873,"{""latency_us"": 1318}"
9572500,voice_frame_generated,6,2874,"{""sequence"": 478}"
9572500,tx_start,6,2874,"{""airtime_us"": 1316}"
9573816,packet_delivered,6,2874,"{""latency_us"": 1318}"
9580000,voice_frame_generated,1,2875,"{""sequence"": 479}"
9580000,tx_start,1,2875,"{""airtime_us"": 1316}"
9581316,packet_delivered,1,2875,"{""latency_us"": 1318}"
9582500,voice_frame_generated,2,2876,"{""sequence"": 479}"
9582500,tx_start,2,2876,"{""airtime_us"": 1316}"
9583816,packet_delivered,2,2876,"{""latency_us"": 1318}"
9585000,voice_frame_generated,3,2877,"{""sequence"": 479}"
9585000,tx_start,3,2877,"{""airtime_us"": 1316}"
9586316,packet_delivered,3,2877,"{""latency_us"": 1318}"
9587500,voice_frame_generated,4,2878,"{""sequence"": 479}"
9587500,tx_start,4,2878,"{""airtime_us"": 1316}"
9588816,packet_delivered,4,2878,"{""latency_us"": 1318}"
9590000,voice_frame_generated,5,2879,"{""sequence"": 479}"
9590000,tx_start,5,2879,"{""airtime_us"": 1316}"
9591316,packet_delivered,5,2879,"{""latency_us"": 1318}"
9592500,voice_frame_generated,6,2880,"{""sequence"": 479}"
9592500,tx_start,6,2880,"{""airtime_us"": 1316}"
9593816,packet_delivered,6,2880,"{""latency_us"": 1318}"
9600000,voice_frame_generated,1,2881,"{""sequence"": 480}"
9600000,tx_start,1,2881,"{""airtime_us"": 1316}"
9601316,packet_delivered,1,2881,"{""latency_us"": 1318}"
9602500,voice_frame_generated,2,2882,"{""sequence"": 480}"
9602500,tx_start,2,2882,"{""airtime_us"": 1316}"
9603816,packet_delivered,2,2882,"{""latency_us"": 1318}"
9605000,voice_frame_generated,3,2883,"{""sequence"": 480}"
9605000,tx_start,3,2883,"{""airtime_us"": 1316}"
9606316,packet_delivered,3,2883,"{""latency_us"": 1318}"
9607500,voice_frame_generated,4,2884,"{""sequence"": 480}"
9607500,tx_start,4,2884,"{""airtime_us"": 1316}"
9608816,packet_delivered,4,2884,"{""latency_us"": 1318}"
9610000,voice_frame_generated,5,2885,"{""sequence"": 480}"
9610000,tx_start,5,2885,"{""airtime_us"": 1316}"
9611316,packet_delivered,5,2885,"{""latency_us"": 1318}"
9612500,voice_frame_generated,6,2886,"{""sequence"": 480}"
9612500,tx_start,6,2886,"{""airtime_us"": 1316}"
9613816,packet_delivered,6,2886,"{""latency_us"": 1318}"
9620000,voice_frame_generated,1,2887,"{""sequence"": 481}"
9620000,tx_start,1,2887,"{""airtime_us"": 1316}"
9621316,packet_delivered,1,2887,"{""latency_us"": 1318}"
9622500,voice_frame_generated,2,2888,"{""sequence"": 481}"
9622500,tx_start,2,2888,"{""airtime_us"": 1316}"
9623816,packet_delivered,2,2888,"{""latency_us"": 1318}"
9625000,voice_frame_generated,3,2889,"{""sequence"": 481}"
9625000,tx_start,3,2889,"{""airtime_us"": 1316}"
9626316,packet_delivered,3,2889,"{""latency_us"": 1318}"
9627500,voice_frame_generated,4,2890,"{""sequence"": 481}"
9627500,tx_start,4,2890,"{""airtime_us"": 1316}"
9628816,packet_delivered,4,2890,"{""latency_us"": 1318}"
9630000,voice_frame_generated,5,2891,"{""sequence"": 481}"
9630000,tx_start,5,2891,"{""airtime_us"": 1316}"
9631316,packet_delivered,5,2891,"{""latency_us"": 1318}"
9632500,voice_frame_generated,6,2892,"{""sequence"": 481}"
9632500,tx_start,6,2892,"{""airtime_us"": 1316}"
9633816,packet_delivered,6,2892,"{""latency_us"": 1318}"
9640000,voice_frame_generated,1,2893,"{""sequence"": 482}"
9640000,tx_start,1,2893,"{""airtime_us"": 1316}"
9641316,packet_delivered,1,2893,"{""latency_us"": 1318}"
9642500,voice_frame_generated,2,2894,"{""sequence"": 482}"
9642500,tx_start,2,2894,"{""airtime_us"": 1316}"
9643816,packet_delivered,2,2894,"{""latency_us"": 1318}"
9645000,voice_frame_generated,3,2895,"{""sequence"": 482}"
9645000,tx_start,3,2895,"{""airtime_us"": 1316}"
9646316,packet_delivered,3,2895,"{""latency_us"": 1318}"
9647500,voice_frame_generated,4,2896,"{""sequence"": 482}"
9647500,tx_start,4,2896,"{""airtime_us"": 1316}"
9648816,packet_delivered,4,2896,"{""latency_us"": 1318}"
9650000,voice_frame_generated,5,2897,"{""sequence"": 482}"
9650000,tx_start,5,2897,"{""airtime_us"": 1316}"
9651316,packet_delivered,5,2897,"{""latency_us"": 1318}"
9652500,voice_frame_generated,6,2898,"{""sequence"": 482}"
9652500,tx_start,6,2898,"{""airtime_us"": 1316}"
9653816,packet_delivered,6,2898,"{""latency_us"": 1318}"
9660000,voice_frame_generated,1,2899,"{""sequence"": 483}"
9660000,tx_start,1,2899,"{""airtime_us"": 1316}"
9661316,packet_delivered,1,2899,"{""latency_us"": 1318}"
9662500,voice_frame_generated,2,2900,"{""sequence"": 483}"
9662500,tx_start,2,2900,"{""airtime_us"": 1316}"
9663816,packet_delivered,2,2900,"{""latency_us"": 1318}"
9665000,voice_frame_generated,3,2901,"{""sequence"": 483}"
9665000,tx_start,3,2901,"{""airtime_us"": 1316}"
9666316,packet_delivered,3,2901,"{""latency_us"": 1318}"
9667500,voice_frame_generated,4,2902,"{""sequence"": 483}"
9667500,tx_start,4,2902,"{""airtime_us"": 1316}"
9668816,packet_delivered,4,2902,"{""latency_us"": 1318}"
9670000,voice_frame_generated,5,2903,"{""sequence"": 483}"
9670000,tx_start,5,2903,"{""airtime_us"": 1316}"
9671316,packet_delivered,5,2903,"{""latency_us"": 1318}"
9672500,voice_frame_generated,6,2904,"{""sequence"": 483}"
9672500,tx_start,6,2904,"{""airtime_us"": 1316}"
9673816,packet_delivered,6,2904,"{""latency_us"": 1318}"
9680000,voice_frame_generated,1,2905,"{""sequence"": 484}"
9680000,tx_start,1,2905,"{""airtime_us"": 1316}"
9681316,packet_delivered,1,2905,"{""latency_us"": 1318}"
9682500,voice_frame_generated,2,2906,"{""sequence"": 484}"
9682500,tx_start,2,2906,"{""airtime_us"": 1316}"
9683816,packet_delivered,2,2906,"{""latency_us"": 1318}"
9685000,voice_frame_generated,3,2907,"{""sequence"": 484}"
9685000,tx_start,3,2907,"{""airtime_us"": 1316}"
9686316,packet_delivered,3,2907,"{""latency_us"": 1318}"
9687500,voice_frame_generated,4,2908,"{""sequence"": 484}"
9687500,tx_start,4,2908,"{""airtime_us"": 1316}"
9688816,packet_delivered,4,2908,"{""latency_us"": 1318}"
9690000,voice_frame_generated,5,2909,"{""sequence"": 484}"
9690000,tx_start,5,2909,"{""airtime_us"": 1316}"
9691316,packet_delivered,5,2909,"{""latency_us"": 1318}"
9692500,voice_frame_generated,6,2910,"{""sequence"": 484}"
9692500,tx_start,6,2910,"{""airtime_us"": 1316}"
9693816,packet_delivered,6,2910,"{""latency_us"": 1318}"
9700000,voice_frame_generated,1,2911,"{""sequence"": 485}"
9700000,tx_start,1,2911,"{""airtime_us"": 1316}"
9701316,packet_delivered,1,2911,"{""latency_us"": 1318}"
9702500,voice_frame_generated,2,2912,"{""sequence"": 485}"
9702500,tx_start,2,2912,"{""airtime_us"": 1316}"
9703816,packet_delivered,2,2912,"{""latency_us"": 1318}"
9705000,voice_frame_generated,3,2913,"{""sequence"": 485}"
9705000,tx_start,3,2913,"{""airtime_us"": 1316}"
9706316,packet_delivered,3,2913,"{""latency_us"": 1318}"
9707500,voice_frame_generated,4,2914,"{""sequence"": 485}"
9707500,tx_start,4,2914,"{""airtime_us"": 1316}"
9708816,packet_delivered,4,2914,"{""latency_us"": 1318}"
9710000,voice_frame_generated,5,2915,"{""sequence"": 485}"
9710000,tx_start,5,2915,"{""airtime_us"": 1316}"
9711316,packet_delivered,5,2915,"{""latency_us"": 1318}"
9712500,voice_frame_generated,6,2916,"{""sequence"": 485}"
9712500,tx_start,6,2916,"{""airtime_us"": 1316}"
9713816,packet_delivered,6,2916,"{""latency_us"": 1318}"
9720000,voice_frame_generated,1,2917,"{""sequence"": 486}"
9720000,tx_start,1,2917,"{""airtime_us"": 1316}"
9721316,packet_delivered,1,2917,"{""latency_us"": 1318}"
9722500,voice_frame_generated,2,2918,"{""sequence"": 486}"
9722500,tx_start,2,2918,"{""airtime_us"": 1316}"
9723816,packet_delivered,2,2918,"{""latency_us"": 1318}"
9725000,voice_frame_generated,3,2919,"{""sequence"": 486}"
9725000,tx_start,3,2919,"{""airtime_us"": 1316}"
9726316,packet_delivered,3,2919,"{""latency_us"": 1318}"
9727500,voice_frame_generated,4,2920,"{""sequence"": 486}"
9727500,tx_start,4,2920,"{""airtime_us"": 1316}"
9728816,packet_delivered,4,2920,"{""latency_us"": 1318}"
9730000,voice_frame_generated,5,2921,"{""sequence"": 486}"
9730000,tx_start,5,2921,"{""airtime_us"": 1316}"
9731316,packet_delivered,5,2921,"{""latency_us"": 1318}"
9732500,voice_frame_generated,6,2922,"{""sequence"": 486}"
9732500,tx_start,6,2922,"{""airtime_us"": 1316}"
9733816,packet_delivered,6,2922,"{""latency_us"": 1318}"
9740000,voice_frame_generated,1,2923,"{""sequence"": 487}"
9740000,tx_start,1,2923,"{""airtime_us"": 1316}"
9741316,packet_delivered,1,2923,"{""latency_us"": 1318}"
9742500,voice_frame_generated,2,2924,"{""sequence"": 487}"
9742500,tx_start,2,2924,"{""airtime_us"": 1316}"
9743816,packet_delivered,2,2924,"{""latency_us"": 1318}"
9745000,voice_frame_generated,3,2925,"{""sequence"": 487}"
9745000,tx_start,3,2925,"{""airtime_us"": 1316}"
9746316,packet_delivered,3,2925,"{""latency_us"": 1318}"
9747500,voice_frame_generated,4,2926,"{""sequence"": 487}"
9747500,tx_start,4,2926,"{""airtime_us"": 1316}"
9748816,packet_delivered,4,2926,"{""latency_us"": 1318}"
9750000,voice_frame_generated,5,2927,"{""sequence"": 487}"
9750000,tx_start,5,2927,"{""airtime_us"": 1316}"
9751316,packet_delivered,5,2927,"{""latency_us"": 1318}"
9752500,voice_frame_generated,6,2928,"{""sequence"": 487}"
9752500,tx_start,6,2928,"{""airtime_us"": 1316}"
9753816,packet_delivered,6,2928,"{""latency_us"": 1318}"
9760000,voice_frame_generated,1,2929,"{""sequence"": 488}"
9760000,tx_start,1,2929,"{""airtime_us"": 1316}"
9761316,packet_delivered,1,2929,"{""latency_us"": 1318}"
9762500,voice_frame_generated,2,2930,"{""sequence"": 488}"
9762500,tx_start,2,2930,"{""airtime_us"": 1316}"
9763816,packet_delivered,2,2930,"{""latency_us"": 1318}"
9765000,voice_frame_generated,3,2931,"{""sequence"": 488}"
9765000,tx_start,3,2931,"{""airtime_us"": 1316}"
9766316,packet_delivered,3,2931,"{""latency_us"": 1318}"
9767500,voice_frame_generated,4,2932,"{""sequence"": 488}"
9767500,tx_start,4,2932,"{""airtime_us"": 1316}"
9768816,packet_delivered,4,2932,"{""latency_us"": 1318}"
9770000,voice_frame_generated,5,2933,"{""sequence"": 488}"
9770000,tx_start,5,2933,"{""airtime_us"": 1316}"
9771316,packet_delivered,5,2933,"{""latency_us"": 1318}"
9772500,voice_frame_generated,6,2934,"{""sequence"": 488}"
9772500,tx_start,6,2934,"{""airtime_us"": 1316}"
9773816,packet_delivered,6,2934,"{""latency_us"": 1318}"
9780000,voice_frame_generated,1,2935,"{""sequence"": 489}"
9780000,tx_start,1,2935,"{""airtime_us"": 1316}"
9781316,packet_delivered,1,2935,"{""latency_us"": 1318}"
9782500,voice_frame_generated,2,2936,"{""sequence"": 489}"
9782500,tx_start,2,2936,"{""airtime_us"": 1316}"
9783816,packet_delivered,2,2936,"{""latency_us"": 1318}"
9785000,voice_frame_generated,3,2937,"{""sequence"": 489}"
9785000,tx_start,3,2937,"{""airtime_us"": 1316}"
9786316,packet_delivered,3,2937,"{""latency_us"": 1318}"
9787500,voice_frame_generated,4,2938,"{""sequence"": 489}"
9787500,tx_start,4,2938,"{""airtime_us"": 1316}"
9788816,packet_delivered,4,2938,"{""latency_us"": 1318}"
9790000,voice_frame_generated,5,2939,"{""sequence"": 489}"
9790000,tx_start,5,2939,"{""airtime_us"": 1316}"
9791316,packet_delivered,5,2939,"{""latency_us"": 1318}"
9792500,voice_frame_generated,6,2940,"{""sequence"": 489}"
9792500,tx_start,6,2940,"{""airtime_us"": 1316}"
9793816,packet_delivered,6,2940,"{""latency_us"": 1318}"
9800000,voice_frame_generated,1,2941,"{""sequence"": 490}"
9800000,tx_start,1,2941,"{""airtime_us"": 1316}"
9801316,packet_delivered,1,2941,"{""latency_us"": 1318}"
9802500,voice_frame_generated,2,2942,"{""sequence"": 490}"
9802500,tx_start,2,2942,"{""airtime_us"": 1316}"
9803816,packet_delivered,2,2942,"{""latency_us"": 1318}"
9805000,voice_frame_generated,3,2943,"{""sequence"": 490}"
9805000,tx_start,3,2943,"{""airtime_us"": 1316}"
9806316,packet_delivered,3,2943,"{""latency_us"": 1318}"
9807500,voice_frame_generated,4,2944,"{""sequence"": 490}"
9807500,tx_start,4,2944,"{""airtime_us"": 1316}"
9808816,packet_delivered,4,2944,"{""latency_us"": 1318}"
9810000,voice_frame_generated,5,2945,"{""sequence"": 490}"
9810000,tx_start,5,2945,"{""airtime_us"": 1316}"
9811316,packet_delivered,5,2945,"{""latency_us"": 1318}"
9812500,voice_frame_generated,6,2946,"{""sequence"": 490}"
9812500,tx_start,6,2946,"{""airtime_us"": 1316}"
9813816,packet_delivered,6,2946,"{""latency_us"": 1318}"
9820000,voice_frame_generated,1,2947,"{""sequence"": 491}"
9820000,tx_start,1,2947,"{""airtime_us"": 1316}"
9821316,packet_delivered,1,2947,"{""latency_us"": 1318}"
9822500,voice_frame_generated,2,2948,"{""sequence"": 491}"
9822500,tx_start,2,2948,"{""airtime_us"": 1316}"
9823816,packet_delivered,2,2948,"{""latency_us"": 1318}"
9825000,voice_frame_generated,3,2949,"{""sequence"": 491}"
9825000,tx_start,3,2949,"{""airtime_us"": 1316}"
9826316,packet_delivered,3,2949,"{""latency_us"": 1318}"
9827500,voice_frame_generated,4,2950,"{""sequence"": 491}"
9827500,tx_start,4,2950,"{""airtime_us"": 1316}"
9828816,packet_delivered,4,2950,"{""latency_us"": 1318}"
9830000,voice_frame_generated,5,2951,"{""sequence"": 491}"
9830000,tx_start,5,2951,"{""airtime_us"": 1316}"
9831316,packet_delivered,5,2951,"{""latency_us"": 1318}"
9832500,voice_frame_generated,6,2952,"{""sequence"": 491}"
9832500,tx_start,6,2952,"{""airtime_us"": 1316}"
9833816,packet_delivered,6,2952,"{""latency_us"": 1318}"
9840000,voice_frame_generated,1,2953,"{""sequence"": 492}"
9840000,tx_start,1,2953,"{""airtime_us"": 1316}"
9841316,packet_delivered,1,2953,"{""latency_us"": 1318}"
9842500,voice_frame_generated,2,2954,"{""sequence"": 492}"
9842500,tx_start,2,2954,"{""airtime_us"": 1316}"
9843816,packet_delivered,2,2954,"{""latency_us"": 1318}"
9845000,voice_frame_generated,3,2955,"{""sequence"": 492}"
9845000,tx_start,3,2955,"{""airtime_us"": 1316}"
9846316,packet_delivered,3,2955,"{""latency_us"": 1318}"
9847500,voice_frame_generated,4,2956,"{""sequence"": 492}"
9847500,tx_start,4,2956,"{""airtime_us"": 1316}"
9848816,packet_delivered,4,2956,"{""latency_us"": 1318}"
9850000,voice_frame_generated,5,2957,"{""sequence"": 492}"
9850000,tx_start,5,2957,"{""airtime_us"": 1316}"
9851316,packet_delivered,5,2957,"{""latency_us"": 1318}"
9852500,voice_frame_generated,6,2958,"{""sequence"": 492}"
9852500,tx_start,6,2958,"{""airtime_us"": 1316}"
9853816,packet_delivered,6,2958,"{""latency_us"": 1318}"
9860000,voice_frame_generated,1,2959,"{""sequence"": 493}"
9860000,tx_start,1,2959,"{""airtime_us"": 1316}"
9861316,packet_delivered,1,2959,"{""latency_us"": 1318}"
9862500,voice_frame_generated,2,2960,"{""sequence"": 493}"
9862500,tx_start,2,2960,"{""airtime_us"": 1316}"
9863816,packet_delivered,2,2960,"{""latency_us"": 1318}"
9865000,voice_frame_generated,3,2961,"{""sequence"": 493}"
9865000,tx_start,3,2961,"{""airtime_us"": 1316}"
9866316,packet_delivered,3,2961,"{""latency_us"": 1318}"
9867500,voice_frame_generated,4,2962,"{""sequence"": 493}"
9867500,tx_start,4,2962,"{""airtime_us"": 1316}"
9868816,packet_delivered,4,2962,"{""latency_us"": 1318}"
9870000,voice_frame_generated,5,2963,"{""sequence"": 493}"
9870000,tx_start,5,2963,"{""airtime_us"": 1316}"
9871316,packet_delivered,5,2963,"{""latency_us"": 1318}"
9872500,voice_frame_generated,6,2964,"{""sequence"": 493}"
9872500,tx_start,6,2964,"{""airtime_us"": 1316}"
9873816,packet_delivered,6,2964,"{""latency_us"": 1318}"
9880000,voice_frame_generated,1,2965,"{""sequence"": 494}"
9880000,tx_start,1,2965,"{""airtime_us"": 1316}"
9881316,packet_delivered,1,2965,"{""latency_us"": 1318}"
9882500,voice_frame_generated,2,2966,"{""sequence"": 494}"
9882500,tx_start,2,2966,"{""airtime_us"": 1316}"
9883816,packet_delivered,2,2966,"{""latency_us"": 1318}"
9885000,voice_frame_generated,3,2967,"{""sequence"": 494}"
9885000,tx_start,3,2967,"{""airtime_us"": 1316}"
9886316,packet_delivered,3,2967,"{""latency_us"": 1318}"
9887500,voice_frame_generated,4,2968,"{""sequence"": 494}"
9887500,tx_start,4,2968,"{""airtime_us"": 1316}"
9888816,packet_delivered,4,2968,"{""latency_us"": 1318}"
9890000,voice_frame_generated,5,2969,"{""sequence"": 494}"
9890000,tx_start,5,2969,"{""airtime_us"": 1316}"
9891316,packet_delivered,5,2969,"{""latency_us"": 1318}"
9892500,voice_frame_generated,6,2970,"{""sequence"": 494}"
9892500,tx_start,6,2970,"{""airtime_us"": 1316}"
9893816,packet_delivered,6,2970,"{""latency_us"": 1318}"
9900000,voice_frame_generated,1,2971,"{""sequence"": 495}"
9900000,tx_start,1,2971,"{""airtime_us"": 1316}"
9901316,packet_delivered,1,2971,"{""latency_us"": 1318}"
9902500,voice_frame_generated,2,2972,"{""sequence"": 495}"
9902500,tx_start,2,2972,"{""airtime_us"": 1316}"
9903816,packet_delivered,2,2972,"{""latency_us"": 1318}"
9905000,voice_frame_generated,3,2973,"{""sequence"": 495}"
9905000,tx_start,3,2973,"{""airtime_us"": 1316}"
9906316,packet_delivered,3,2973,"{""latency_us"": 1318}"
9907500,voice_frame_generated,4,2974,"{""sequence"": 495}"
9907500,tx_start,4,2974,"{""airtime_us"": 1316}"
9908816,packet_delivered,4,2974,"{""latency_us"": 1318}"
9910000,voice_frame_generated,5,2975,"{""sequence"": 495}"
9910000,tx_start,5,2975,"{""airtime_us"": 1316}"
9911316,packet_delivered,5,2975,"{""latency_us"": 1318}"
9912500,voice_frame_generated,6,2976,"{""sequence"": 495}"
9912500,tx_start,6,2976,"{""airtime_us"": 1316}"
9913816,packet_delivered,6,2976,"{""latency_us"": 1318}"
9920000,voice_frame_generated,1,2977,"{""sequence"": 496}"
9920000,tx_start,1,2977,"{""airtime_us"": 1316}"
9921316,packet_delivered,1,2977,"{""latency_us"": 1318}"
9922500,voice_frame_generated,2,2978,"{""sequence"": 496}"
9922500,tx_start,2,2978,"{""airtime_us"": 1316}"
9923816,packet_delivered,2,2978,"{""latency_us"": 1318}"
9925000,voice_frame_generated,3,2979,"{""sequence"": 496}"
9925000,tx_start,3,2979,"{""airtime_us"": 1316}"
9926316,packet_delivered,3,2979,"{""latency_us"": 1318}"
9927500,voice_frame_generated,4,2980,"{""sequence"": 496}"
9927500,tx_start,4,2980,"{""airtime_us"": 1316}"
9928816,packet_delivered,4,2980,"{""latency_us"": 1318}"
9930000,voice_frame_generated,5,2981,"{""sequence"": 496}"
9930000,tx_start,5,2981,"{""airtime_us"": 1316}"
9931316,packet_delivered,5,2981,"{""latency_us"": 1318}"
9932500,voice_frame_generated,6,2982,"{""sequence"": 496}"
9932500,tx_start,6,2982,"{""airtime_us"": 1316}"
9933816,packet_delivered,6,2982,"{""latency_us"": 1318}"
9940000,voice_frame_generated,1,2983,"{""sequence"": 497}"
9940000,tx_start,1,2983,"{""airtime_us"": 1316}"
9941316,packet_delivered,1,2983,"{""latency_us"": 1318}"
9942500,voice_frame_generated,2,2984,"{""sequence"": 497}"
9942500,tx_start,2,2984,"{""airtime_us"": 1316}"
9943816,packet_delivered,2,2984,"{""latency_us"": 1318}"
9945000,voice_frame_generated,3,2985,"{""sequence"": 497}"
9945000,tx_start,3,2985,"{""airtime_us"": 1316}"
9946316,packet_delivered,3,2985,"{""latency_us"": 1318}"
9947500,voice_frame_generated,4,2986,"{""sequence"": 497}"
9947500,tx_start,4,2986,"{""airtime_us"": 1316}"
9948816,packet_delivered,4,2986,"{""latency_us"": 1318}"
9950000,voice_frame_generated,5,2987,"{""sequence"": 497}"
9950000,tx_start,5,2987,"{""airtime_us"": 1316}"
9951316,packet_delivered,5,2987,"{""latency_us"": 1318}"
9952500,voice_frame_generated,6,2988,"{""sequence"": 497}"
9952500,tx_start,6,2988,"{""airtime_us"": 1316}"
9953816,packet_delivered,6,2988,"{""latency_us"": 1318}"
9960000,voice_frame_generated,1,2989,"{""sequence"": 498}"
9960000,tx_start,1,2989,"{""airtime_us"": 1316}"
9961316,packet_delivered,1,2989,"{""latency_us"": 1318}"
9962500,voice_frame_generated,2,2990,"{""sequence"": 498}"
9962500,tx_start,2,2990,"{""airtime_us"": 1316}"
9963816,packet_delivered,2,2990,"{""latency_us"": 1318}"
9965000,voice_frame_generated,3,2991,"{""sequence"": 498}"
9965000,tx_start,3,2991,"{""airtime_us"": 1316}"
9966316,packet_delivered,3,2991,"{""latency_us"": 1318}"
9967500,voice_frame_generated,4,2992,"{""sequence"": 498}"
9967500,tx_start,4,2992,"{""airtime_us"": 1316}"
9968816,packet_delivered,4,2992,"{""latency_us"": 1318}"
9970000,voice_frame_generated,5,2993,"{""sequence"": 498}"
9970000,tx_start,5,2993,"{""airtime_us"": 1316}"
9971316,packet_delivered,5,2993,"{""latency_us"": 1318}"
9972500,voice_frame_generated,6,2994,"{""sequence"": 498}"
9972500,tx_start,6,2994,"{""airtime_us"": 1316}"
9973816,packet_delivered,6,2994,"{""latency_us"": 1318}"
9980000,voice_frame_generated,1,2995,"{""sequence"": 499}"
9980000,tx_start,1,2995,"{""airtime_us"": 1316}"
9981316,packet_delivered,1,2995,"{""latency_us"": 1318}"
9982500,voice_frame_generated,2,2996,"{""sequence"": 499}"
9982500,tx_start,2,2996,"{""airtime_us"": 1316}"
9983816,packet_delivered,2,2996,"{""latency_us"": 1318}"
9985000,voice_frame_generated,3,2997,"{""sequence"": 499}"
9985000,tx_start,3,2997,"{""airtime_us"": 1316}"
9986316,packet_delivered,3,2997,"{""latency_us"": 1318}"
9987500,voice_frame_generated,4,2998,"{""sequence"": 499}"
9987500,tx_start,4,2998,"{""airtime_us"": 1316}"
9988816,packet_delivered,4,2998,"{""latency_us"": 1318}"
9990000,voice_frame_generated,5,2999,"{""sequence"": 499}"
9990000,tx_start,5,2999,"{""airtime_us"": 1316}"
9991316,packet_delivered,5,2999,"{""latency_us"": 1318}"
9992500,voice_frame_generated,6,3000,"{""sequence"": 499}"
9992500,tx_start,6,3000,"{""airtime_us"": 1316}"
9993816,packet_delivered,6,3000,"{""latency_us"": 1318}"
